rsid	beta_exp	se_exp	beta_out	se_out	eaf	n_exp	n_out	f	p_exp	p_out	pair_key	direction	exposure	outcome	binary_exp	binary_out
rs1900003	-0.0867574	0.00738095	0.028069	0.0105402	0.234821	50630.0	184305.0	138.16197411277477	6.71746e-32	0.0077435	ret_rnfl_left__sys_cad_nikpay2015	ret_rnfl_left_to_sys_cad_nikpay2015	ret_rnfl_left	sys_cad_nikpay2015	False	True
rs7148979	0.108074	0.00961982	-0.008483	0.0138881	0.119507	50838.0	184305.0	126.21429905289935	2.76006e-29	0.5413239	ret_rnfl_left__sys_cad_nikpay2015	ret_rnfl_left_to_sys_cad_nikpay2015	ret_rnfl_left	sys_cad_nikpay2015	False	True
rs112364254	-0.0724025	0.00653712	0.013232	0.0109323	0.355657	50761.0	184305.0	122.6688263366654	1.648e-28	0.2261415	ret_rnfl_left__sys_cad_nikpay2015	ret_rnfl_left_to_sys_cad_nikpay2015	ret_rnfl_left	sys_cad_nikpay2015	False	True
rs7950415	0.0501916	0.00624175	0.009255	0.0093192	0.47752	50757.0	184305.0	64.66203088474914	8.89132e-16	0.3206548	ret_rnfl_left__sys_cad_nikpay2015	ret_rnfl_left_to_sys_cad_nikpay2015	ret_rnfl_left	sys_cad_nikpay2015	False	True
rs377614	-0.0479174	0.00633675	-0.009597	0.009506	0.419055	50349.0	184305.0	57.18121029315763	3.97429e-14	0.3127009	ret_rnfl_left__sys_cad_nikpay2015	ret_rnfl_left_to_sys_cad_nikpay2015	ret_rnfl_left	sys_cad_nikpay2015	False	True
rs7598246	0.0424182	0.00637861	-0.013734	0.0097982	0.414282	50357.0	184305.0	44.22342474392325	2.92954e-11	0.1610102	ret_rnfl_left__sys_cad_nikpay2015	ret_rnfl_left_to_sys_cad_nikpay2015	ret_rnfl_left	sys_cad_nikpay2015	False	True
rs62252351	-0.0515963	0.00779855	0.001928	0.0111257	0.199517	50730.0	184305.0	43.77331088015653	3.68703e-11	0.862421	ret_rnfl_left__sys_cad_nikpay2015	ret_rnfl_left_to_sys_cad_nikpay2015	ret_rnfl_left	sys_cad_nikpay2015	False	True
rs1561091	-0.048993	0.00746692	-0.027653	0.0105	0.224849	50814.0	184305.0	43.0511810617045	5.33272e-11	0.0084478	ret_rnfl_left__sys_cad_nikpay2015	ret_rnfl_left_to_sys_cad_nikpay2015	ret_rnfl_left	sys_cad_nikpay2015	False	True
rs17279437	-0.0631189	0.0100624	0.036895	0.0175912	0.106554	50871.0	184305.0	39.34736812580877	3.54692e-10	0.035962	ret_rnfl_left__sys_cad_nikpay2015	ret_rnfl_left_to_sys_cad_nikpay2015	ret_rnfl_left	sys_cad_nikpay2015	False	True
rs149831820	-0.0778527	0.0129123	0.015541	0.0187731	0.0623364	50821.0	184305.0	36.35299044203593	1.64611e-09	0.4077637	ret_rnfl_left__sys_cad_nikpay2015	ret_rnfl_left_to_sys_cad_nikpay2015	ret_rnfl_left	sys_cad_nikpay2015	False	True
rs118186707	-0.113292	0.0187997	-0.012957	0.036286	0.0285848	50394.0	184305.0	36.31588644163262	1.67792e-09	0.7210323	ret_rnfl_left__sys_cad_nikpay2015	ret_rnfl_left_to_sys_cad_nikpay2015	ret_rnfl_left	sys_cad_nikpay2015	False	True
rs12718990	0.0429641	0.00715451	-0.003938	0.01016	0.255965	50673.0	184305.0	36.06215265081519	1.91118e-09	0.698312	ret_rnfl_left__sys_cad_nikpay2015	ret_rnfl_left_to_sys_cad_nikpay2015	ret_rnfl_left	sys_cad_nikpay2015	False	True
rs62135230	0.0401447	0.00682829	0.007042	0.0098982	0.352984	46376.0	184305.0	34.56467825635638	4.12334e-09	0.4768085	ret_rnfl_left__sys_cad_nikpay2015	ret_rnfl_left_to_sys_cad_nikpay2015	ret_rnfl_left	sys_cad_nikpay2015	False	True
rs13261390	0.0379489	0.00665903	0.015756	0.0096049	0.32561	50602.0	184305.0	32.47704003554069	1.20617e-08	0.1009183	ret_rnfl_left__sys_cad_nikpay2015	ret_rnfl_left_to_sys_cad_nikpay2015	ret_rnfl_left	sys_cad_nikpay2015	False	True
rs34085461	-0.0364719	0.00640849	0.014606	0.0096853	0.44436	48562.0	184305.0	32.389582866610056	1.26161e-08	0.1315377	ret_rnfl_left__sys_cad_nikpay2015	ret_rnfl_left_to_sys_cad_nikpay2015	ret_rnfl_left	sys_cad_nikpay2015	False	True
rs12104619	0.0378579	0.00674355	0.007154	0.0104098	0.31228	50602.0	184305.0	31.51634715346074	1.97774e-08	0.4919335	ret_rnfl_left__sys_cad_nikpay2015	ret_rnfl_left_to_sys_cad_nikpay2015	ret_rnfl_left	sys_cad_nikpay2015	False	True
rs2891168	-0.193401	0.0091877	0.00737402	0.00623929	0.511332	184305.0	50847.0	443.1021105119655	2.29e-98	0.237258	ret_rnfl_left__sys_cad_nikpay2015	sys_cad_nikpay2015_to_ret_rnfl_left	sys_cad_nikpay2015	ret_rnfl_left	True	False
rs9349379	-0.131836	0.0096527	-0.00446717	0.00636713	0.568394	184305.0	50871.0	186.5393322937254	1.81e-42	0.48293	ret_rnfl_left__sys_cad_nikpay2015	sys_cad_nikpay2015_to_ret_rnfl_left	sys_cad_nikpay2015	ret_rnfl_left	True	False
rs55730499	-0.316641	0.0242403	-0.00603341	0.0114853	0.943757	184305.0	50804.0	170.631149325991	5.39e-39	0.599364	ret_rnfl_left__sys_cad_nikpay2015	sys_cad_nikpay2015_to_ret_rnfl_left	sys_cad_nikpay2015	ret_rnfl_left	True	False
rs7528419	0.11453	0.011482	0.00299831	0.00751446	0.78582	184305.0	50871.0	99.49549943458682	1.97e-23	0.68989	ret_rnfl_left__sys_cad_nikpay2015	sys_cad_nikpay2015_to_ret_rnfl_left	sys_cad_nikpay2015	ret_rnfl_left	True	False
rs115654617	-0.137846	0.0158314	-0.000665548	0.00933355	0.893038	184305.0	50871.0	75.8140491677371	3.12e-18	0.943153	ret_rnfl_left__sys_cad_nikpay2015	sys_cad_nikpay2015_to_ret_rnfl_left	sys_cad_nikpay2015	ret_rnfl_left	True	False
rs4468572	0.077234	0.0095277	-0.00571075	0.00635565	0.585831	184305.0	50117.0	65.71142838249757	4.44e-16	0.368903	ret_rnfl_left__sys_cad_nikpay2015	sys_cad_nikpay2015_to_ret_rnfl_left	sys_cad_nikpay2015	ret_rnfl_left	True	False
rs10080815	-0.246627	0.0308579	0.0108079	0.0223939	0.972442	184305.0	50871.0	63.87758752148254	1.33e-15	0.629363	ret_rnfl_left__sys_cad_nikpay2015	sys_cad_nikpay2015_to_ret_rnfl_left	sys_cad_nikpay2015	ret_rnfl_left	True	False
rs28451064	-0.127571	0.015952	-0.00601771	0.00966518	0.878814	184305.0	48919.0	63.954872551612944	1.33e-15	0.533536	ret_rnfl_left__sys_cad_nikpay2015	sys_cad_nikpay2015_to_ret_rnfl_left	sys_cad_nikpay2015	ret_rnfl_left	True	False
rs56289821	0.13361	0.0170415	0.0235206	0.00952226	0.899622	184305.0	50869.0	61.46986936967773	4.44e-15	0.0135088	ret_rnfl_left__sys_cad_nikpay2015	sys_cad_nikpay2015_to_ret_rnfl_left	sys_cad_nikpay2015	ret_rnfl_left	True	False
rs1870634	0.075878	0.0097113	0.00183	0.00661377	0.637485	184305.0	50815.0	61.048782809156116	5.55e-15	0.782014	ret_rnfl_left__sys_cad_nikpay2015	sys_cad_nikpay2015_to_ret_rnfl_left	sys_cad_nikpay2015	ret_rnfl_left	True	False
rs9970807	0.12575	0.016695	-0.0109777	0.0108659	0.915097	184305.0	50816.0	56.73396555594931	5e-14	0.312358	ret_rnfl_left__sys_cad_nikpay2015	sys_cad_nikpay2015_to_ret_rnfl_left	sys_cad_nikpay2015	ret_rnfl_left	True	False
rs1412444	-0.066812	0.0096809	0.00200137	0.00659475	0.630869	184305.0	50871.0	47.6296594989335	5.15e-12	0.761525	ret_rnfl_left__sys_cad_nikpay2015	sys_cad_nikpay2015_to_ret_rnfl_left	sys_cad_nikpay2015	ret_rnfl_left	True	False
rs2519093	-0.079704	0.0117524	-0.0235674	0.00797675	0.809128	184305.0	50835.0	45.99462746279435	1.19e-11	0.00313172	ret_rnfl_left__sys_cad_nikpay2015	sys_cad_nikpay2015_to_ret_rnfl_left	sys_cad_nikpay2015	ret_rnfl_left	True	False
rs12202017	0.066813	0.0099612	0.00125625	0.00687962	0.699953	184305.0	50562.0	44.988200858289325	1.98e-11	0.855109	ret_rnfl_left__sys_cad_nikpay2015	sys_cad_nikpay2015_to_ret_rnfl_left	sys_cad_nikpay2015	ret_rnfl_left	True	False
rs2487928	-0.062633	0.0095049	-0.00285108	0.00636114	0.581779	184305.0	49786.0	43.42215007492742	4.41e-11	0.654007	ret_rnfl_left__sys_cad_nikpay2015	sys_cad_nikpay2015_to_ret_rnfl_left	sys_cad_nikpay2015	ret_rnfl_left	True	False
rs2681472	-0.074114	0.0113331	-0.00947197	0.00833156	0.798694	184305.0	50871.0	42.76643652718264	6.17e-11	0.255589	ret_rnfl_left__sys_cad_nikpay2015	sys_cad_nikpay2015_to_ret_rnfl_left	sys_cad_nikpay2015	ret_rnfl_left	True	False
rs2128739	-0.065565	0.0100568	-0.010814	0.00696513	0.676464	184305.0	50636.0	42.50348143656117	7.05e-11	0.120519	ret_rnfl_left__sys_cad_nikpay2015	sys_cad_nikpay2015_to_ret_rnfl_left	sys_cad_nikpay2015	ret_rnfl_left	True	False
rs4420638	-0.091906	0.0140977	0.0089017	0.00798441	0.833964	184305.0	50871.0	42.50022220001871	7.07e-11	0.264899	ret_rnfl_left__sys_cad_nikpay2015	sys_cad_nikpay2015_to_ret_rnfl_left	sys_cad_nikpay2015	ret_rnfl_left	True	False
rs2107595	-0.073415	0.0112951	0.0038509	0.00871831	0.79953	184305.0	50521.0	42.24637461186516	8.05e-11	0.658705	ret_rnfl_left__sys_cad_nikpay2015	sys_cad_nikpay2015_to_ret_rnfl_left	sys_cad_nikpay2015	ret_rnfl_left	True	False
rs11838776	-0.068566	0.0107552	-0.00114524	0.007104	0.736723	184305.0	49093.0	40.642521779048685	1.83e-10	0.871928	ret_rnfl_left__sys_cad_nikpay2015	sys_cad_nikpay2015_to_ret_rnfl_left	sys_cad_nikpay2015	ret_rnfl_left	True	False
rs3918226	-0.133315	0.0221275	0.0141728	0.0117298	0.935485	184305.0	50033.0	36.29888919993962	1.69e-09	0.226945	ret_rnfl_left__sys_cad_nikpay2015	sys_cad_nikpay2015_to_ret_rnfl_left	sys_cad_nikpay2015	ret_rnfl_left	True	False
rs6689306	-0.056012	0.0094061	0.000912756	0.00658365	0.552455	184305.0	47344.0	35.460346672296524	2.6e-09	0.889735	ret_rnfl_left__sys_cad_nikpay2015	sys_cad_nikpay2015_to_ret_rnfl_left	sys_cad_nikpay2015	ret_rnfl_left	True	False
rs1199338	-0.073596	0.0124987	-0.00822798	0.00849569	0.838134	184305.0	50622.0	34.67198718072137	3.9e-09	0.332801	ret_rnfl_left__sys_cad_nikpay2015	sys_cad_nikpay2015_to_ret_rnfl_left	sys_cad_nikpay2015	ret_rnfl_left	True	False
rs56062135	0.069743	0.0118937	-0.00684891	0.00732698	0.794271	184305.0	50760.0	34.38486230152041	4.52e-09	0.349916	ret_rnfl_left__sys_cad_nikpay2015	sys_cad_nikpay2015_to_ret_rnfl_left	sys_cad_nikpay2015	ret_rnfl_left	True	False
rs11191416	0.079249	0.0135252	0.0249592	0.0111266	0.87253	184305.0	50859.0	34.33208585752941	4.65e-09	0.0248839	ret_rnfl_left__sys_cad_nikpay2015	sys_cad_nikpay2015_to_ret_rnfl_left	sys_cad_nikpay2015	ret_rnfl_left	True	False
rs10840293	0.054714	0.009619	0.00591976	0.00634292	0.549821	184305.0	49781.0	32.35467805346482	1.28e-08	0.350672	ret_rnfl_left__sys_cad_nikpay2015	sys_cad_nikpay2015_to_ret_rnfl_left	sys_cad_nikpay2015	ret_rnfl_left	True	False
rs16986953	-0.08516	0.0150265	0.00642861	0.0125466	0.895294	184305.0	50425.0	32.11852806644818	1.45e-08	0.608387	ret_rnfl_left__sys_cad_nikpay2015	sys_cad_nikpay2015_to_ret_rnfl_left	sys_cad_nikpay2015	ret_rnfl_left	True	False
rs56336142	0.066813	0.0118763	0.00305652	0.00771939	0.807262	184305.0	50000.0	31.648973320949015	1.85e-08	0.69214	ret_rnfl_left__sys_cad_nikpay2015	sys_cad_nikpay2015_to_ret_rnfl_left	sys_cad_nikpay2015	ret_rnfl_left	True	False
rs663129	-0.058163	0.0105173	0.0103683	0.00734426	0.743165	184305.0	50865.0	30.583351330344364	3.2e-08	0.158023	ret_rnfl_left__sys_cad_nikpay2015	sys_cad_nikpay2015_to_ret_rnfl_left	sys_cad_nikpay2015	ret_rnfl_left	True	False
rs17087335	-0.060764	0.0111159	-0.000266607	0.00801175	0.785363	184305.0	50601.0	29.88157247129896	4.59e-08	0.973454	ret_rnfl_left__sys_cad_nikpay2015	sys_cad_nikpay2015_to_ret_rnfl_left	sys_cad_nikpay2015	ret_rnfl_left	True	False
rs1900003	-0.0867574	0.00738095	0.0038	0.0118	0.234821	50630.0	440328.0	138.16197411277477	6.71746e-32	0.7495	ret_rnfl_left__sys_stroke_megastroke2018	ret_rnfl_left_to_sys_stroke_megastroke2018	ret_rnfl_left	sys_stroke_megastroke2018	False	True
rs7148979	0.108074	0.00961982	0.0208	0.0169	0.119507	50838.0	440328.0	126.21429905289935	2.76006e-29	0.2185	ret_rnfl_left__sys_stroke_megastroke2018	ret_rnfl_left_to_sys_stroke_megastroke2018	ret_rnfl_left	sys_stroke_megastroke2018	False	True
rs112364254	-0.0724025	0.00653712	0.0056	0.0108	0.355657	50761.0	440328.0	122.6688263366654	1.648e-28	0.6079	ret_rnfl_left__sys_stroke_megastroke2018	ret_rnfl_left_to_sys_stroke_megastroke2018	ret_rnfl_left	sys_stroke_megastroke2018	False	True
rs7950415	0.0501916	0.00624175	-0.0048	0.0102	0.47752	50757.0	440328.0	64.66203088474914	8.89132e-16	0.6395	ret_rnfl_left__sys_stroke_megastroke2018	ret_rnfl_left_to_sys_stroke_megastroke2018	ret_rnfl_left	sys_stroke_megastroke2018	False	True
rs377614	-0.0479174	0.00633675	0.001	0.0104	0.419055	50349.0	440328.0	57.18121029315763	3.97429e-14	0.925	ret_rnfl_left__sys_stroke_megastroke2018	ret_rnfl_left_to_sys_stroke_megastroke2018	ret_rnfl_left	sys_stroke_megastroke2018	False	True
rs7598246	0.0424182	0.00637861	-0.0039	0.0101	0.414282	50357.0	440328.0	44.22342474392325	2.92954e-11	0.6992	ret_rnfl_left__sys_stroke_megastroke2018	ret_rnfl_left_to_sys_stroke_megastroke2018	ret_rnfl_left	sys_stroke_megastroke2018	False	True
rs62252351	-0.0515963	0.00779855	0.0223	0.0135	0.199517	50730.0	440328.0	43.77331088015653	3.68703e-11	0.09893	ret_rnfl_left__sys_stroke_megastroke2018	ret_rnfl_left_to_sys_stroke_megastroke2018	ret_rnfl_left	sys_stroke_megastroke2018	False	True
rs1561091	-0.048993	0.00746692	0.016	0.012	0.224849	50814.0	440328.0	43.0511810617045	5.33272e-11	0.1828	ret_rnfl_left__sys_stroke_megastroke2018	ret_rnfl_left_to_sys_stroke_megastroke2018	ret_rnfl_left	sys_stroke_megastroke2018	False	True
rs17279437	-0.0631189	0.0100624	0.0193	0.0173	0.106554	50871.0	440328.0	39.34736812580877	3.54692e-10	0.2651	ret_rnfl_left__sys_stroke_megastroke2018	ret_rnfl_left_to_sys_stroke_megastroke2018	ret_rnfl_left	sys_stroke_megastroke2018	False	True
rs149831820	-0.0778527	0.0129123	-0.0081	0.0214	0.0623364	50821.0	440328.0	36.35299044203593	1.64611e-09	0.7046	ret_rnfl_left__sys_stroke_megastroke2018	ret_rnfl_left_to_sys_stroke_megastroke2018	ret_rnfl_left	sys_stroke_megastroke2018	False	True
rs118186707	-0.113292	0.0187997	0.0043	0.0304	0.0285848	50394.0	440328.0	36.31588644163262	1.67792e-09	0.8887	ret_rnfl_left__sys_stroke_megastroke2018	ret_rnfl_left_to_sys_stroke_megastroke2018	ret_rnfl_left	sys_stroke_megastroke2018	False	True
rs12718990	0.0429641	0.00715451	0.0106	0.0112	0.255965	50673.0	440328.0	36.06215265081519	1.91118e-09	0.3403	ret_rnfl_left__sys_stroke_megastroke2018	ret_rnfl_left_to_sys_stroke_megastroke2018	ret_rnfl_left	sys_stroke_megastroke2018	False	True
rs62135230	0.0401447	0.00682829	-0.0072	0.0112	0.352984	46376.0	440328.0	34.56467825635638	4.12334e-09	0.5219	ret_rnfl_left__sys_stroke_megastroke2018	ret_rnfl_left_to_sys_stroke_megastroke2018	ret_rnfl_left	sys_stroke_megastroke2018	False	True
rs13261390	0.0379489	0.00665903	0.01	0.0105	0.32561	50602.0	440328.0	32.47704003554069	1.20617e-08	0.338	ret_rnfl_left__sys_stroke_megastroke2018	ret_rnfl_left_to_sys_stroke_megastroke2018	ret_rnfl_left	sys_stroke_megastroke2018	False	True
rs34085461	-0.0364719	0.00640849	-0.0058	0.0102	0.44436	48562.0	440328.0	32.389582866610056	1.26161e-08	0.5699	ret_rnfl_left__sys_stroke_megastroke2018	ret_rnfl_left_to_sys_stroke_megastroke2018	ret_rnfl_left	sys_stroke_megastroke2018	False	True
rs12104619	0.0378579	0.00674355	0.0094	0.0109	0.31228	50602.0	440328.0	31.51634715346074	1.97774e-08	0.388	ret_rnfl_left__sys_stroke_megastroke2018	ret_rnfl_left_to_sys_stroke_megastroke2018	ret_rnfl_left	sys_stroke_megastroke2018	False	True
rs2107595	0.0882	0.0132	-0.0038509	0.00871831	0.1673	440328.0	50521.0	44.64669421487603	2.328e-11	0.658705	ret_rnfl_left__sys_stroke_megastroke2018	sys_stroke_megastroke2018_to_ret_rnfl_left	sys_stroke_megastroke2018	ret_rnfl_left	True	False
rs11242678	0.0723	0.0114	0.00850973	0.00717275	0.255	440328.0	50843.0	40.22229916897507	2.703e-10	0.235466	ret_rnfl_left__sys_stroke_megastroke2018	sys_stroke_megastroke2018_to_ret_rnfl_left	sys_stroke_megastroke2018	ret_rnfl_left	True	False
rs2758612	0.0653	0.0111	-0.0035499	0.00666313	0.6453	440328.0	48696.0	34.60831101371642	3.677e-09	0.594195	ret_rnfl_left__sys_stroke_megastroke2018	sys_stroke_megastroke2018_to_ret_rnfl_left	sys_stroke_megastroke2018	ret_rnfl_left	True	False
rs635634	0.0772	0.0134	0.0236353	0.0080035	0.1921	440328.0	50871.0	33.19135664958788	9.179e-09	0.00314575	ret_rnfl_left__sys_stroke_megastroke2018	sys_stroke_megastroke2018_to_ret_rnfl_left	sys_stroke_megastroke2018	ret_rnfl_left	True	False
rs473238	0.0831	0.0147	-0.0158047	0.00946596	0.1326	440328.0	50716.0	31.957101207830068	1.651e-08	0.0949913	ret_rnfl_left__sys_stroke_megastroke2018	sys_stroke_megastroke2018_to_ret_rnfl_left	sys_stroke_megastroke2018	ret_rnfl_left	True	False
rs4942561	0.0655	0.0116	0.00650702	0.00725382	0.759	440328.0	50727.0	31.883546373365046	1.771e-08	0.369693	ret_rnfl_left__sys_stroke_megastroke2018	sys_stroke_megastroke2018_to_ret_rnfl_left	sys_stroke_megastroke2018	ret_rnfl_left	True	False
rs2066864	0.0634	0.0115	0.00536704	0.00728191	0.2452	440328.0	50861.0	30.39364839319471	3.514e-08	0.4611	ret_rnfl_left__sys_stroke_megastroke2018	sys_stroke_megastroke2018_to_ret_rnfl_left	sys_stroke_megastroke2018	ret_rnfl_left	True	False
rs1900003	-0.0867574	0.00738095	0.014	0.014	0.234821	50630.0	158186.0	138.16197411277477	6.71746e-32	0.3	ret_rnfl_left__sys_t2d_scott2017	ret_rnfl_left_to_sys_t2d_scott2017	ret_rnfl_left	sys_t2d_scott2017	False	True
rs112364254	-0.0724025	0.00653712	-0.0099	0.013	0.355657	50761.0	156106.0	122.6688263366654	1.648e-28	0.45	ret_rnfl_left__sys_t2d_scott2017	ret_rnfl_left_to_sys_t2d_scott2017	ret_rnfl_left	sys_t2d_scott2017	False	True
rs7950415	0.0501916	0.00624175	0.013	0.012	0.47752	50757.0	158185.0	64.66203088474914	8.89132e-16	0.29	ret_rnfl_left__sys_t2d_scott2017	ret_rnfl_left_to_sys_t2d_scott2017	ret_rnfl_left	sys_t2d_scott2017	False	True
rs377614	-0.0479174	0.00633675	-0.01	0.012	0.419055	50349.0	158186.0	57.18121029315763	3.97429e-14	0.4	ret_rnfl_left__sys_t2d_scott2017	ret_rnfl_left_to_sys_t2d_scott2017	ret_rnfl_left	sys_t2d_scott2017	False	True
rs7598246	0.0424182	0.00637861	-0.0012	0.012	0.414282	50357.0	158186.0	44.22342474392325	2.92954e-11	0.92	ret_rnfl_left__sys_t2d_scott2017	ret_rnfl_left_to_sys_t2d_scott2017	ret_rnfl_left	sys_t2d_scott2017	False	True
rs62252351	-0.0515963	0.00779855	-0.018	0.015	0.199517	50730.0	158185.0	43.77331088015653	3.68703e-11	0.23	ret_rnfl_left__sys_t2d_scott2017	ret_rnfl_left_to_sys_t2d_scott2017	ret_rnfl_left	sys_t2d_scott2017	False	True
rs1561091	-0.048993	0.00746692	0.0043	0.015	0.224849	50814.0	158183.0	43.0511810617045	5.33272e-11	0.77	ret_rnfl_left__sys_t2d_scott2017	ret_rnfl_left_to_sys_t2d_scott2017	ret_rnfl_left	sys_t2d_scott2017	False	True
rs17279437	-0.0631189	0.0100624	0.011	0.02	0.106554	50871.0	152598.0	39.34736812580877	3.54692e-10	0.6	ret_rnfl_left__sys_t2d_scott2017	ret_rnfl_left_to_sys_t2d_scott2017	ret_rnfl_left	sys_t2d_scott2017	False	True
rs149831820	-0.0778527	0.0129123	-0.0054	0.026	0.0623364	50821.0	158185.0	36.35299044203593	1.64611e-09	0.83	ret_rnfl_left__sys_t2d_scott2017	ret_rnfl_left_to_sys_t2d_scott2017	ret_rnfl_left	sys_t2d_scott2017	False	True
rs118186707	-0.113292	0.0187997	-0.018	0.038	0.0285848	50394.0	158185.0	36.31588644163262	1.67792e-09	0.63	ret_rnfl_left__sys_t2d_scott2017	ret_rnfl_left_to_sys_t2d_scott2017	ret_rnfl_left	sys_t2d_scott2017	False	True
rs12718990	0.0429641	0.00715451	-0.0068	0.013	0.255965	50673.0	158184.0	36.06215265081519	1.91118e-09	0.61	ret_rnfl_left__sys_t2d_scott2017	ret_rnfl_left_to_sys_t2d_scott2017	ret_rnfl_left	sys_t2d_scott2017	False	True
rs62135230	0.0401447	0.00682829	0.0013	0.013	0.352984	46376.0	158186.0	34.56467825635638	4.12334e-09	0.92	ret_rnfl_left__sys_t2d_scott2017	ret_rnfl_left_to_sys_t2d_scott2017	ret_rnfl_left	sys_t2d_scott2017	False	True
rs34085461	-0.0364719	0.00640849	0.0076	0.013	0.44436	48562.0	158184.0	32.389582866610056	1.26161e-08	0.55	ret_rnfl_left__sys_t2d_scott2017	ret_rnfl_left_to_sys_t2d_scott2017	ret_rnfl_left	sys_t2d_scott2017	False	True
rs12104619	0.0378579	0.00674355	-0.018	0.013	0.31228	50602.0	158186.0	31.51634715346074	1.97774e-08	0.17	ret_rnfl_left__sys_t2d_scott2017	ret_rnfl_left_to_sys_t2d_scott2017	ret_rnfl_left	sys_t2d_scott2017	False	True
rs7903146	0.29	0.013	-0.000670796	0.00685288	NA	158186.0	50871.0	497.6331360946745	9.3e-108	0.922023	ret_rnfl_left__sys_t2d_scott2017	sys_t2d_scott2017_to_ret_rnfl_left	sys_t2d_scott2017	ret_rnfl_left	True	False
rs7451008	-0.17	0.013	0.000855651	0.007098	NA	158185.0	50573.0	171.00591715976336	3.8e-37	0.904049	ret_rnfl_left__sys_t2d_scott2017	sys_t2d_scott2017_to_ret_rnfl_left	sys_t2d_scott2017	ret_rnfl_left	True	False
rs4402960	0.14	0.013	-0.00374716	0.00675334	NA	152598.0	50871.0	115.97633136094676	2.7e-25	0.578991	ret_rnfl_left__sys_t2d_scott2017	sys_t2d_scott2017_to_ret_rnfl_left	sys_t2d_scott2017	ret_rnfl_left	True	False
rs3802177	-0.11	0.013	-0.0101309	0.00677792	NA	158185.0	50871.0	71.59763313609467	1.7e-17	0.134995	ret_rnfl_left__sys_t2d_scott2017	sys_t2d_scott2017_to_ret_rnfl_left	sys_t2d_scott2017	ret_rnfl_left	True	False
rs10965250	-0.14	0.016	0.00387388	0.00824849	NA	158183.0	50871.0	76.5625	2.7e-17	0.638607	ret_rnfl_left__sys_t2d_scott2017	sys_t2d_scott2017_to_ret_rnfl_left	sys_t2d_scott2017	ret_rnfl_left	True	False
rs3821943	0.1	0.012	-0.0104301	0.00629533	NA	158185.0	50035.0	69.44444444444446	4.2e-16	0.0975606	ret_rnfl_left__sys_t2d_scott2017	sys_t2d_scott2017_to_ret_rnfl_left	sys_t2d_scott2017	ret_rnfl_left	True	False
rs2237895	-0.097	0.013	-0.00593074	0.00631177	NA	158185.0	50871.0	55.67455621301775	1.7e-13	0.347406	ret_rnfl_left__sys_t2d_scott2017	sys_t2d_scott2017_to_ret_rnfl_left	sys_t2d_scott2017	ret_rnfl_left	True	False
rs11708067	0.11	0.015	-0.0284542	0.00728621	NA	152598.0	50871.0	53.777777777777786	8.8e-13	9.41456e-05	ret_rnfl_left__sys_t2d_scott2017	sys_t2d_scott2017_to_ret_rnfl_left	sys_t2d_scott2017	ret_rnfl_left	True	False
rs810517	-0.089	0.013	0.00284259	0.00624133	NA	152599.0	50859.0	46.869822485207095	1.3e-12	0.648788	ret_rnfl_left__sys_t2d_scott2017	sys_t2d_scott2017_to_ret_rnfl_left	sys_t2d_scott2017	ret_rnfl_left	True	False
rs11616380	-0.09	0.014	0.00971896	0.00698631	NA	158184.0	50090.0	41.32653061224489	3.9e-11	0.164182	ret_rnfl_left__sys_t2d_scott2017	sys_t2d_scott2017_to_ret_rnfl_left	sys_t2d_scott2017	ret_rnfl_left	True	False
rs429358	0.12	0.019	0.0101066	0.00862938	NA	152543.0	50871.0	39.88919667590028	1.4e-10	0.241522	ret_rnfl_left__sys_t2d_scott2017	sys_t2d_scott2017_to_ret_rnfl_left	sys_t2d_scott2017	ret_rnfl_left	True	False
rs6757251	-0.13	0.021	0.0039866	0.0100071	NA	158186.0	50858.0	38.32199546485261	1.9e-10	0.690351	ret_rnfl_left__sys_t2d_scott2017	sys_t2d_scott2017_to_ret_rnfl_left	sys_t2d_scott2017	ret_rnfl_left	True	False
rs10965223	0.077	0.012	-0.0207778	0.00636734	NA	158183.0	50830.0	41.1736111111111	4e-10	0.00110167	ret_rnfl_left__sys_t2d_scott2017	sys_t2d_scott2017_to_ret_rnfl_left	sys_t2d_scott2017	ret_rnfl_left	True	False
rs11759026	-0.091	0.015	-0.0143985	0.00745662	NA	158185.0	50444.0	36.80444444444444	5.8e-10	0.053487	ret_rnfl_left__sys_t2d_scott2017	sys_t2d_scott2017_to_ret_rnfl_left	sys_t2d_scott2017	ret_rnfl_left	True	False
rs28650790	0.1	0.016	0.00491916	0.00792363	NA	158186.0	50807.0	39.0625	7.4e-10	0.534717	ret_rnfl_left__sys_t2d_scott2017	sys_t2d_scott2017_to_ret_rnfl_left	sys_t2d_scott2017	ret_rnfl_left	True	False
rs231360	0.079	0.013	0.0222506	0.00646475	NA	158185.0	50202.0	36.92899408284024	9.5e-10	0.000577787	ret_rnfl_left__sys_t2d_scott2017	sys_t2d_scott2017_to_ret_rnfl_left	sys_t2d_scott2017	ret_rnfl_left	True	False
rs4238013	-0.099	0.017	-0.00166669	0.00780726	NA	158183.0	50307.0	33.91349480968858	3.6e-09	0.830953	ret_rnfl_left__sys_t2d_scott2017	sys_t2d_scott2017_to_ret_rnfl_left	sys_t2d_scott2017	ret_rnfl_left	True	False
rs76550717	0.096	0.016	0.0119709	0.00860561	NA	158185.0	50107.0	36.0	3.8e-09	0.164208	ret_rnfl_left__sys_t2d_scott2017	sys_t2d_scott2017_to_ret_rnfl_left	sys_t2d_scott2017	ret_rnfl_left	True	False
rs2023681	-0.12	0.021	0.0123834	0.0109469	NA	158183.0	50859.0	32.65306122448979	3.9e-09	0.257962	ret_rnfl_left__sys_t2d_scott2017	sys_t2d_scott2017_to_ret_rnfl_left	sys_t2d_scott2017	ret_rnfl_left	True	False
rs1061810	0.08	0.014	-0.00357572	0.00686504	NA	158185.0	50871.0	32.6530612244898	5.3e-09	0.602465	ret_rnfl_left__sys_t2d_scott2017	sys_t2d_scott2017_to_ret_rnfl_left	sys_t2d_scott2017	ret_rnfl_left	True	False
rs4846569	-0.077	0.013	-0.0116937	0.00687444	NA	158184.0	50506.0	35.082840236686394	8.8e-09	0.0889366	ret_rnfl_left__sys_t2d_scott2017	sys_t2d_scott2017_to_ret_rnfl_left	sys_t2d_scott2017	ret_rnfl_left	True	False
rs10193447	0.071	0.012	-0.00470826	0.00641546	NA	158186.0	49917.0	35.006944444444436	1.3e-08	0.463015	ret_rnfl_left__sys_t2d_scott2017	sys_t2d_scott2017_to_ret_rnfl_left	sys_t2d_scott2017	ret_rnfl_left	True	False
rs2215383	-0.069	0.012	-0.0126088	0.00628959	NA	158184.0	50853.0	33.0625	1.4e-08	0.0449942	ret_rnfl_left__sys_t2d_scott2017	sys_t2d_scott2017_to_ret_rnfl_left	sys_t2d_scott2017	ret_rnfl_left	True	False
rs35352848	0.083	0.015	0.0156923	0.00778149	NA	158185.0	50813.0	30.617777777777786	1.5e-08	0.0437353	ret_rnfl_left__sys_t2d_scott2017	sys_t2d_scott2017_to_ret_rnfl_left	sys_t2d_scott2017	ret_rnfl_left	True	False
rs62530366	-0.076	0.013	-0.00172132	0.00653355	NA	158185.0	49085.0	34.177514792899416	1.9e-08	0.792197	ret_rnfl_left__sys_t2d_scott2017	sys_t2d_scott2017_to_ret_rnfl_left	sys_t2d_scott2017	ret_rnfl_left	True	False
rs9410573	0.073	0.013	0.00279445	0.00634715	NA	158183.0	50117.0	31.53254437869822	2e-08	0.659742	ret_rnfl_left__sys_t2d_scott2017	sys_t2d_scott2017_to_ret_rnfl_left	sys_t2d_scott2017	ret_rnfl_left	True	False
rs4774420	-0.075	0.013	-0.00176881	0.00689988	NA	158185.0	49250.0	33.28402366863905	2.7e-08	0.797678	ret_rnfl_left__sys_t2d_scott2017	sys_t2d_scott2017_to_ret_rnfl_left	sys_t2d_scott2017	ret_rnfl_left	True	False
rs5219	0.068	0.012	0.0168845	0.00652115	NA	158185.0	50871.0	32.111111111111114	4.3e-08	0.00962016	ret_rnfl_left__sys_t2d_scott2017	sys_t2d_scott2017_to_ret_rnfl_left	sys_t2d_scott2017	ret_rnfl_left	True	False
rs1900003	-0.0867574	0.00738095	0.0193	0.0111	0.234821	50630.0	402682.0	138.16197411277477	6.71746e-32	0.08233	ret_rnfl_left__sys_ckd_wuttke2019	ret_rnfl_left_to_sys_ckd_wuttke2019	ret_rnfl_left	sys_ckd_wuttke2019	False	True
rs7148979	0.108074	0.00961982	-0.0025	0.0144	0.119507	50838.0	444846.0	126.21429905289935	2.76006e-29	0.8598	ret_rnfl_left__sys_ckd_wuttke2019	ret_rnfl_left_to_sys_ckd_wuttke2019	ret_rnfl_left	sys_ckd_wuttke2019	False	True
rs112364254	-0.0724025	0.00653712	0.0022	0.0103	0.355657	50761.0	398911.0	122.6688263366654	1.648e-28	0.8276	ret_rnfl_left__sys_ckd_wuttke2019	ret_rnfl_left_to_sys_ckd_wuttke2019	ret_rnfl_left	sys_ckd_wuttke2019	False	True
rs7950415	0.0501916	0.00624175	-0.0175	0.0097	0.47752	50757.0	402682.0	64.66203088474914	8.89132e-16	0.06963	ret_rnfl_left__sys_ckd_wuttke2019	ret_rnfl_left_to_sys_ckd_wuttke2019	ret_rnfl_left	sys_ckd_wuttke2019	False	True
rs377614	-0.0479174	0.00633675	0.0014	0.0097	0.419055	50349.0	402682.0	57.18121029315763	3.97429e-14	0.8815	ret_rnfl_left__sys_ckd_wuttke2019	ret_rnfl_left_to_sys_ckd_wuttke2019	ret_rnfl_left	sys_ckd_wuttke2019	False	True
rs7598246	0.0424182	0.00637861	-0.0018	0.0092	0.414282	50357.0	444916.0	44.22342474392325	2.92954e-11	0.8463	ret_rnfl_left__sys_ckd_wuttke2019	ret_rnfl_left_to_sys_ckd_wuttke2019	ret_rnfl_left	sys_ckd_wuttke2019	False	True
rs62252351	-0.0515963	0.00779855	0.0168	0.0114	0.199517	50730.0	444765.0	43.77331088015653	3.68703e-11	0.1406	ret_rnfl_left__sys_ckd_wuttke2019	ret_rnfl_left_to_sys_ckd_wuttke2019	ret_rnfl_left	sys_ckd_wuttke2019	False	True
rs1561091	-0.048993	0.00746692	-0.0108	0.0112	0.224849	50814.0	440290.0	43.0511810617045	5.33272e-11	0.3309	ret_rnfl_left__sys_ckd_wuttke2019	ret_rnfl_left_to_sys_ckd_wuttke2019	ret_rnfl_left	sys_ckd_wuttke2019	False	True
rs17279437	-0.0631189	0.0100624	0.0247	0.0144	0.106554	50871.0	440107.0	39.34736812580877	3.54692e-10	0.0876	ret_rnfl_left__sys_ckd_wuttke2019	ret_rnfl_left_to_sys_ckd_wuttke2019	ret_rnfl_left	sys_ckd_wuttke2019	False	True
rs149831820	-0.0778527	0.0129123	-0.0027	0.0196	0.0623364	50821.0	444778.0	36.35299044203593	1.64611e-09	0.891	ret_rnfl_left__sys_ckd_wuttke2019	ret_rnfl_left_to_sys_ckd_wuttke2019	ret_rnfl_left	sys_ckd_wuttke2019	False	True
rs118186707	-0.113292	0.0187997	-0.0195	0.0281	0.0285848	50394.0	375867.0	36.31588644163262	1.67792e-09	0.4878	ret_rnfl_left__sys_ckd_wuttke2019	ret_rnfl_left_to_sys_ckd_wuttke2019	ret_rnfl_left	sys_ckd_wuttke2019	False	True
rs12718990	0.0429641	0.00715451	-0.0136	0.0103	0.255965	50673.0	444775.0	36.06215265081519	1.91118e-09	0.1851	ret_rnfl_left__sys_ckd_wuttke2019	ret_rnfl_left_to_sys_ckd_wuttke2019	ret_rnfl_left	sys_ckd_wuttke2019	False	True
rs62135230	0.0401447	0.00682829	0.0058	0.0117	0.352984	46376.0	306905.0	34.56467825635638	4.12334e-09	0.6165	ret_rnfl_left__sys_ckd_wuttke2019	ret_rnfl_left_to_sys_ckd_wuttke2019	ret_rnfl_left	sys_ckd_wuttke2019	False	True
rs13261390	0.0379489	0.00665903	0.0107	0.0096	0.32561	50602.0	444716.0	32.47704003554069	1.20617e-08	0.2652	ret_rnfl_left__sys_ckd_wuttke2019	ret_rnfl_left_to_sys_ckd_wuttke2019	ret_rnfl_left	sys_ckd_wuttke2019	False	True
rs34085461	-0.0364719	0.00640849	0.0105	0.0098	0.44436	48562.0	400232.0	32.389582866610056	1.26161e-08	0.283	ret_rnfl_left__sys_ckd_wuttke2019	ret_rnfl_left_to_sys_ckd_wuttke2019	ret_rnfl_left	sys_ckd_wuttke2019	False	True
rs12104619	0.0378579	0.00674355	0.0077	0.0104	0.31228	50602.0	402682.0	31.51634715346074	1.97774e-08	0.4585	ret_rnfl_left__sys_ckd_wuttke2019	ret_rnfl_left_to_sys_ckd_wuttke2019	ret_rnfl_left	sys_ckd_wuttke2019	False	True
rs77924615	-0.2237	0.0128	0.00488447	0.00800312	0.2	402682.0	49595.0	305.43023681640625	6.383e-69	0.541649	ret_rnfl_left__sys_ckd_wuttke2019	sys_ckd_wuttke2019_to_ret_rnfl_left	sys_ckd_wuttke2019	ret_rnfl_left	True	False
rs10224002	-0.1083	0.0102	-0.0184309	0.00685774	0.72	440290.0	50871.0	112.7344290657439	2.651e-26	0.00719666	ret_rnfl_left__sys_ckd_wuttke2019	sys_ckd_wuttke2019_to_ret_rnfl_left	sys_ckd_wuttke2019	ret_rnfl_left	True	False
rs2484639	-0.0774	0.0092	0.00496082	0.00628598	0.51	438949.0	50571.0	70.77930056710774	2.95e-17	0.430002	ret_rnfl_left__sys_ckd_wuttke2019	sys_ckd_wuttke2019_to_ret_rnfl_left	sys_ckd_wuttke2019	ret_rnfl_left	True	False
rs62300825	-0.0949	0.0116	0.0154336	0.00765821	0.2	444622.0	50364.0	66.92932520808561	2.629e-16	0.0438727	ret_rnfl_left__sys_ckd_wuttke2019	sys_ckd_wuttke2019_to_ret_rnfl_left	sys_ckd_wuttke2019	ret_rnfl_left	True	False
rs17730281	-0.0869	0.011	-0.0102646	0.00744498	0.23	440290.0	50871.0	62.41000000000002	2.677e-15	0.167979	ret_rnfl_left__sys_ckd_wuttke2019	sys_ckd_wuttke2019_to_ret_rnfl_left	sys_ckd_wuttke2019	ret_rnfl_left	True	False
rs35716097	0.0785	0.0105	-0.00981859	0.00679681	0.32	402682.0	50871.0	55.89342403628117	8.202e-14	0.148574	ret_rnfl_left__sys_ckd_wuttke2019	sys_ckd_wuttke2019_to_ret_rnfl_left	sys_ckd_wuttke2019	ret_rnfl_left	True	False
rs700221	-0.0719	0.0098	0.0165414	0.00636462	0.59	402682.0	50525.0	53.82767596834653	2.192e-13	0.00935064	ret_rnfl_left__sys_ckd_wuttke2019	sys_ckd_wuttke2019_to_ret_rnfl_left	sys_ckd_wuttke2019	ret_rnfl_left	True	False
rs7908590	-0.1343	0.0188	-0.00913414	0.0119005	0.93	402682.0	50609.0	51.0312641466727	8.993e-13	0.442758	ret_rnfl_left__sys_ckd_wuttke2019	sys_ckd_wuttke2019_to_ret_rnfl_left	sys_ckd_wuttke2019	ret_rnfl_left	True	False
rs12205178	0.0931	0.014	0.00223909	0.00926822	0.12	444904.0	50734.0	44.222500000000004	3.087e-11	0.8091	ret_rnfl_left__sys_ckd_wuttke2019	sys_ckd_wuttke2019_to_ret_rnfl_left	sys_ckd_wuttke2019	ret_rnfl_left	True	False
rs4871907	-0.0628	0.0097	-0.00785044	0.00653997	0.55	402682.0	47281.0	41.91561271123391	9.909e-11	0.229993	ret_rnfl_left__sys_ckd_wuttke2019	sys_ckd_wuttke2019_to_ret_rnfl_left	sys_ckd_wuttke2019	ret_rnfl_left	True	False
rs77713116	-0.0752	0.0116	-0.00922637	0.00655414	0.65	306905.0	50751.0	42.02615933412605	1.031e-10	0.159215	ret_rnfl_left__sys_ckd_wuttke2019	sys_ckd_wuttke2019_to_ret_rnfl_left	sys_ckd_wuttke2019	ret_rnfl_left	True	False
rs187355703	-0.1987	0.0312	0.00998463	0.0204463	0.98	401575.0	50737.0	40.55893532215648	1.801e-10	0.625312	ret_rnfl_left__sys_ckd_wuttke2019	sys_ckd_wuttke2019_to_ret_rnfl_left	sys_ckd_wuttke2019	ret_rnfl_left	True	False
rs7178881	-0.0544	0.0092	0.000559131	0.00630574	0.41	444846.0	50871.0	34.964083175803395	4.14e-09	0.929344	ret_rnfl_left__sys_ckd_wuttke2019	sys_ckd_wuttke2019_to_ret_rnfl_left	sys_ckd_wuttke2019	ret_rnfl_left	True	False
rs1458038	-0.059	0.01	-0.00620561	0.00690915	0.31	440290.0	50065.0	34.809999999999995	4.206e-09	0.369093	ret_rnfl_left__sys_ckd_wuttke2019	sys_ckd_wuttke2019_to_ret_rnfl_left	sys_ckd_wuttke2019	ret_rnfl_left	True	False
rs2580350	0.055	0.0098	0.00398368	0.00637339	0.55	402682.0	49322.0	31.49729279466889	1.691e-08	0.531939	ret_rnfl_left__sys_ckd_wuttke2019	sys_ckd_wuttke2019_to_ret_rnfl_left	sys_ckd_wuttke2019	ret_rnfl_left	True	False
rs9474801	0.0522	0.0096	-0.0217325	0.00659768	0.34	444725.0	50627.0	29.56640625000001	4.606e-08	0.000987853	ret_rnfl_left__sys_ckd_wuttke2019	sys_ckd_wuttke2019_to_ret_rnfl_left	sys_ckd_wuttke2019	ret_rnfl_left	True	False
rs1900003	-0.0867574	0.00738095	0.0104	0.0167	0.234821	50630.0	63926.0	138.16197411277477	6.71746e-32	0.5348	ret_rnfl_left__sys_ad_kunkle2019	ret_rnfl_left_to_sys_ad_kunkle2019	ret_rnfl_left	sys_ad_kunkle2019	False	True
rs7148979	0.108074	0.00961982	0.0191	0.0224	0.119507	50838.0	63926.0	126.21429905289935	2.76006e-29	0.3946	ret_rnfl_left__sys_ad_kunkle2019	ret_rnfl_left_to_sys_ad_kunkle2019	ret_rnfl_left	sys_ad_kunkle2019	False	True
rs112364254	-0.0724025	0.00653712	-0.0107	0.0158	0.355657	50761.0	63926.0	122.6688263366654	1.648e-28	0.4977	ret_rnfl_left__sys_ad_kunkle2019	ret_rnfl_left_to_sys_ad_kunkle2019	ret_rnfl_left	sys_ad_kunkle2019	False	True
rs7950415	0.0501916	0.00624175	0.0061	0.0144	0.47752	50757.0	63926.0	64.66203088474914	8.89132e-16	0.6729	ret_rnfl_left__sys_ad_kunkle2019	ret_rnfl_left_to_sys_ad_kunkle2019	ret_rnfl_left	sys_ad_kunkle2019	False	True
rs377614	-0.0479174	0.00633675	-0.0111	0.0145	0.419055	50349.0	63926.0	57.18121029315763	3.97429e-14	0.4451	ret_rnfl_left__sys_ad_kunkle2019	ret_rnfl_left_to_sys_ad_kunkle2019	ret_rnfl_left	sys_ad_kunkle2019	False	True
rs7598246	0.0424182	0.00637861	-0.0218	0.0145	0.414282	50357.0	63926.0	44.22342474392325	2.92954e-11	0.1316	ret_rnfl_left__sys_ad_kunkle2019	ret_rnfl_left_to_sys_ad_kunkle2019	ret_rnfl_left	sys_ad_kunkle2019	False	True
rs62252351	-0.0515963	0.00779855	-0.0152	0.0178	0.199517	50730.0	63926.0	43.77331088015653	3.68703e-11	0.3931	ret_rnfl_left__sys_ad_kunkle2019	ret_rnfl_left_to_sys_ad_kunkle2019	ret_rnfl_left	sys_ad_kunkle2019	False	True
rs1561091	-0.048993	0.00746692	0.0071	0.017	0.224849	50814.0	63926.0	43.0511810617045	5.33272e-11	0.6774	ret_rnfl_left__sys_ad_kunkle2019	ret_rnfl_left_to_sys_ad_kunkle2019	ret_rnfl_left	sys_ad_kunkle2019	False	True
rs17279437	-0.0631189	0.0100624	-0.0088	0.0246	0.106554	50871.0	63926.0	39.34736812580877	3.54692e-10	0.7196	ret_rnfl_left__sys_ad_kunkle2019	ret_rnfl_left_to_sys_ad_kunkle2019	ret_rnfl_left	sys_ad_kunkle2019	False	True
rs149831820	-0.0778527	0.0129123	-0.0282	0.0307	0.0623364	50821.0	63926.0	36.35299044203593	1.64611e-09	0.3576	ret_rnfl_left__sys_ad_kunkle2019	ret_rnfl_left_to_sys_ad_kunkle2019	ret_rnfl_left	sys_ad_kunkle2019	False	True
rs118186707	-0.113292	0.0187997	0.0167	0.0465	0.0285848	50394.0	63926.0	36.31588644163262	1.67792e-09	0.7193	ret_rnfl_left__sys_ad_kunkle2019	ret_rnfl_left_to_sys_ad_kunkle2019	ret_rnfl_left	sys_ad_kunkle2019	False	True
rs12718990	0.0429641	0.00715451	-0.0077	0.0162	0.255965	50673.0	63926.0	36.06215265081519	1.91118e-09	0.6359	ret_rnfl_left__sys_ad_kunkle2019	ret_rnfl_left_to_sys_ad_kunkle2019	ret_rnfl_left	sys_ad_kunkle2019	False	True
rs62135230	0.0401447	0.00682829	-0.0123	0.0158	0.352984	46376.0	63926.0	34.56467825635638	4.12334e-09	0.4368	ret_rnfl_left__sys_ad_kunkle2019	ret_rnfl_left_to_sys_ad_kunkle2019	ret_rnfl_left	sys_ad_kunkle2019	False	True
rs13261390	0.0379489	0.00665903	0.0015	0.0154	0.32561	50602.0	63926.0	32.47704003554069	1.20617e-08	0.9227	ret_rnfl_left__sys_ad_kunkle2019	ret_rnfl_left_to_sys_ad_kunkle2019	ret_rnfl_left	sys_ad_kunkle2019	False	True
rs34085461	-0.0364719	0.00640849	0.0158	0.0149	0.44436	48562.0	63926.0	32.389582866610056	1.26161e-08	0.289	ret_rnfl_left__sys_ad_kunkle2019	ret_rnfl_left_to_sys_ad_kunkle2019	ret_rnfl_left	sys_ad_kunkle2019	False	True
rs12104619	0.0378579	0.00674355	-0.0015	0.0158	0.31228	50602.0	63926.0	31.51634715346074	1.97774e-08	0.9243	ret_rnfl_left__sys_ad_kunkle2019	ret_rnfl_left_to_sys_ad_kunkle2019	ret_rnfl_left	sys_ad_kunkle2019	False	True
rs12972156	-0.9653	0.0189	0.00423341	0.00893363	0.864811	63926.0	50195.0	2608.5610425240056	0.0	0.635591	ret_rnfl_left__sys_ad_kunkle2019	sys_ad_kunkle2019_to_ret_rnfl_left	sys_ad_kunkle2019	ret_rnfl_left	True	False
rs117310449	0.9879	0.0691	-0.0693501	0.0295179	0.0149105	63926.0	50814.0	204.3948157099445	2.275e-46	0.0188024	ret_rnfl_left__sys_ad_kunkle2019	sys_ad_kunkle2019_to_ret_rnfl_left	sys_ad_kunkle2019	ret_rnfl_left	True	False
rs6733839	0.1693	0.0154	0.00226782	0.00659937	0.379722	63926.0	47747.0	120.85718502276946	4.022e-28	0.731115	ret_rnfl_left__sys_ad_kunkle2019	sys_ad_kunkle2019_to_ret_rnfl_left	sys_ad_kunkle2019	ret_rnfl_left	True	False
rs867230	0.1333	0.0158	-0.00963131	0.00645795	0.59841	63926.0	49088.0	71.17805640121775	3.492e-17	0.13586	ret_rnfl_left__sys_ad_kunkle2019	sys_ad_kunkle2019_to_ret_rnfl_left	sys_ad_kunkle2019	ret_rnfl_left	True	False
rs1582763	-0.1232	0.0149	0.00111588	0.00644862	0.362823	63926.0	50754.0	68.36737083915139	1.186e-16	0.862619	ret_rnfl_left__sys_ad_kunkle2019	sys_ad_kunkle2019_to_ret_rnfl_left	sys_ad_kunkle2019	ret_rnfl_left	True	False
rs679515	0.1508	0.0183	-0.00959938	0.00817835	0.171968	63926.0	50762.0	67.90480456269222	1.555e-16	0.240493	ret_rnfl_left__sys_ad_kunkle2019	sys_ad_kunkle2019_to_ret_rnfl_left	sys_ad_kunkle2019	ret_rnfl_left	True	False
rs3851179	-0.1198	0.0148	0.00574088	0.0064441	0.37077499999999997	63926.0	50871.0	65.52246165084003	5.809e-16	0.372997	ret_rnfl_left__sys_ad_kunkle2019	sys_ad_kunkle2019_to_ret_rnfl_left	sys_ad_kunkle2019	ret_rnfl_left	True	False
rs117316645	0.2709	0.0349	-0.0115215	0.01555	0.0397614	63926.0	50788.0	60.25140187683186	8.946e-15	0.458734	ret_rnfl_left__sys_ad_kunkle2019	sys_ad_kunkle2019_to_ret_rnfl_left	sys_ad_kunkle2019	ret_rnfl_left	True	False
rs114812713	0.298	0.0431	-0.00711187	0.0201282	0.027833	63926.0	50548.0	47.805513536210505	4.467e-12	0.723842	ret_rnfl_left__sys_ad_kunkle2019	sys_ad_kunkle2019_to_ret_rnfl_left	sys_ad_kunkle2019	ret_rnfl_left	True	False
rs3740688	0.0935	0.0144	0.0146617	0.00627789	0.542744	63926.0	50438.0	42.15977044753086	9.702e-11	0.0195199	ret_rnfl_left__sys_ad_kunkle2019	sys_ad_kunkle2019_to_ret_rnfl_left	sys_ad_kunkle2019	ret_rnfl_left	True	False
rs12151021	0.1071	0.0169	0.00893882	0.00673638	0.33797200000000005	63926.0	49832.0	40.16109379923674	2.562e-10	0.184527	ret_rnfl_left__sys_ad_kunkle2019	sys_ad_kunkle2019_to_ret_rnfl_left	sys_ad_kunkle2019	ret_rnfl_left	True	False
rs73223431	0.0936	0.0153	0.0122831	0.00651305	0.345924	63926.0	50317.0	37.425605536332185	8.342e-10	0.0593061	ret_rnfl_left__sys_ad_kunkle2019	sys_ad_kunkle2019_to_ret_rnfl_left	sys_ad_kunkle2019	ret_rnfl_left	True	False
rs34665982	0.0967	0.0166	0.00583197	0.0063065	0.5099400000000001	63926.0	50139.0	33.93413412686892	5.798e-09	0.355094	ret_rnfl_left__sys_ad_kunkle2019	sys_ad_kunkle2019_to_ret_rnfl_left	sys_ad_kunkle2019	ret_rnfl_left	True	False
rs12590654	-0.0906	0.0157	0.0026489	0.00666377	0.336978	63926.0	49536.0	33.3009858412106	8.729e-09	0.690993	ret_rnfl_left__sys_ad_kunkle2019	sys_ad_kunkle2019_to_ret_rnfl_left	sys_ad_kunkle2019	ret_rnfl_left	True	False
rs11767557	0.1028	0.0182	0.00462634	0.00764613	0.782306	63926.0	50871.0	31.903876343436778	1.561e-08	0.545142	ret_rnfl_left__sys_ad_kunkle2019	sys_ad_kunkle2019_to_ret_rnfl_left	sys_ad_kunkle2019	ret_rnfl_left	True	False
rs1385742	0.0876	0.0157	0.00947867	0.00665307	0.324056	63926.0	48958.0	31.13213517789769	2.232e-08	0.154242	ret_rnfl_left__sys_ad_kunkle2019	sys_ad_kunkle2019_to_ret_rnfl_left	sys_ad_kunkle2019	ret_rnfl_left	True	False
rs11218343	0.2053	0.0369	-0.00530711	0.0160957	0.9572565	63926.0	50836.0	30.95459786576185	2.633e-08	0.74161	ret_rnfl_left__sys_ad_kunkle2019	sys_ad_kunkle2019_to_ret_rnfl_left	sys_ad_kunkle2019	ret_rnfl_left	True	False
rs12416487	-0.085	0.0154	-0.00513775	0.0065861	0.34890699999999997	63926.0	50580.0	30.46466520492495	3.417e-08	0.435338	ret_rnfl_left__sys_ad_kunkle2019	sys_ad_kunkle2019_to_ret_rnfl_left	sys_ad_kunkle2019	ret_rnfl_left	True	False
rs1900003	-0.0867574	0.00738095	0.0191	0.0219	0.234821	50630.0	27693.0	138.16197411277477	6.71746e-32	0.3835	ret_rnfl_left__sys_pd_nalls2019_clinical	ret_rnfl_left_to_sys_pd_nalls2019_clinical	ret_rnfl_left	sys_pd_nalls2019_clinical	False	True
rs7148979	0.108074	0.00961982	-0.0636	0.0312	0.119507	50838.0	27693.0	126.21429905289935	2.76006e-29	0.04144	ret_rnfl_left__sys_pd_nalls2019_clinical	ret_rnfl_left_to_sys_pd_nalls2019_clinical	ret_rnfl_left	sys_pd_nalls2019_clinical	False	True
rs112364254	-0.0724025	0.00653712	0.0236	0.0208	0.355657	50761.0	27693.0	122.6688263366654	1.648e-28	0.2559	ret_rnfl_left__sys_pd_nalls2019_clinical	ret_rnfl_left_to_sys_pd_nalls2019_clinical	ret_rnfl_left	sys_pd_nalls2019_clinical	False	True
rs7950415	0.0501916	0.00624175	0.0057	0.0211	0.47752	50757.0	27693.0	64.66203088474914	8.89132e-16	0.7874	ret_rnfl_left__sys_pd_nalls2019_clinical	ret_rnfl_left_to_sys_pd_nalls2019_clinical	ret_rnfl_left	sys_pd_nalls2019_clinical	False	True
rs377614	-0.0479174	0.00633675	-0.0211	0.0276	0.419055	50349.0	27693.0	57.18121029315763	3.97429e-14	0.4446	ret_rnfl_left__sys_pd_nalls2019_clinical	ret_rnfl_left_to_sys_pd_nalls2019_clinical	ret_rnfl_left	sys_pd_nalls2019_clinical	False	True
rs7598246	0.0424182	0.00637861	-0.002	0.0213	0.414282	50357.0	27693.0	44.22342474392325	2.92954e-11	0.9251	ret_rnfl_left__sys_pd_nalls2019_clinical	ret_rnfl_left_to_sys_pd_nalls2019_clinical	ret_rnfl_left	sys_pd_nalls2019_clinical	False	True
rs62252351	-0.0515963	0.00779855	-0.0341	0.033	0.199517	50730.0	27693.0	43.77331088015653	3.68703e-11	0.301	ret_rnfl_left__sys_pd_nalls2019_clinical	ret_rnfl_left_to_sys_pd_nalls2019_clinical	ret_rnfl_left	sys_pd_nalls2019_clinical	False	True
rs1561091	-0.048993	0.00746692	-0.0032	0.0255	0.224849	50814.0	27693.0	43.0511810617045	5.33272e-11	0.9009	ret_rnfl_left__sys_pd_nalls2019_clinical	ret_rnfl_left_to_sys_pd_nalls2019_clinical	ret_rnfl_left	sys_pd_nalls2019_clinical	False	True
rs17279437	-0.0631189	0.0100624	0.0566	0.0326	0.106554	50871.0	27693.0	39.34736812580877	3.54692e-10	0.08186	ret_rnfl_left__sys_pd_nalls2019_clinical	ret_rnfl_left_to_sys_pd_nalls2019_clinical	ret_rnfl_left	sys_pd_nalls2019_clinical	False	True
rs149831820	-0.0778527	0.0129123	-0.0045	0.0559	0.0623364	50821.0	27693.0	36.35299044203593	1.64611e-09	0.9365	ret_rnfl_left__sys_pd_nalls2019_clinical	ret_rnfl_left_to_sys_pd_nalls2019_clinical	ret_rnfl_left	sys_pd_nalls2019_clinical	False	True
rs118186707	-0.113292	0.0187997	-0.0699	0.077	0.0285848	50394.0	27693.0	36.31588644163262	1.67792e-09	0.364	ret_rnfl_left__sys_pd_nalls2019_clinical	ret_rnfl_left_to_sys_pd_nalls2019_clinical	ret_rnfl_left	sys_pd_nalls2019_clinical	False	True
rs12718990	0.0429641	0.00715451	-0.0142	0.0311	0.255965	50673.0	27693.0	36.06215265081519	1.91118e-09	0.647	ret_rnfl_left__sys_pd_nalls2019_clinical	ret_rnfl_left_to_sys_pd_nalls2019_clinical	ret_rnfl_left	sys_pd_nalls2019_clinical	False	True
rs13261390	0.0379489	0.00665903	0.0006	0.0214	0.32561	50602.0	27693.0	32.47704003554069	1.20617e-08	0.9773	ret_rnfl_left__sys_pd_nalls2019_clinical	ret_rnfl_left_to_sys_pd_nalls2019_clinical	ret_rnfl_left	sys_pd_nalls2019_clinical	False	True
rs34085461	-0.0364719	0.00640849	-0.0237	0.0274	0.44436	48562.0	27693.0	32.389582866610056	1.26161e-08	0.388	ret_rnfl_left__sys_pd_nalls2019_clinical	ret_rnfl_left_to_sys_pd_nalls2019_clinical	ret_rnfl_left	sys_pd_nalls2019_clinical	False	True
rs12104619	0.0378579	0.00674355	0.0132	0.0298	0.31228	50602.0	27693.0	31.51634715346074	1.97774e-08	0.6573	ret_rnfl_left__sys_pd_nalls2019_clinical	ret_rnfl_left_to_sys_pd_nalls2019_clinical	ret_rnfl_left	sys_pd_nalls2019_clinical	False	True
rs356182	-0.2615	0.0215	0.0097635	0.00682954	0.6159	27693.0	47959.0	147.93347755543542	4.933e-34	0.152833	ret_rnfl_left__sys_pd_nalls2019_clinical	sys_pd_nalls2019_clinical_to_ret_rnfl_left	sys_pd_nalls2019_clinical	ret_rnfl_left	True	False
rs35749011	0.6977	0.0806	-0.000557867	0.0255076	0.0212	27693.0	50860.0	74.93200653904645	4.713e-18	0.982551	ret_rnfl_left__sys_pd_nalls2019_clinical	sys_pd_nalls2019_clinical_to_ret_rnfl_left	sys_pd_nalls2019_clinical	ret_rnfl_left	True	False
rs6599388	0.1774	0.0215	-0.0176631	0.0069822	0.3201	27693.0	50545.0	68.08168739859384	1.497e-16	0.0114147	ret_rnfl_left__sys_pd_nalls2019_clinical	sys_pd_nalls2019_clinical_to_ret_rnfl_left	sys_pd_nalls2019_clinical	ret_rnfl_left	True	False
rs4630591	-0.2203	0.0309	0.00598015	0.00783787	0.1954	27693.0	49548.0	50.82905499523464	1.043e-12	0.445474	ret_rnfl_left__sys_pd_nalls2019_clinical	sys_pd_nalls2019_clinical_to_ret_rnfl_left	sys_pd_nalls2019_clinical	ret_rnfl_left	True	False
rs12637471	-0.1659	0.0244	-0.0014767	0.0079472	0.1801	27693.0	50829.0	46.22885313087879	9.784e-12	0.852591	ret_rnfl_left__sys_pd_nalls2019_clinical	sys_pd_nalls2019_clinical_to_ret_rnfl_left	sys_pd_nalls2019_clinical	ret_rnfl_left	True	False
rs10847864	0.1317	0.0199	-0.0156712	0.0065376	0.365	27693.0	50871.0	43.799121234312274	3.775e-11	0.0165257	ret_rnfl_left__sys_pd_nalls2019_clinical	sys_pd_nalls2019_clinical_to_ret_rnfl_left	sys_pd_nalls2019_clinical	ret_rnfl_left	True	False
rs4613239	-0.1808	0.0276	-0.00483418	0.00967295	0.8643	27693.0	50408.0	42.91199327872295	5.964e-11	0.617242	ret_rnfl_left__sys_pd_nalls2019_clinical	sys_pd_nalls2019_clinical_to_ret_rnfl_left	sys_pd_nalls2019_clinical	ret_rnfl_left	True	False
rs75646569	-0.184	0.0295	-0.0169587	0.0107125	0.8847	27693.0	50773.0	38.90376328641195	4.386e-10	0.113404	ret_rnfl_left__sys_pd_nalls2019_clinical	sys_pd_nalls2019_clinical_to_ret_rnfl_left	sys_pd_nalls2019_clinical	ret_rnfl_left	True	False
rs4588066	0.1148	0.0198	0.00156721	0.00673633	0.3285	27693.0	50821.0	33.61656973778185	6.863e-09	0.816033	ret_rnfl_left__sys_pd_nalls2019_clinical	sys_pd_nalls2019_clinical_to_ret_rnfl_left	sys_pd_nalls2019_clinical	ret_rnfl_left	True	False
rs510306	0.1054	0.0187	0.00393501	0.00632833	0.472	27693.0	49788.0	31.768595041322307	1.814e-08	0.534068	ret_rnfl_left__sys_pd_nalls2019_clinical	sys_pd_nalls2019_clinical_to_ret_rnfl_left	sys_pd_nalls2019_clinical	ret_rnfl_left	True	False
rs1900003	-0.0867574	0.00738095	-0.01005033585350145	0.024209396659122473	0.234821	50630.0	14267.0	138.16197411277477	6.71746e-32	0.678038	ret_rnfl_left__sys_sle_bentham2015	ret_rnfl_left_to_sys_sle_bentham2015	ret_rnfl_left	sys_sle_bentham2015	False	True
rs7148979	0.108074	0.00961982	0.01980262729617973	0.03672259831555289	0.119507	50838.0	14267.0	126.21429905289935	2.76006e-29	0.589715	ret_rnfl_left__sys_sle_bentham2015	ret_rnfl_left_to_sys_sle_bentham2015	ret_rnfl_left	sys_sle_bentham2015	False	True
rs112364254	-0.0724025	0.00653712	-0.01005033585350145	0.027657612660439094	0.355657	50761.0	14267.0	122.6688263366654	1.648e-28	0.716318	ret_rnfl_left__sys_sle_bentham2015	ret_rnfl_left_to_sys_sle_bentham2015	ret_rnfl_left	sys_sle_bentham2015	False	True
rs7950415	0.0501916	0.00624175	-0.020202707317519466	0.037040673455199985	0.47752	50757.0	14267.0	64.66203088474914	8.89132e-16	0.585465	ret_rnfl_left__sys_sle_bentham2015	ret_rnfl_left_to_sys_sle_bentham2015	ret_rnfl_left	sys_sle_bentham2015	False	True
rs377614	-0.0479174	0.00633675	-0.040821994520255166	0.03205470165232295	0.419055	50349.0	14267.0	57.18121029315763	3.97429e-14	0.202837	ret_rnfl_left__sys_sle_bentham2015	ret_rnfl_left_to_sys_sle_bentham2015	ret_rnfl_left	sys_sle_bentham2015	False	True
rs7598246	0.0424182	0.00637861	0.02955880224154443	0.029723656379234485	0.414282	50357.0	14267.0	44.22342474392325	2.92954e-11	0.320002	ret_rnfl_left__sys_sle_bentham2015	ret_rnfl_left_to_sys_sle_bentham2015	ret_rnfl_left	sys_sle_bentham2015	False	True
rs62252351	-0.0515963	0.00779855	-0.10536051565782628	0.03686126601907102	0.199517	50730.0	14267.0	43.77331088015653	3.68703e-11	0.00425919	ret_rnfl_left__sys_sle_bentham2015	ret_rnfl_left_to_sys_sle_bentham2015	ret_rnfl_left	sys_sle_bentham2015	False	True
rs1561091	-0.048993	0.00746692	0.04879016416943205	0.031168779555793995	0.224849	50814.0	14267.0	43.0511810617045	5.33272e-11	0.1175	ret_rnfl_left__sys_sle_bentham2015	ret_rnfl_left_to_sys_sle_bentham2015	ret_rnfl_left	sys_sle_bentham2015	False	True
rs149831820	-0.0778527	0.0129123	0.08617769624105241	0.0540642484035097	0.0623364	50821.0	14267.0	36.35299044203593	1.64611e-09	0.11093900000000001	ret_rnfl_left__sys_sle_bentham2015	ret_rnfl_left_to_sys_sle_bentham2015	ret_rnfl_left	sys_sle_bentham2015	False	True
rs118186707	-0.113292	0.0187997	-0.10536051565782628	0.10255420147246838	0.0285848	50394.0	14267.0	36.31588644163262	1.67792e-09	0.304249	ret_rnfl_left__sys_sle_bentham2015	ret_rnfl_left_to_sys_sle_bentham2015	ret_rnfl_left	sys_sle_bentham2015	False	True
rs12718990	0.0429641	0.00715451	-0.020202707317519466	0.02777592254646387	0.255965	50673.0	14267.0	36.06215265081519	1.91118e-09	0.46701400000000004	ret_rnfl_left__sys_sle_bentham2015	ret_rnfl_left_to_sys_sle_bentham2015	ret_rnfl_left	sys_sle_bentham2015	False	True
rs62135230	0.0401447	0.00682829	-0.040821994520255166	0.028810351431358558	0.352984	46376.0	14267.0	34.56467825635638	4.12334e-09	0.156506	ret_rnfl_left__sys_sle_bentham2015	ret_rnfl_left_to_sys_sle_bentham2015	ret_rnfl_left	sys_sle_bentham2015	False	True
rs13261390	0.0379489	0.00665903	0.058268908123975824	0.02796684272461128	0.32561	50602.0	14267.0	32.47704003554069	1.20617e-08	0.037205699999999994	ret_rnfl_left__sys_sle_bentham2015	ret_rnfl_left_to_sys_sle_bentham2015	ret_rnfl_left	sys_sle_bentham2015	False	True
rs34085461	-0.0364719	0.00640849	-0.05129329438755058	0.03206213987479831	0.44436	48562.0	14267.0	32.389582866610056	1.26161e-08	0.109641	ret_rnfl_left__sys_sle_bentham2015	ret_rnfl_left_to_sys_sle_bentham2015	ret_rnfl_left	sys_sle_bentham2015	False	True
rs12104619	0.0378579	0.00674355	-0.07257069283483537	0.033425035393893306	0.31228	50602.0	14267.0	31.51634715346074	1.97774e-08	0.02992	ret_rnfl_left__sys_sle_bentham2015	ret_rnfl_left_to_sys_sle_bentham2015	ret_rnfl_left	sys_sle_bentham2015	False	True
rs1270942	0.9282193027394288	0.04338217483584476	-0.00695338	0.00928426	0.0725646	14267.0	50871.0	457.80291165846535	1.4455e-101	0.453892	ret_rnfl_left__sys_sle_bentham2015	sys_sle_bentham2015_to_ret_rnfl_left	sys_sle_bentham2015	ret_rnfl_left	True	False
rs4274624	0.5596157879354227	0.032679116321158	-0.0140709	0.00744424	0.23160999999999998	14267.0	50691.0	293.25086934119986	9.73273e-66	0.0587346	ret_rnfl_left__sys_sle_bentham2015	sys_sle_bentham2015_to_ret_rnfl_left	sys_sle_bentham2015	ret_rnfl_left	True	False
rs17849501	0.8109302162163288	0.04986423265496375	-0.000172889	0.014096	0.0596421	14267.0	50871.0	264.47747237775303	1.8137e-59	0.990214	ret_rnfl_left__sys_sle_bentham2015	sys_sle_bentham2015_to_ret_rnfl_left	sys_sle_bentham2015	ret_rnfl_left	True	False
rs1143679	0.5822156198526637	0.03998663420667575	-0.00300974	0.0106364	0.131213	14267.0	50041.0	212.0010469386546	5.02694e-48	0.777203	ret_rnfl_left__sys_sle_bentham2015	sys_sle_bentham2015_to_ret_rnfl_left	sys_sle_bentham2015	ret_rnfl_left	True	False
rs35000415	0.5877866649021191	0.041538954697302115	0.00755148	0.0100791	0.100398	14267.0	50842.0	200.22962356877744	1.8609e-45	0.453723	ret_rnfl_left__sys_sle_bentham2015	sys_sle_bentham2015_to_ret_rnfl_left	sys_sle_bentham2015	ret_rnfl_left	True	False
rs2573219	0.5877866649021191	0.042929166291107275	-0.029118	0.0108432	0.0864811	14267.0	50777.0	187.471195730151	1.13327e-42	0.00724477	ret_rnfl_left__sys_sle_bentham2015	sys_sle_bentham2015_to_ret_rnfl_left	sys_sle_bentham2015	ret_rnfl_left	True	False
rs150180633	0.9282193027394288	0.06895732862779987	0.0301192	0.0288369	0.0168986	14267.0	50853.0	181.192548506574	2.66099e-41	0.29627	ret_rnfl_left__sys_sle_bentham2015	sys_sle_bentham2015_to_ret_rnfl_left	sys_sle_bentham2015	ret_rnfl_left	True	False
rs7823055	0.35065687161316933	0.028620839404419996	0.00249521	0.00640032	0.42345900000000003	14267.0	49009.0	150.10666436715803	1.64303e-34	0.696643	ret_rnfl_left__sys_sle_bentham2015	sys_sle_bentham2015_to_ret_rnfl_left	sys_sle_bentham2015	ret_rnfl_left	True	False
rs1078324	-0.7133498878774648	0.07816646901246015	0.017444	0.0135169	0.0497018	14267.0	50863.0	83.28450451053207	7.10544e-20	0.196867	ret_rnfl_left__sys_sle_bentham2015	sys_sle_bentham2015_to_ret_rnfl_left	sys_sle_bentham2015	ret_rnfl_left	True	False
rs58721818	0.6575200029167941	0.07559406697400173	-0.0203158	0.01798	0.0248509	14267.0	50579.0	75.65585027597527	3.37674e-18	0.258513	ret_rnfl_left__sys_sle_bentham2015	sys_sle_bentham2015_to_ret_rnfl_left	sys_sle_bentham2015	ret_rnfl_left	True	False
rs13332649	-0.31471074483970024	0.037568252338112514	-0.00529136	0.00745606	0.197813	14267.0	50871.0	70.17479571574411	5.42755e-17	0.477907	ret_rnfl_left__sys_sle_bentham2015	sys_sle_bentham2015_to_ret_rnfl_left	sys_sle_bentham2015	ret_rnfl_left	True	False
rs1464446	-0.3285040669720361	0.04014972755246729	0.00585517	0.00799071	0.178926	14267.0	50569.0	66.94471485209834	2.79229e-16	0.463713	ret_rnfl_left__sys_sle_bentham2015	sys_sle_bentham2015_to_ret_rnfl_left	sys_sle_bentham2015	ret_rnfl_left	True	False
rs10912578	0.2468600779315258	0.030991798852376563	0.00189753	0.00682354	0.30119300000000004	14267.0	48843.0	63.446570822076126	1.64776e-15	0.780947	ret_rnfl_left__sys_sle_bentham2015	sys_sle_bentham2015_to_ret_rnfl_left	sys_sle_bentham2015	ret_rnfl_left	True	False
rs2431697	-0.2231435513142097	0.029296428709987537	0.0024866	0.00630755	0.431412	14267.0	50871.0	58.01486909043906	2.60144e-14	0.693414	ret_rnfl_left__sys_sle_bentham2015	sys_sle_bentham2015_to_ret_rnfl_left	sys_sle_bentham2015	ret_rnfl_left	True	False
rs35251378	-0.23572233352106983	0.03242655973320144	-0.000990484	0.00692587	0.269384	14267.0	50235.0	52.844490301182496	3.6103e-13	0.88628	ret_rnfl_left__sys_sle_bentham2015	sys_sle_bentham2015_to_ret_rnfl_left	sys_sle_bentham2015	ret_rnfl_left	True	False
rs6679677	0.3364722366212129	0.046485380374858505	0.0107973	0.010292	0.0914513	14267.0	50871.0	52.392086214081615	4.54552e-13	0.294135	ret_rnfl_left__sys_sle_bentham2015	sys_sle_bentham2015_to_ret_rnfl_left	sys_sle_bentham2015	ret_rnfl_left	True	False
rs7768653	0.20701416938432612	0.0296890709490796	-0.0153561	0.00642817	0.40159	14267.0	50467.0	48.619101611474605	3.10827e-12	0.0169004	ret_rnfl_left__sys_sle_bentham2015	sys_sle_bentham2015_to_ret_rnfl_left	sys_sle_bentham2015	ret_rnfl_left	True	False
rs6671847	0.19885085874516517	0.02896508081722554	-0.0097982	0.00630572	0.487078	14267.0	50177.0	47.13086955850739	6.64016e-12	0.120218	ret_rnfl_left__sys_sle_bentham2015	sys_sle_bentham2015_to_ret_rnfl_left	sys_sle_bentham2015	ret_rnfl_left	True	False
rs4916215	-0.2231435513142097	0.03396932281463995	-0.00642051	0.00703316	0.25447299999999995	14267.0	50741.0	43.15140121458759	5.06636e-11	0.361299	ret_rnfl_left__sys_sle_bentham2015	sys_sle_bentham2015_to_ret_rnfl_left	sys_sle_bentham2015	ret_rnfl_left	True	False
rs7097397	-0.18632957819149348	0.028711836349021032	0.0053295	0.00647934	0.395626	14267.0	50871.0	42.115470974195595	8.60398e-11	0.410771	ret_rnfl_left__sys_sle_bentham2015	sys_sle_bentham2015_to_ret_rnfl_left	sys_sle_bentham2015	ret_rnfl_left	True	False
rs4661543	-0.2744368457017603	0.04237545624860243	-0.000105092	0.0094661	0.12723700000000004	14267.0	50527.0	41.94266905156497	9.39891e-11	0.991142	ret_rnfl_left__sys_sle_bentham2015	sys_sle_bentham2015_to_ret_rnfl_left	sys_sle_bentham2015	ret_rnfl_left	True	False
rs13136219	-0.1743533871447778	0.027786960712837545	-0.00847294	0.00645729	0.379722	14267.0	50430.0	39.37120286398545	3.50427e-10	0.189469	ret_rnfl_left__sys_sle_bentham2015	sys_sle_bentham2015_to_ret_rnfl_left	sys_sle_bentham2015	ret_rnfl_left	True	False
rs10200680	-0.2484613592984996	0.042483496013878894	-0.0092534	0.00880222	0.144135	14267.0	50607.0	34.20402518048219	4.96262e-09	0.293141	ret_rnfl_left__sys_sle_bentham2015	sys_sle_bentham2015_to_ret_rnfl_left	sys_sle_bentham2015	ret_rnfl_left	True	False
rs73050535	-0.7133498878774648	0.1241341633444946	-0.0139806	0.0207022	0.0298211	14267.0	50783.0	33.0234582980788	9.10536e-09	0.499472	ret_rnfl_left__sys_sle_bentham2015	sys_sle_bentham2015_to_ret_rnfl_left	sys_sle_bentham2015	ret_rnfl_left	True	False
rs143123127	0.47000362924573563	0.08403420051666054	-0.0137535	0.0173168	0.0308151	14267.0	50783.0	31.281695024459218	2.23174e-08	0.427063	ret_rnfl_left__sys_sle_bentham2015	sys_sle_bentham2015_to_ret_rnfl_left	sys_sle_bentham2015	ret_rnfl_left	True	False
rs7899626	0.1823215567939546	0.03325318638695583	0.00708275	0.00697452	0.362823	14267.0	48911.0	30.061421140607337	4.18576e-08	0.309859	ret_rnfl_left__sys_sle_bentham2015	sys_sle_bentham2015_to_ret_rnfl_left	sys_sle_bentham2015	ret_rnfl_left	True	False
rs73068668	-0.31471074483970024	0.057490346033111685	0.025579	0.0120111	0.0954274	14267.0	50202.0	29.966311957600823	4.39618e-08	0.0332033	ret_rnfl_left__sys_sle_bentham2015	sys_sle_bentham2015_to_ret_rnfl_left	sys_sle_bentham2015	ret_rnfl_left	True	False
rs143810596	-0.616186139423817	0.11257379615769905	-0.00341055	0.0203801	0.0258449	14267.0	50836.0	29.960511751951863	4.40935e-08	0.867097	ret_rnfl_left__sys_sle_bentham2015	sys_sle_bentham2015_to_ret_rnfl_left	sys_sle_bentham2015	ret_rnfl_left	True	False
rs1900003	-0.0867574	0.00738095	-0.0092	0.0146	0.234821	50630.0	59957.0	138.16197411277477	6.71746e-32	0.5289	ret_rnfl_left__sys_ibd_delange2017	ret_rnfl_left_to_sys_ibd_delange2017	ret_rnfl_left	sys_ibd_delange2017	False	True
rs112364254	-0.0724025	0.00653712	0.0121	0.0134	0.355657	50761.0	59957.0	122.6688263366654	1.648e-28	0.3648	ret_rnfl_left__sys_ibd_delange2017	ret_rnfl_left_to_sys_ibd_delange2017	ret_rnfl_left	sys_ibd_delange2017	False	True
rs7950415	0.0501916	0.00624175	-0.0078	0.0124	0.47752	50757.0	59957.0	64.66203088474914	8.89132e-16	0.5287	ret_rnfl_left__sys_ibd_delange2017	ret_rnfl_left_to_sys_ibd_delange2017	ret_rnfl_left	sys_ibd_delange2017	False	True
rs377614	-0.0479174	0.00633675	-0.0108	0.0127	0.419055	50349.0	59957.0	57.18121029315763	3.97429e-14	0.3914	ret_rnfl_left__sys_ibd_delange2017	ret_rnfl_left_to_sys_ibd_delange2017	ret_rnfl_left	sys_ibd_delange2017	False	True
rs7598246	0.0424182	0.00637861	0.0004	0.0126	0.414282	50357.0	59957.0	44.22342474392325	2.92954e-11	0.9769	ret_rnfl_left__sys_ibd_delange2017	ret_rnfl_left_to_sys_ibd_delange2017	ret_rnfl_left	sys_ibd_delange2017	False	True
rs62252351	-0.0515963	0.00779855	0.0021	0.0154	0.199517	50730.0	59957.0	43.77331088015653	3.68703e-11	0.8924	ret_rnfl_left__sys_ibd_delange2017	ret_rnfl_left_to_sys_ibd_delange2017	ret_rnfl_left	sys_ibd_delange2017	False	True
rs1561091	-0.048993	0.00746692	0.0107	0.0148	0.224849	50814.0	59957.0	43.0511810617045	5.33272e-11	0.4678	ret_rnfl_left__sys_ibd_delange2017	ret_rnfl_left_to_sys_ibd_delange2017	ret_rnfl_left	sys_ibd_delange2017	False	True
rs17279437	-0.0631189	0.0100624	-0.0571	0.0207	0.106554	50871.0	59957.0	39.34736812580877	3.54692e-10	0.005681	ret_rnfl_left__sys_ibd_delange2017	ret_rnfl_left_to_sys_ibd_delange2017	ret_rnfl_left	sys_ibd_delange2017	False	True
rs149831820	-0.0778527	0.0129123	0.0025	0.0258	0.0623364	50821.0	59957.0	36.35299044203593	1.64611e-09	0.923	ret_rnfl_left__sys_ibd_delange2017	ret_rnfl_left_to_sys_ibd_delange2017	ret_rnfl_left	sys_ibd_delange2017	False	True
rs118186707	-0.113292	0.0187997	0.0393	0.0397	0.0285848	50394.0	59957.0	36.31588644163262	1.67792e-09	0.3217	ret_rnfl_left__sys_ibd_delange2017	ret_rnfl_left_to_sys_ibd_delange2017	ret_rnfl_left	sys_ibd_delange2017	False	True
rs12718990	0.0429641	0.00715451	0.0002	0.0141	0.255965	50673.0	59957.0	36.06215265081519	1.91118e-09	0.986	ret_rnfl_left__sys_ibd_delange2017	ret_rnfl_left_to_sys_ibd_delange2017	ret_rnfl_left	sys_ibd_delange2017	False	True
rs34085461	-0.0364719	0.00640849	-0.0084	0.0127	0.44436	48562.0	59957.0	32.389582866610056	1.26161e-08	0.5117	ret_rnfl_left__sys_ibd_delange2017	ret_rnfl_left_to_sys_ibd_delange2017	ret_rnfl_left	sys_ibd_delange2017	False	True
rs12104619	0.0378579	0.00674355	0.0401	0.0135	0.31228	50602.0	59957.0	31.51634715346074	1.97774e-08	0.00297	ret_rnfl_left__sys_ibd_delange2017	ret_rnfl_left_to_sys_ibd_delange2017	ret_rnfl_left	sys_ibd_delange2017	False	True
rs11581607	0.6578	0.0294	0.0105599	0.0125584	NA	59957.0	50862.0	500.6025730019901	4.59e-111	0.400425	ret_rnfl_left__sys_ibd_delange2017	sys_ibd_delange2017_to_ret_rnfl_left	sys_ibd_delange2017	ret_rnfl_left	True	False
rs145568234	0.86	0.0476	-0.0275125	0.0339521	NA	59957.0	48806.0	326.42468752206764	4.731e-73	0.417748	ret_rnfl_left__sys_ibd_delange2017	sys_ibd_delange2017_to_ret_rnfl_left	sys_ibd_delange2017	ret_rnfl_left	True	False
rs749910	-0.1961	0.0138	0.00460889	0.0071504	NA	59957.0	50860.0	201.9282188615837	7.828e-46	0.51921	ret_rnfl_left__sys_ibd_delange2017	sys_ibd_delange2017_to_ret_rnfl_left	sys_ibd_delange2017	ret_rnfl_left	True	False
rs1445004	-0.1689	0.0127	0.00428429	0.00638436	NA	59957.0	50871.0	176.86905573811146	3.484e-40	0.502182	ret_rnfl_left__sys_ibd_delange2017	sys_ibd_delange2017_to_ret_rnfl_left	sys_ibd_delange2017	ret_rnfl_left	True	False
rs755374	-0.1767	0.0134	-0.000268954	0.00684788	NA	59957.0	47853.0	173.88555357540653	1.586e-39	0.968671	ret_rnfl_left__sys_ibd_delange2017	sys_ibd_delange2017_to_ret_rnfl_left	sys_ibd_delange2017	ret_rnfl_left	True	False
rs3829110	0.1574	0.0125	0.000682715	0.00630738	NA	59957.0	50868.0	158.55846400000001	3.52e-36	0.913805	ret_rnfl_left__sys_ibd_delange2017	sys_ibd_delange2017_to_ret_rnfl_left	sys_ibd_delange2017	ret_rnfl_left	True	False
rs1131095	0.1635	0.0131	-0.016809	0.00685254	NA	59957.0	50867.0	155.77326496124934	1.219e-35	0.0141688	ret_rnfl_left__sys_ibd_delange2017	sys_ibd_delange2017_to_ret_rnfl_left	sys_ibd_delange2017	ret_rnfl_left	True	False
rs6584282	-0.152	0.0124	0.00196774	0.00623794	NA	59957.0	50837.0	150.2601456815817	1.194e-34	0.752422	ret_rnfl_left__sys_ibd_delange2017	sys_ibd_delange2017_to_ret_rnfl_left	sys_ibd_delange2017	ret_rnfl_left	True	False
rs11236797	-0.1488	0.0125	-0.00315388	0.00626573	NA	59957.0	50747.0	141.70521599999995	7.188e-33	0.614715	ret_rnfl_left__sys_ibd_delange2017	sys_ibd_delange2017_to_ret_rnfl_left	sys_ibd_delange2017	ret_rnfl_left	True	False
rs1297264	-0.1462	0.0126	-0.00497889	0.00628364	NA	59957.0	50595.0	134.6336608717561	3.98e-31	0.428152	ret_rnfl_left__sys_ibd_delange2017	sys_ibd_delange2017_to_ret_rnfl_left	sys_ibd_delange2017	ret_rnfl_left	True	False
rs3024493	-0.1911	0.0165	0.0100764	0.0086491	NA	59957.0	50871.0	134.13851239669418	4.041e-31	0.244008	ret_rnfl_left__sys_ibd_delange2017	sys_ibd_delange2017_to_ret_rnfl_left	sys_ibd_delange2017	ret_rnfl_left	True	False
rs2836881	0.1643	0.0146	-4.04406e-05	0.00703804	NA	59957.0	50571.0	126.63956652279977	1.959e-29	0.995415	ret_rnfl_left__sys_ibd_delange2017	sys_ibd_delange2017_to_ret_rnfl_left	sys_ibd_delange2017	ret_rnfl_left	True	False
rs3792111	-0.1391	0.0124	-0.00605363	0.00624844	NA	59957.0	50864.0	125.83773413111345	5.122e-29	0.332634	ret_rnfl_left__sys_ibd_delange2017	sys_ibd_delange2017_to_ret_rnfl_left	sys_ibd_delange2017	ret_rnfl_left	True	False
rs6457681	0.1687	0.0153	0.00893707	0.00734416	NA	59957.0	50857.0	121.5758468964928	3.75e-28	0.223645	ret_rnfl_left__sys_ibd_delange2017	sys_ibd_delange2017_to_ret_rnfl_left	sys_ibd_delange2017	ret_rnfl_left	True	False
rs10114470	0.1475	0.0137	0.011984	0.00669661	NA	59957.0	50744.0	115.91587191645796	4.098e-27	0.0735237	ret_rnfl_left__sys_ibd_delange2017	sys_ibd_delange2017_to_ret_rnfl_left	sys_ibd_delange2017	ret_rnfl_left	True	False
rs6062496	-0.137	0.0129	-0.00390083	0.0062779	NA	59957.0	50469.0	112.78769304729285	2.826e-26	0.534363	ret_rnfl_left__sys_ibd_delange2017	sys_ibd_delange2017_to_ret_rnfl_left	sys_ibd_delange2017	ret_rnfl_left	True	False
rs2838517	-0.128	0.0125	-0.0125069	0.00640422	NA	59957.0	50822.0	104.8576	1.835e-24	0.0508293	ret_rnfl_left__sys_ibd_delange2017	sys_ibd_delange2017_to_ret_rnfl_left	sys_ibd_delange2017	ret_rnfl_left	True	False
rs2413583	0.1732	0.0171	-0.0102197	0.00843071	NA	59957.0	50871.0	102.589651516706	4.595e-24	0.225437	ret_rnfl_left__sys_ibd_delange2017	sys_ibd_delange2017_to_ret_rnfl_left	sys_ibd_delange2017	ret_rnfl_left	True	False
rs56062135	-0.1382	0.0145	0.00684891	0.00732698	0.214712	59957.0	50760.0	90.84061831153386	1.371e-21	0.349916	ret_rnfl_left__sys_ibd_delange2017	sys_ibd_delange2017_to_ret_rnfl_left	sys_ibd_delange2017	ret_rnfl_left	True	False
rs10800309	-0.123	0.0133	0.00575767	0.00669865	NA	59957.0	50871.0	85.52772909717905	1.942e-20	0.390049	ret_rnfl_left__sys_ibd_delange2017	sys_ibd_delange2017_to_ret_rnfl_left	sys_ibd_delange2017	ret_rnfl_left	True	False
rs6674040	0.1129	0.0124	0.00675867	0.00624991	NA	59957.0	50549.0	82.89808792924039	6.307e-20	0.279518	ret_rnfl_left__sys_ibd_delange2017	sys_ibd_delange2017_to_ret_rnfl_left	sys_ibd_delange2017	ret_rnfl_left	True	False
rs35171809	0.1088	0.0123	0.00839198	0.00625738	NA	59957.0	50863.0	78.24337365324872	1.156e-18	0.179877	ret_rnfl_left__sys_ibd_delange2017	sys_ibd_delange2017_to_ret_rnfl_left	sys_ibd_delange2017	ret_rnfl_left	True	False
rs744166	-0.1109	0.0126	0.00574241	0.00629187	NA	59957.0	50629.0	77.46793902746285	1.34e-18	0.361416	ret_rnfl_left__sys_ibd_delange2017	sys_ibd_delange2017_to_ret_rnfl_left	sys_ibd_delange2017	ret_rnfl_left	True	False
rs6017342	0.1156	0.0135	0.00588263	0.00622906	NA	59957.0	50871.0	73.32433470507546	1.071e-17	0.344973	ret_rnfl_left__sys_ibd_delange2017	sys_ibd_delange2017_to_ret_rnfl_left	sys_ibd_delange2017	ret_rnfl_left	True	False
rs62126610	0.1407	0.0166	-0.000111064	0.00852231	NA	59957.0	50212.0	71.84094208157933	2.6e-17	0.989602	ret_rnfl_left__sys_ibd_delange2017	sys_ibd_delange2017_to_ret_rnfl_left	sys_ibd_delange2017	ret_rnfl_left	True	False
rs4807569	0.1281	0.0152	7.42164e-05	0.00774075	NA	59957.0	50619.0	71.02497403047091	4.239e-17	0.99235	ret_rnfl_left__sys_ibd_delange2017	sys_ibd_delange2017_to_ret_rnfl_left	sys_ibd_delange2017	ret_rnfl_left	True	False
rs80262450	-0.1581	0.019	0.00475364	0.00970783	NA	59957.0	50508.0	69.23991689750693	1.041e-16	0.624367	ret_rnfl_left__sys_ibd_delange2017	sys_ibd_delange2017_to_ret_rnfl_left	sys_ibd_delange2017	ret_rnfl_left	True	False
rs28374519	0.1105	0.0137	0.00376244	0.00659327	NA	59957.0	47129.0	65.05541051734241	6.547e-16	0.568238	ret_rnfl_left__sys_ibd_delange2017	sys_ibd_delange2017_to_ret_rnfl_left	sys_ibd_delange2017	ret_rnfl_left	True	False
rs5754100	0.1293	0.016	-0.0066661	0.00798861	NA	59957.0	50638.0	65.30660156249998	7.14e-16	0.404027	ret_rnfl_left__sys_ibd_delange2017	sys_ibd_delange2017_to_ret_rnfl_left	sys_ibd_delange2017	ret_rnfl_left	True	False
rs143210366	0.2836	0.036	0.000961367	0.0214883	NA	59957.0	48733.0	62.059382716049406	3.139e-15	0.964315	ret_rnfl_left__sys_ibd_delange2017	sys_ibd_delange2017_to_ret_rnfl_left	sys_ibd_delange2017	ret_rnfl_left	True	False
rs4676408	-0.1011	0.013	0.00482881	0.00626561	NA	59957.0	50078.0	60.4805325443787	7.629e-15	0.440893	ret_rnfl_left__sys_ibd_delange2017	sys_ibd_delange2017_to_ret_rnfl_left	sys_ibd_delange2017	ret_rnfl_left	True	False
rs11152949	0.1019	0.0133	-0.00535696	0.00667095	NA	59957.0	50444.0	58.700944089547185	1.563e-14	0.421958	ret_rnfl_left__sys_ibd_delange2017	sys_ibd_delange2017_to_ret_rnfl_left	sys_ibd_delange2017	ret_rnfl_left	True	False
rs4957256	0.1179	0.0155	-0.00366609	0.00768953	NA	59957.0	50847.0	57.858106139438085	3.367e-14	0.63353	ret_rnfl_left__sys_ibd_delange2017	sys_ibd_delange2017_to_ret_rnfl_left	sys_ibd_delange2017	ret_rnfl_left	True	False
rs3850378	0.1536	0.0207	0.0132406	0.010574	NA	59957.0	50500.0	55.060701533291315	1.1e-13	0.2105	ret_rnfl_left__sys_ibd_delange2017	sys_ibd_delange2017_to_ret_rnfl_left	sys_ibd_delange2017	ret_rnfl_left	True	False
rs6740847	-0.0924	0.0125	-0.00338816	0.00634493	NA	59957.0	50570.0	54.64166399999999	1.218e-13	0.593345	ret_rnfl_left__sys_ibd_delange2017	sys_ibd_delange2017_to_ret_rnfl_left	sys_ibd_delange2017	ret_rnfl_left	True	False
rs11677002	-0.0931	0.0126	0.00288271	0.00631106	NA	59957.0	50086.0	54.595679012345684	1.371e-13	0.647835	ret_rnfl_left__sys_ibd_delange2017	sys_ibd_delange2017_to_ret_rnfl_left	sys_ibd_delange2017	ret_rnfl_left	True	False
rs2384352	0.0951	0.0131	-0.00221404	0.00666883	NA	59957.0	50749.0	52.7009498280986	3.118e-13	0.73989	ret_rnfl_left__sys_ibd_delange2017	sys_ibd_delange2017_to_ret_rnfl_left	sys_ibd_delange2017	ret_rnfl_left	True	False
rs10826797	0.099	0.0136	0.00972075	0.00678995	NA	59957.0	50186.0	52.989835640138416	3.986e-13	0.152247	ret_rnfl_left__sys_ibd_delange2017	sys_ibd_delange2017_to_ret_rnfl_left	sys_ibd_delange2017	ret_rnfl_left	True	False
rs55946629	-0.1298	0.018	0.00195857	0.00915924	NA	59957.0	49201.0	52.00012345679013	5.454e-13	0.830675	ret_rnfl_left__sys_ibd_delange2017	sys_ibd_delange2017_to_ret_rnfl_left	sys_ibd_delange2017	ret_rnfl_left	True	False
rs6873866	-0.0919	0.0128	0.00464367	0.00631444	NA	59957.0	50871.0	51.547912597656236	6.148e-13	0.462093	ret_rnfl_left__sys_ibd_delange2017	sys_ibd_delange2017_to_ret_rnfl_left	sys_ibd_delange2017	ret_rnfl_left	True	False
rs4072601	0.1264	0.0177	0.00178212	0.00887066	NA	59957.0	50560.0	50.99735069743689	8.433e-13	0.840776	ret_rnfl_left__sys_ibd_delange2017	sys_ibd_delange2017_to_ret_rnfl_left	sys_ibd_delange2017	ret_rnfl_left	True	False
rs1250573	0.098	0.0138	-0.00221986	0.00666878	NA	59957.0	50473.0	50.43058181054401	1.107e-12	0.73923	ret_rnfl_left__sys_ibd_delange2017	sys_ibd_delange2017_to_ret_rnfl_left	sys_ibd_delange2017	ret_rnfl_left	True	False
rs11669299	0.1107	0.0157	-0.00634286	0.00783088	NA	59957.0	50441.0	49.715972250395566	1.836e-12	0.417951	ret_rnfl_left__sys_ibd_delange2017	sys_ibd_delange2017_to_ret_rnfl_left	sys_ibd_delange2017	ret_rnfl_left	True	False
rs62324212	-0.0886	0.0127	0.0107985	0.00628915	NA	59957.0	50726.0	48.66984933969868	2.674e-12	0.085978	ret_rnfl_left__sys_ibd_delange2017	sys_ibd_delange2017_to_ret_rnfl_left	sys_ibd_delange2017	ret_rnfl_left	True	False
rs1558619	0.0843	0.0123	-0.00521884	0.00625587	NA	59957.0	50800.0	46.972635336109455	8.897e-12	0.404151	ret_rnfl_left__sys_ibd_delange2017	sys_ibd_delange2017_to_ret_rnfl_left	sys_ibd_delange2017	ret_rnfl_left	True	False
rs194746	-0.0833	0.0124	0.00956385	0.00623994	NA	59957.0	50349.0	45.12805671175858	1.836e-11	0.125354	ret_rnfl_left__sys_ibd_delange2017	sys_ibd_delange2017_to_ret_rnfl_left	sys_ibd_delange2017	ret_rnfl_left	True	False
rs3897234	0.0971	0.0145	0.000902314	0.00745849	NA	59957.0	50630.0	44.8438049940547	1.899e-11	0.903708	ret_rnfl_left__sys_ibd_delange2017	sys_ibd_delange2017_to_ret_rnfl_left	sys_ibd_delange2017	ret_rnfl_left	True	False
rs34140409	0.1583	0.0237	0.00838844	0.0112703	NA	59957.0	50870.0	44.61338104648472	2.284e-11	0.456698	ret_rnfl_left__sys_ibd_delange2017	sys_ibd_delange2017_to_ret_rnfl_left	sys_ibd_delange2017	ret_rnfl_left	True	False
rs16940202	0.113	0.0169	0.00817432	0.00848533	NA	59957.0	50871.0	44.70781835369911	2.505e-11	0.335373	ret_rnfl_left__sys_ibd_delange2017	sys_ibd_delange2017_to_ret_rnfl_left	sys_ibd_delange2017	ret_rnfl_left	True	False
rs1336900	0.0848	0.0128	0.00507624	0.00640472	NA	59957.0	50871.0	43.890625	2.984e-11	0.428024	ret_rnfl_left__sys_ibd_delange2017	sys_ibd_delange2017_to_ret_rnfl_left	sys_ibd_delange2017	ret_rnfl_left	True	False
rs1456896	-0.0879	0.0133	0.00484738	0.00661293	NA	59957.0	50871.0	43.67917915088474	4.504e-11	0.463549	ret_rnfl_left__sys_ibd_delange2017	sys_ibd_delange2017_to_ret_rnfl_left	sys_ibd_delange2017	ret_rnfl_left	True	False
rs76286777	0.0996	0.0151	-0.0100889	0.00761775	NA	59957.0	50672.0	43.50756545765535	4.655e-11	0.18537	ret_rnfl_left__sys_ibd_delange2017	sys_ibd_delange2017_to_ret_rnfl_left	sys_ibd_delange2017	ret_rnfl_left	True	False
rs11548656	-0.2374	0.0362	-0.00604107	0.0167807	NA	59957.0	50871.0	43.00750892829888	5.184e-11	0.718845	ret_rnfl_left__sys_ibd_delange2017	sys_ibd_delange2017_to_ret_rnfl_left	sys_ibd_delange2017	ret_rnfl_left	True	False
rs7543680	0.1001	0.0153	-0.00708965	0.00766377	NA	59957.0	50562.0	42.804092443077444	5.508e-11	0.354921	ret_rnfl_left__sys_ibd_delange2017	sys_ibd_delange2017_to_ret_rnfl_left	sys_ibd_delange2017	ret_rnfl_left	True	False
rs2529269	0.1042	0.0163	0.0217336	0.00713447	NA	59957.0	48028.0	40.86582106966766	1.697e-10	0.00231695	ret_rnfl_left__sys_ibd_delange2017	sys_ibd_delange2017_to_ret_rnfl_left	sys_ibd_delange2017	ret_rnfl_left	True	False
rs3820330	0.0892	0.014	-0.00601334	0.00678463	NA	59957.0	50634.0	40.59510204081632	1.722e-10	0.375447	ret_rnfl_left__sys_ibd_delange2017	sys_ibd_delange2017_to_ret_rnfl_left	sys_ibd_delange2017	ret_rnfl_left	True	False
rs56235845	0.0877	0.0138	0.0119211	0.00670413	NA	59957.0	49830.0	40.38694601974375	1.771e-10	0.0753745	ret_rnfl_left__sys_ibd_delange2017	sys_ibd_delange2017_to_ret_rnfl_left	sys_ibd_delange2017	ret_rnfl_left	True	False
rs10041497	0.0819	0.0129	0.00277294	0.00640728	NA	59957.0	50868.0	40.307733910221735	1.946e-10	0.665175	ret_rnfl_left__sys_ibd_delange2017	sys_ibd_delange2017_to_ret_rnfl_left	sys_ibd_delange2017	ret_rnfl_left	True	False
rs62408218	0.0818	0.0129	-0.00304339	0.00650095	NA	59957.0	50690.0	40.20936241812391	2.402e-10	0.639681	ret_rnfl_left__sys_ibd_delange2017	sys_ibd_delange2017_to_ret_rnfl_left	sys_ibd_delange2017	ret_rnfl_left	True	False
rs243505	-0.0805	0.0128	-0.00778162	0.00643698	NA	59957.0	50669.0	39.55230712890625	3.038e-10	0.226704	ret_rnfl_left__sys_ibd_delange2017	sys_ibd_delange2017_to_ret_rnfl_left	sys_ibd_delange2017	ret_rnfl_left	True	False
rs4276914	-0.0783	0.0125	-0.000581804	0.00624207	NA	59957.0	50865.0	39.23769599999999	3.154e-10	0.925739	ret_rnfl_left__sys_ibd_delange2017	sys_ibd_delange2017_to_ret_rnfl_left	sys_ibd_delange2017	ret_rnfl_left	True	False
rs11209013	0.0773	0.0124	0.00351155	0.00625264	NA	59957.0	50790.0	38.86114724245577	4.46e-10	0.574381	ret_rnfl_left__sys_ibd_delange2017	sys_ibd_delange2017_to_ret_rnfl_left	sys_ibd_delange2017	ret_rnfl_left	True	False
rs62183956	0.078	0.0125	-0.00182356	0.00622935	NA	59957.0	50702.0	38.93759999999999	4.489e-10	0.769723	ret_rnfl_left__sys_ibd_delange2017	sys_ibd_delange2017_to_ret_rnfl_left	sys_ibd_delange2017	ret_rnfl_left	True	False
rs2301127	-0.0783	0.0126	-0.00449249	0.00630986	NA	59957.0	49974.0	38.6173469387755	4.961e-10	0.476477	ret_rnfl_left__sys_ibd_delange2017	sys_ibd_delange2017_to_ret_rnfl_left	sys_ibd_delange2017	ret_rnfl_left	True	False
rs56116661	0.1	0.0163	0.00547988	0.00785864	NA	59957.0	50049.0	37.63784862057286	9.271e-10	0.485611	ret_rnfl_left__sys_ibd_delange2017	sys_ibd_delange2017_to_ret_rnfl_left	sys_ibd_delange2017	ret_rnfl_left	True	False
rs12136659	0.087	0.0142	0.00348627	0.00725634	NA	59957.0	48980.0	37.53719500099186	1.02e-09	0.630911	ret_rnfl_left__sys_ibd_delange2017	sys_ibd_delange2017_to_ret_rnfl_left	sys_ibd_delange2017	ret_rnfl_left	True	False
rs140933577	-0.1857	0.0305	-0.00184823	0.0163947	NA	59957.0	49050.0	37.070131685030915	1.13e-09	0.910242	ret_rnfl_left__sys_ibd_delange2017	sys_ibd_delange2017_to_ret_rnfl_left	sys_ibd_delange2017	ret_rnfl_left	True	False
rs111456533	0.1031	0.017	0.000624808	0.00846836	NA	59957.0	50723.0	36.780657439446365	1.179e-09	0.941184	ret_rnfl_left__sys_ibd_delange2017	sys_ibd_delange2017_to_ret_rnfl_left	sys_ibd_delange2017	ret_rnfl_left	True	False
rs7256518	0.1665	0.0276	-0.0269109	0.0136608	NA	59957.0	49878.0	36.392367674858235	1.632e-09	0.048846	ret_rnfl_left__sys_ibd_delange2017	sys_ibd_delange2017_to_ret_rnfl_left	sys_ibd_delange2017	ret_rnfl_left	True	False
rs2593855	0.0832	0.014	0.00835669	0.00660556	NA	59957.0	50497.0	35.31755102040815	2.541e-09	0.205836	ret_rnfl_left__sys_ibd_delange2017	sys_ibd_delange2017_to_ret_rnfl_left	sys_ibd_delange2017	ret_rnfl_left	True	False
rs11195128	-0.0792	0.0133	0.00430926	0.00660209	NA	59957.0	50213.0	35.46068177963708	2.744e-09	0.513942	ret_rnfl_left__sys_ibd_delange2017	sys_ibd_delange2017_to_ret_rnfl_left	sys_ibd_delange2017	ret_rnfl_left	True	False
rs7532133	0.0789	0.0134	-0.0040044	0.00670921	NA	59957.0	50844.0	34.66924704834039	3.832e-09	0.550607	ret_rnfl_left__sys_ibd_delange2017	sys_ibd_delange2017_to_ret_rnfl_left	sys_ibd_delange2017	ret_rnfl_left	True	False
rs6933404	0.0863	0.0149	-0.00146608	0.00763039	NA	59957.0	50002.0	33.546642043151216	6.641e-09	0.847635	ret_rnfl_left__sys_ibd_delange2017	sys_ibd_delange2017_to_ret_rnfl_left	sys_ibd_delange2017	ret_rnfl_left	True	False
rs78771661	0.3848	0.0669	-0.000760432	0.0224941	NA	59957.0	50871.0	33.08399078561357	8.949e-09	0.973032	ret_rnfl_left__sys_ibd_delange2017	sys_ibd_delange2017_to_ret_rnfl_left	sys_ibd_delange2017	ret_rnfl_left	True	False
rs212402	0.0743	0.013	0.0167633	0.00659065	NA	59957.0	49693.0	32.66562130177516	1.059e-08	0.0109749	ret_rnfl_left__sys_ibd_delange2017	sys_ibd_delange2017_to_ret_rnfl_left	sys_ibd_delange2017	ret_rnfl_left	True	False
rs4256018	0.0786	0.0138	0.00841974	0.00701045	NA	59957.0	50746.0	32.440453686200385	1.23e-08	0.229741	ret_rnfl_left__sys_ibd_delange2017	sys_ibd_delange2017_to_ret_rnfl_left	sys_ibd_delange2017	ret_rnfl_left	True	False
rs7918084	-0.071	0.0125	-0.00518785	0.00630229	NA	59957.0	50332.0	32.262399999999985	1.383e-08	0.410412	ret_rnfl_left__sys_ibd_delange2017	sys_ibd_delange2017_to_ret_rnfl_left	sys_ibd_delange2017	ret_rnfl_left	True	False
rs938650	0.1074	0.0189	-0.00193482	0.00934256	NA	59957.0	50729.0	32.29125724363819	1.413e-08	0.835933	ret_rnfl_left__sys_ibd_delange2017	sys_ibd_delange2017_to_ret_rnfl_left	sys_ibd_delange2017	ret_rnfl_left	True	False
rs341295	-0.0702	0.0124	-0.0028023	0.00636333	NA	59957.0	49065.0	32.050208116545264	1.451e-08	0.65966	ret_rnfl_left__sys_ibd_delange2017	sys_ibd_delange2017_to_ret_rnfl_left	sys_ibd_delange2017	ret_rnfl_left	True	False
rs5763793	-0.0734	0.013	-0.00792956	0.00651922	NA	59957.0	50711.0	31.879053254437874	1.467e-08	0.223857	ret_rnfl_left__sys_ibd_delange2017	sys_ibd_delange2017_to_ret_rnfl_left	sys_ibd_delange2017	ret_rnfl_left	True	False
rs62482552	0.0737	0.0131	-0.00874124	0.00658586	NA	59957.0	47245.0	31.651360643319155	1.971e-08	0.184418	ret_rnfl_left__sys_ibd_delange2017	sys_ibd_delange2017_to_ret_rnfl_left	sys_ibd_delange2017	ret_rnfl_left	True	False
rs7190426	-0.0872	0.0155	-0.0121633	0.00780069	NA	59957.0	50741.0	31.649698231009367	2.057e-08	0.118935	ret_rnfl_left__sys_ibd_delange2017	sys_ibd_delange2017_to_ret_rnfl_left	sys_ibd_delange2017	ret_rnfl_left	True	False
rs72852162	-0.1129	0.0202	-0.0185833	0.0102075	NA	59957.0	49618.0	31.238138417802176	2.298e-08	0.0686762	ret_rnfl_left__sys_ibd_delange2017	sys_ibd_delange2017_to_ret_rnfl_left	sys_ibd_delange2017	ret_rnfl_left	True	False
rs11221335	0.0827	0.0148	-0.0107725	0.00762406	NA	59957.0	50724.0	31.22393170197224	2.44e-08	0.157668	ret_rnfl_left__sys_ibd_delange2017	sys_ibd_delange2017_to_ret_rnfl_left	sys_ibd_delange2017	ret_rnfl_left	True	False
rs13422838	-0.1143	0.0205	0.0167298	0.0100162	NA	59957.0	50651.0	31.0874241522903	2.557e-08	0.0948654	ret_rnfl_left__sys_ibd_delange2017	sys_ibd_delange2017_to_ret_rnfl_left	sys_ibd_delange2017	ret_rnfl_left	True	False
rs503734	-0.0692	0.0124	-0.00228098	0.00627076	NA	59957.0	50394.0	31.143600416233095	2.674e-08	0.716045	ret_rnfl_left__sys_ibd_delange2017	sys_ibd_delange2017_to_ret_rnfl_left	sys_ibd_delange2017	ret_rnfl_left	True	False
rs112936798	-0.1844	0.0332	-0.00251687	0.0187179	NA	59957.0	50871.0	30.84932501088692	2.889e-08	0.893036	ret_rnfl_left__sys_ibd_delange2017	sys_ibd_delange2017_to_ret_rnfl_left	sys_ibd_delange2017	ret_rnfl_left	True	False
rs149169037	0.1338	0.0242	0.0195632	0.0110272	NA	59957.0	50192.0	30.56901850966464	3.261e-08	0.0760491	ret_rnfl_left__sys_ibd_delange2017	sys_ibd_delange2017_to_ret_rnfl_left	sys_ibd_delange2017	ret_rnfl_left	True	False
rs11768365	-0.0837	0.0152	0.00210397	0.00744373	NA	59957.0	50762.0	30.32241170360111	3.879e-08	0.777445	ret_rnfl_left__sys_ibd_delange2017	sys_ibd_delange2017_to_ret_rnfl_left	sys_ibd_delange2017	ret_rnfl_left	True	False
rs11734570	-0.0694	0.0127	-0.00211844	0.00643699	NA	59957.0	50082.0	29.86149172298345	4.801e-08	0.742077	ret_rnfl_left__sys_ibd_delange2017	sys_ibd_delange2017_to_ret_rnfl_left	sys_ibd_delange2017	ret_rnfl_left	True	False
rs9905786	-0.105726	0.00647922	0.015379	0.0110149	0.3554	50982.0	184305.0	266.2674934947297	7.38712e-60	0.1626528	ret_gcipl_left__sys_cad_nikpay2015	ret_gcipl_left_to_sys_cad_nikpay2015	ret_gcipl_left	sys_cad_nikpay2015	False	True
rs75048985	0.165064	0.0119488	-0.005148	0.0184233	0.0721453	50925.0	184305.0	190.83417268795347	2.09128e-43	0.7799155	ret_gcipl_left__sys_cad_nikpay2015	ret_gcipl_left_to_sys_cad_nikpay2015	ret_gcipl_left	sys_cad_nikpay2015	False	True
rs17279437	-0.120879	0.00997746	0.036895	0.0175912	0.10651	51047.0	184305.0	146.7782570836495	8.77418e-34	0.035962	ret_gcipl_left__sys_cad_nikpay2015	ret_gcipl_left_to_sys_cad_nikpay2015	ret_gcipl_left	sys_cad_nikpay2015	False	True
rs17725573	0.0723862	0.00709656	-0.003727	0.0101849	0.255825	50855.0	184305.0	104.04370255923537	1.97907e-24	0.7144156	ret_gcipl_left__sys_cad_nikpay2015	ret_gcipl_left_to_sys_cad_nikpay2015	ret_gcipl_left	sys_cad_nikpay2015	False	True
rs1800407	-0.103708	0.0111663	0.031038	0.0206577	0.0830999	51047.0	184305.0	86.25930103106457	1.57823e-20	0.1329714	ret_gcipl_left__sys_cad_nikpay2015	ret_gcipl_left_to_sys_cad_nikpay2015	ret_gcipl_left	sys_cad_nikpay2015	False	True
rs10212888	0.0582602	0.00657525	-0.002847	0.0100611	0.342716	50059.0	184305.0	78.50899219757609	7.96396e-19	0.7771992	ret_gcipl_left__sys_cad_nikpay2015	ret_gcipl_left_to_sys_cad_nikpay2015	ret_gcipl_left	sys_cad_nikpay2015	False	True
rs887595	0.0699629	0.00813134	-0.00904	0.0110605	0.177939	50655.0	184305.0	74.03061618325484	7.69123e-18	0.4137432	ret_gcipl_left__sys_cad_nikpay2015	ret_gcipl_left_to_sys_cad_nikpay2015	ret_gcipl_left	sys_cad_nikpay2015	False	True
rs1536057	-0.0571208	0.00691465	-0.003994	0.0105141	0.278389	50785.0	184305.0	68.24143615511217	1.44664e-16	0.7040409	ret_gcipl_left__sys_cad_nikpay2015	ret_gcipl_left_to_sys_cad_nikpay2015	ret_gcipl_left	sys_cad_nikpay2015	False	True
rs1625244	-0.0550581	0.00687897	-0.000713	0.0113006	0.2785	51027.0	184305.0	64.06127964760468	1.20609e-15	0.9496914	ret_gcipl_left__sys_cad_nikpay2015	ret_gcipl_left_to_sys_cad_nikpay2015	ret_gcipl_left	sys_cad_nikpay2015	False	True
rs3138142	0.0501395	0.00725	0.013291	0.0133091	0.24032	50695.0	184305.0	47.82819424970272	4.65257e-12	0.3179683	ret_gcipl_left__sys_cad_nikpay2015	ret_gcipl_left_to_sys_cad_nikpay2015	ret_gcipl_left	sys_cad_nikpay2015	False	True
rs17318932	-0.0859249	0.0124582	-0.026001	0.0219819	0.0654299	51047.0	184305.0	47.56937807989333	5.31009e-12	0.2368743	ret_gcipl_left__sys_cad_nikpay2015	ret_gcipl_left_to_sys_cad_nikpay2015	ret_gcipl_left	sys_cad_nikpay2015	False	True
rs12193446	0.0710512	0.0105182	-0.017365	0.0184548	0.0955198	51047.0	184305.0	45.63099989539749	1.42749e-11	0.3467311	ret_gcipl_left__sys_cad_nikpay2015	ret_gcipl_left_to_sys_cad_nikpay2015	ret_gcipl_left	sys_cad_nikpay2015	False	True
rs34361557	-0.0422883	0.00655125	0.014428	0.0101545	0.400454	47169.0	184305.0	41.666988050952675	1.08218e-10	0.1553621	ret_gcipl_left__sys_cad_nikpay2015	ret_gcipl_left_to_sys_cad_nikpay2015	ret_gcipl_left	sys_cad_nikpay2015	False	True
rs115531193	0.0624507	0.00978357	0.015964	0.014794	0.113364	51039.0	184305.0	40.745524063585265	1.73394e-10	0.28055	ret_gcipl_left__sys_cad_nikpay2015	ret_gcipl_left_to_sys_cad_nikpay2015	ret_gcipl_left	sys_cad_nikpay2015	False	True
rs62106867	0.0389556	0.00620137	-0.015292	0.0093387	0.465912	50957.0	184305.0	39.46067480105981	3.34734e-10	0.1015299	ret_gcipl_left__sys_cad_nikpay2015	ret_gcipl_left_to_sys_cad_nikpay2015	ret_gcipl_left	sys_cad_nikpay2015	False	True
rs3862368	-0.0415562	0.00668224	0.008062	0.010991	0.325809	50103.0	184305.0	38.67475008839795	5.00645e-10	0.4632463	ret_gcipl_left__sys_cad_nikpay2015	ret_gcipl_left_to_sys_cad_nikpay2015	ret_gcipl_left	sys_cad_nikpay2015	False	True
rs11876004	-0.0497424	0.00803601	-0.005431	0.0137001	0.181281	50885.0	184305.0	38.31532679406158	6.01904e-10	0.6917957	ret_gcipl_left__sys_cad_nikpay2015	ret_gcipl_left_to_sys_cad_nikpay2015	ret_gcipl_left	sys_cad_nikpay2015	False	True
rs7225002	0.0380199	0.00630738	0.019214	0.0107368	0.414355	50756.0	184305.0	36.3348981492183	1.66167e-09	0.0735261	ret_gcipl_left__sys_cad_nikpay2015	ret_gcipl_left_to_sys_cad_nikpay2015	ret_gcipl_left	sys_cad_nikpay2015	False	True
rs12498322	0.0377704	0.006266	0.000554	0.0096342	0.427418	50915.0	184305.0	36.33476763984679	1.66169e-09	0.9541441	ret_gcipl_left__sys_cad_nikpay2015	ret_gcipl_left_to_sys_cad_nikpay2015	ret_gcipl_left	sys_cad_nikpay2015	False	True
rs1348003	0.0395617	0.006666	0.001946	0.0101198	0.319982	50209.0	184305.0	35.22242653810835	2.94112e-09	0.8475096	ret_gcipl_left__sys_cad_nikpay2015	ret_gcipl_left_to_sys_cad_nikpay2015	ret_gcipl_left	sys_cad_nikpay2015	False	True
rs6478995	-0.0369701	0.00625443	0.004229	0.0098373	0.42733	51025.0	184305.0	34.940231500597896	3.40002e-09	0.6672736	ret_gcipl_left__sys_cad_nikpay2015	ret_gcipl_left_to_sys_cad_nikpay2015	ret_gcipl_left	sys_cad_nikpay2015	False	True
rs4096587	-0.0619884	0.0105347	0.0038	0.0159542	0.0950228	50993.0	184305.0	34.62394174934451	3.99984e-09	0.8117397	ret_gcipl_left__sys_cad_nikpay2015	ret_gcipl_left_to_sys_cad_nikpay2015	ret_gcipl_left	sys_cad_nikpay2015	False	True
rs6721680	0.0403859	0.00688381	0.004662	0.0109551	0.282318	50939.0	184305.0	34.41928001136859	4.44313e-09	0.6704324	ret_gcipl_left__sys_cad_nikpay2015	ret_gcipl_left_to_sys_cad_nikpay2015	ret_gcipl_left	sys_cad_nikpay2015	False	True
rs61791630	0.048144	0.00844105	-0.011581	0.0130136	0.158149	51031.0	184305.0	32.53054918860272	1.17338e-08	0.3735118	ret_gcipl_left__sys_cad_nikpay2015	ret_gcipl_left_to_sys_cad_nikpay2015	ret_gcipl_left	sys_cad_nikpay2015	False	True
rs254776	-0.0384559	0.0067604	-0.010571	0.010098	0.306028	50417.0	184305.0	32.357962951426	1.28227e-08	0.2951749	ret_gcipl_left__sys_cad_nikpay2015	ret_gcipl_left_to_sys_cad_nikpay2015	ret_gcipl_left	sys_cad_nikpay2015	False	True
rs8021126	0.05162	0.00915425	-0.014731	0.0186688	0.14798	46280.0	184305.0	31.797316007148908	1.71134e-08	0.4300702	ret_gcipl_left__sys_cad_nikpay2015	ret_gcipl_left_to_sys_cad_nikpay2015	ret_gcipl_left	sys_cad_nikpay2015	False	True
rs56213534	0.0379877	0.00677315	0.002269	0.0101621	0.300708	50722.0	184305.0	31.456080803629764	2.03998e-08	0.8233176	ret_gcipl_left__sys_cad_nikpay2015	ret_gcipl_left_to_sys_cad_nikpay2015	ret_gcipl_left	sys_cad_nikpay2015	False	True
rs2004187	-0.0348595	0.00629336	-0.009872	0.0095104	0.403951	51047.0	184305.0	30.68154013320415	3.04043e-08	0.2992582	ret_gcipl_left__sys_cad_nikpay2015	ret_gcipl_left_to_sys_cad_nikpay2015	ret_gcipl_left	sys_cad_nikpay2015	False	True
rs1894774	0.0346654	0.00626724	0.013643	0.0095994	0.479721	50324.0	184305.0	30.594247772572512	3.18031e-08	0.1552502	ret_gcipl_left__sys_cad_nikpay2015	ret_gcipl_left_to_sys_cad_nikpay2015	ret_gcipl_left	sys_cad_nikpay2015	False	True
rs2190989	0.0343647	0.00623247	-0.012963	0.009518	0.452093	51047.0	184305.0	30.402179611654322	3.51133e-08	0.1732136	ret_gcipl_left__sys_cad_nikpay2015	ret_gcipl_left_to_sys_cad_nikpay2015	ret_gcipl_left	sys_cad_nikpay2015	False	True
rs2891168	-0.193401	0.0091877	0.0145171	0.00618826	0.511332	184305.0	51023.0	443.1021105119655	2.29e-98	0.0189806	ret_gcipl_left__sys_cad_nikpay2015	sys_cad_nikpay2015_to_ret_gcipl_left	sys_cad_nikpay2015	ret_gcipl_left	True	False
rs9349379	-0.131836	0.0096527	0.0130459	0.00631418	0.568394	184305.0	51047.0	186.5393322937254	1.81e-42	0.0388161	ret_gcipl_left__sys_cad_nikpay2015	sys_cad_nikpay2015_to_ret_gcipl_left	sys_cad_nikpay2015	ret_gcipl_left	True	False
rs55730499	-0.316641	0.0242403	0.00281928	0.0113837	0.943757	184305.0	50979.0	170.631149325991	5.39e-39	0.804399	ret_gcipl_left__sys_cad_nikpay2015	sys_cad_nikpay2015_to_ret_gcipl_left	sys_cad_nikpay2015	ret_gcipl_left	True	False
rs7528419	0.11453	0.011482	0.0012216	0.00744949	0.78582	184305.0	51047.0	99.49549943458682	1.97e-23	0.869744	ret_gcipl_left__sys_cad_nikpay2015	sys_cad_nikpay2015_to_ret_gcipl_left	sys_cad_nikpay2015	ret_gcipl_left	True	False
rs115654617	-0.137846	0.0158314	-0.0117104	0.00925947	0.893038	184305.0	51047.0	75.8140491677371	3.12e-18	0.205982	ret_gcipl_left__sys_cad_nikpay2015	sys_cad_nikpay2015_to_ret_gcipl_left	sys_cad_nikpay2015	ret_gcipl_left	True	False
rs4468572	0.077234	0.0095277	0.0141511	0.00630295	0.585831	184305.0	50297.0	65.71142838249757	4.44e-16	0.0247586	ret_gcipl_left__sys_cad_nikpay2015	sys_cad_nikpay2015_to_ret_gcipl_left	sys_cad_nikpay2015	ret_gcipl_left	True	False
rs10080815	-0.246627	0.0308579	-0.0176619	0.0222483	0.972442	184305.0	51047.0	63.87758752148254	1.33e-15	0.427279	ret_gcipl_left__sys_cad_nikpay2015	sys_cad_nikpay2015_to_ret_gcipl_left	sys_cad_nikpay2015	ret_gcipl_left	True	False
rs28451064	-0.127571	0.015952	0.00609167	0.00958301	0.878814	184305.0	49090.0	63.954872551612944	1.33e-15	0.524989	ret_gcipl_left__sys_cad_nikpay2015	sys_cad_nikpay2015_to_ret_gcipl_left	sys_cad_nikpay2015	ret_gcipl_left	True	False
rs56289821	0.13361	0.0170415	-0.00684037	0.00944086	0.899622	184305.0	51045.0	61.46986936967773	4.44e-15	0.468728	ret_gcipl_left__sys_cad_nikpay2015	sys_cad_nikpay2015_to_ret_gcipl_left	sys_cad_nikpay2015	ret_gcipl_left	True	False
rs1870634	0.075878	0.0097113	-0.00199687	0.00655646	0.637485	184305.0	50993.0	61.048782809156116	5.55e-15	0.760697	ret_gcipl_left__sys_cad_nikpay2015	sys_cad_nikpay2015_to_ret_gcipl_left	sys_cad_nikpay2015	ret_gcipl_left	True	False
rs9970807	0.12575	0.016695	-0.0201619	0.0107824	0.915097	184305.0	50991.0	56.73396555594931	5e-14	0.0614995	ret_gcipl_left__sys_cad_nikpay2015	sys_cad_nikpay2015_to_ret_gcipl_left	sys_cad_nikpay2015	ret_gcipl_left	True	False
rs1412444	-0.066812	0.0096809	0.00976489	0.0065414	0.630869	184305.0	51047.0	47.6296594989335	5.15e-12	0.135494	ret_gcipl_left__sys_cad_nikpay2015	sys_cad_nikpay2015_to_ret_gcipl_left	sys_cad_nikpay2015	ret_gcipl_left	True	False
rs2519093	-0.079704	0.0117524	-0.0082554	0.0079097	0.809128	184305.0	51010.0	45.99462746279435	1.19e-11	0.296621	ret_gcipl_left__sys_cad_nikpay2015	sys_cad_nikpay2015_to_ret_gcipl_left	sys_cad_nikpay2015	ret_gcipl_left	True	False
rs12202017	0.066813	0.0099612	-0.00387108	0.00682276	0.699953	184305.0	50739.0	44.988200858289325	1.98e-11	0.570457	ret_gcipl_left__sys_cad_nikpay2015	sys_cad_nikpay2015_to_ret_gcipl_left	sys_cad_nikpay2015	ret_gcipl_left	True	False
rs2487928	-0.062633	0.0095049	0.0151179	0.00630958	0.581779	184305.0	49955.0	43.42215007492742	4.41e-11	0.0165738	ret_gcipl_left__sys_cad_nikpay2015	sys_cad_nikpay2015_to_ret_gcipl_left	sys_cad_nikpay2015	ret_gcipl_left	True	False
rs2681472	-0.074114	0.0113331	0.00969062	0.00826145	0.798694	184305.0	51047.0	42.76643652718264	6.17e-11	0.240799	ret_gcipl_left__sys_cad_nikpay2015	sys_cad_nikpay2015_to_ret_gcipl_left	sys_cad_nikpay2015	ret_gcipl_left	True	False
rs2128739	-0.065565	0.0100568	0.00332657	0.00690879	0.676464	184305.0	50812.0	42.50348143656117	7.05e-11	0.630162	ret_gcipl_left__sys_cad_nikpay2015	sys_cad_nikpay2015_to_ret_gcipl_left	sys_cad_nikpay2015	ret_gcipl_left	True	False
rs4420638	-0.091906	0.0140977	0.00552016	0.00791615	0.833964	184305.0	51047.0	42.50022220001871	7.07e-11	0.485597	ret_gcipl_left__sys_cad_nikpay2015	sys_cad_nikpay2015_to_ret_gcipl_left	sys_cad_nikpay2015	ret_gcipl_left	True	False
rs2107595	-0.073415	0.0112951	-0.010128	0.00865017	0.79953	184305.0	50695.0	42.24637461186516	8.05e-11	0.241661	ret_gcipl_left__sys_cad_nikpay2015	sys_cad_nikpay2015_to_ret_gcipl_left	sys_cad_nikpay2015	ret_gcipl_left	True	False
rs11838776	-0.068566	0.0107552	-0.00303875	0.00704467	0.736723	184305.0	49259.0	40.642521779048685	1.83e-10	0.666211	ret_gcipl_left__sys_cad_nikpay2015	sys_cad_nikpay2015_to_ret_gcipl_left	sys_cad_nikpay2015	ret_gcipl_left	True	False
rs3918226	-0.133315	0.0221275	0.0168414	0.0116309	0.935485	184305.0	50204.0	36.29888919993962	1.69e-09	0.14762	ret_gcipl_left__sys_cad_nikpay2015	sys_cad_nikpay2015_to_ret_gcipl_left	sys_cad_nikpay2015	ret_gcipl_left	True	False
rs6689306	-0.056012	0.0094061	-0.00623362	0.00652832	0.552455	184305.0	47497.0	35.460346672296524	2.6e-09	0.339649	ret_gcipl_left__sys_cad_nikpay2015	sys_cad_nikpay2015_to_ret_gcipl_left	sys_cad_nikpay2015	ret_gcipl_left	True	False
rs1199338	-0.073596	0.0124987	0.00673779	0.00842533	0.838134	184305.0	50800.0	34.67198718072137	3.9e-09	0.423881	ret_gcipl_left__sys_cad_nikpay2015	sys_cad_nikpay2015_to_ret_gcipl_left	sys_cad_nikpay2015	ret_gcipl_left	True	False
rs56062135	0.069743	0.0118937	-0.00239304	0.00726754	0.794271	184305.0	50935.0	34.38486230152041	4.52e-09	0.741946	ret_gcipl_left__sys_cad_nikpay2015	sys_cad_nikpay2015_to_ret_gcipl_left	sys_cad_nikpay2015	ret_gcipl_left	True	False
rs11191416	0.079249	0.0135252	0.0366363	0.0110411	0.87253	184305.0	51035.0	34.33208585752941	4.65e-09	0.000906106	ret_gcipl_left__sys_cad_nikpay2015	sys_cad_nikpay2015_to_ret_gcipl_left	sys_cad_nikpay2015	ret_gcipl_left	True	False
rs10840293	0.054714	0.009619	0.00400459	0.00629114	0.549821	184305.0	49951.0	32.35467805346482	1.28e-08	0.524421	ret_gcipl_left__sys_cad_nikpay2015	sys_cad_nikpay2015_to_ret_gcipl_left	sys_cad_nikpay2015	ret_gcipl_left	True	False
rs16986953	-0.08516	0.0150265	-0.00714988	0.0124544	0.895294	184305.0	50599.0	32.11852806644818	1.45e-08	0.565911	ret_gcipl_left__sys_cad_nikpay2015	sys_cad_nikpay2015_to_ret_gcipl_left	sys_cad_nikpay2015	ret_gcipl_left	True	False
rs56336142	0.066813	0.0118763	-0.00338768	0.00765354	0.807262	184305.0	50174.0	31.648973320949015	1.85e-08	0.658034	ret_gcipl_left__sys_cad_nikpay2015	sys_cad_nikpay2015_to_ret_gcipl_left	sys_cad_nikpay2015	ret_gcipl_left	True	False
rs663129	-0.058163	0.0105173	-0.00401107	0.00728143	0.743165	184305.0	51041.0	30.583351330344364	3.2e-08	0.581728	ret_gcipl_left__sys_cad_nikpay2015	sys_cad_nikpay2015_to_ret_gcipl_left	sys_cad_nikpay2015	ret_gcipl_left	True	False
rs17087335	-0.060764	0.0111159	-0.0142194	0.00794333	0.785363	184305.0	50777.0	29.88157247129896	4.59e-08	0.0734365	ret_gcipl_left__sys_cad_nikpay2015	sys_cad_nikpay2015_to_ret_gcipl_left	sys_cad_nikpay2015	ret_gcipl_left	True	False
rs9905786	-0.105726	0.00647922	0.0037	0.0108	0.3554	50982.0	440328.0	266.2674934947297	7.38712e-60	0.7317	ret_gcipl_left__sys_stroke_megastroke2018	ret_gcipl_left_to_sys_stroke_megastroke2018	ret_gcipl_left	sys_stroke_megastroke2018	False	True
rs75048985	0.165064	0.0119488	-0.005	0.0201	0.0721453	50925.0	440328.0	190.83417268795347	2.09128e-43	0.8029	ret_gcipl_left__sys_stroke_megastroke2018	ret_gcipl_left_to_sys_stroke_megastroke2018	ret_gcipl_left	sys_stroke_megastroke2018	False	True
rs17279437	-0.120879	0.00997746	0.0193	0.0173	0.10651	51047.0	440328.0	146.7782570836495	8.77418e-34	0.2651	ret_gcipl_left__sys_stroke_megastroke2018	ret_gcipl_left_to_sys_stroke_megastroke2018	ret_gcipl_left	sys_stroke_megastroke2018	False	True
rs17725573	0.0723862	0.00709656	0.0102	0.0112	0.255825	50855.0	440328.0	104.04370255923537	1.97907e-24	0.3641	ret_gcipl_left__sys_stroke_megastroke2018	ret_gcipl_left_to_sys_stroke_megastroke2018	ret_gcipl_left	sys_stroke_megastroke2018	False	True
rs1800407	-0.103708	0.0111663	-0.011	0.0224	0.0830999	51047.0	440328.0	86.25930103106457	1.57823e-20	0.6247	ret_gcipl_left__sys_stroke_megastroke2018	ret_gcipl_left_to_sys_stroke_megastroke2018	ret_gcipl_left	sys_stroke_megastroke2018	False	True
rs10212888	0.0582602	0.00657525	0.0045	0.0107	0.342716	50059.0	440328.0	78.50899219757609	7.96396e-19	0.6752	ret_gcipl_left__sys_stroke_megastroke2018	ret_gcipl_left_to_sys_stroke_megastroke2018	ret_gcipl_left	sys_stroke_megastroke2018	False	True
rs887595	0.0699629	0.00813134	0.0067	0.0129	0.177939	50655.0	440328.0	74.03061618325484	7.69123e-18	0.6015	ret_gcipl_left__sys_stroke_megastroke2018	ret_gcipl_left_to_sys_stroke_megastroke2018	ret_gcipl_left	sys_stroke_megastroke2018	False	True
rs1536057	-0.0571208	0.00691465	0.0085	0.0113	0.278389	50785.0	440328.0	68.24143615511217	1.44664e-16	0.4518	ret_gcipl_left__sys_stroke_megastroke2018	ret_gcipl_left_to_sys_stroke_megastroke2018	ret_gcipl_left	sys_stroke_megastroke2018	False	True
rs1625244	-0.0550581	0.00687897	0.0076	0.0112	0.2785	51027.0	440328.0	64.06127964760468	1.20609e-15	0.4943	ret_gcipl_left__sys_stroke_megastroke2018	ret_gcipl_left_to_sys_stroke_megastroke2018	ret_gcipl_left	sys_stroke_megastroke2018	False	True
rs3138142	0.0501395	0.00725	0.0169	0.0135	0.24032	50695.0	440328.0	47.82819424970272	4.65257e-12	0.2114	ret_gcipl_left__sys_stroke_megastroke2018	ret_gcipl_left_to_sys_stroke_megastroke2018	ret_gcipl_left	sys_stroke_megastroke2018	False	True
rs17318932	-0.0859249	0.0124582	0.0	0.0205	0.0654299	51047.0	440328.0	47.56937807989333	5.31009e-12	0.9999	ret_gcipl_left__sys_stroke_megastroke2018	ret_gcipl_left_to_sys_stroke_megastroke2018	ret_gcipl_left	sys_stroke_megastroke2018	False	True
rs12193446	0.0710512	0.0105182	-0.0113	0.0175	0.0955198	51047.0	440328.0	45.63099989539749	1.42749e-11	0.5196	ret_gcipl_left__sys_stroke_megastroke2018	ret_gcipl_left_to_sys_stroke_megastroke2018	ret_gcipl_left	sys_stroke_megastroke2018	False	True
rs34361557	-0.0422883	0.00655125	-0.0017	0.0109	0.400454	47169.0	440328.0	41.666988050952675	1.08218e-10	0.875	ret_gcipl_left__sys_stroke_megastroke2018	ret_gcipl_left_to_sys_stroke_megastroke2018	ret_gcipl_left	sys_stroke_megastroke2018	False	True
rs115531193	0.0624507	0.00978357	0.0077	0.0189	0.113364	51039.0	440328.0	40.745524063585265	1.73394e-10	0.6851	ret_gcipl_left__sys_stroke_megastroke2018	ret_gcipl_left_to_sys_stroke_megastroke2018	ret_gcipl_left	sys_stroke_megastroke2018	False	True
rs62106867	0.0389556	0.00620137	0.0017	0.0099	0.465912	50957.0	440328.0	39.46067480105981	3.34734e-10	0.8629	ret_gcipl_left__sys_stroke_megastroke2018	ret_gcipl_left_to_sys_stroke_megastroke2018	ret_gcipl_left	sys_stroke_megastroke2018	False	True
rs3862368	-0.0415562	0.00668224	-0.0049	0.0108	0.325809	50103.0	440328.0	38.67475008839795	5.00645e-10	0.6519	ret_gcipl_left__sys_stroke_megastroke2018	ret_gcipl_left_to_sys_stroke_megastroke2018	ret_gcipl_left	sys_stroke_megastroke2018	False	True
rs11876004	-0.0497424	0.00803601	-0.012	0.0145	0.181281	50885.0	440328.0	38.31532679406158	6.01904e-10	0.4062	ret_gcipl_left__sys_stroke_megastroke2018	ret_gcipl_left_to_sys_stroke_megastroke2018	ret_gcipl_left	sys_stroke_megastroke2018	False	True
rs12498322	0.0377704	0.006266	0.0061	0.0101	0.427418	50915.0	440328.0	36.33476763984679	1.66169e-09	0.5467	ret_gcipl_left__sys_stroke_megastroke2018	ret_gcipl_left_to_sys_stroke_megastroke2018	ret_gcipl_left	sys_stroke_megastroke2018	False	True
rs1348003	0.0395617	0.006666	-0.0063	0.0107	0.319982	50209.0	440328.0	35.22242653810835	2.94112e-09	0.5544	ret_gcipl_left__sys_stroke_megastroke2018	ret_gcipl_left_to_sys_stroke_megastroke2018	ret_gcipl_left	sys_stroke_megastroke2018	False	True
rs6478995	-0.0369701	0.00625443	-0.0271	0.0099	0.42733	51025.0	440328.0	34.940231500597896	3.40002e-09	0.006351	ret_gcipl_left__sys_stroke_megastroke2018	ret_gcipl_left_to_sys_stroke_megastroke2018	ret_gcipl_left	sys_stroke_megastroke2018	False	True
rs4096587	-0.0619884	0.0105347	0.0012	0.0181	0.0950228	50993.0	440328.0	34.62394174934451	3.99984e-09	0.9486	ret_gcipl_left__sys_stroke_megastroke2018	ret_gcipl_left_to_sys_stroke_megastroke2018	ret_gcipl_left	sys_stroke_megastroke2018	False	True
rs6721680	0.0403859	0.00688381	0.0027	0.011	0.282318	50939.0	440328.0	34.41928001136859	4.44313e-09	0.8078	ret_gcipl_left__sys_stroke_megastroke2018	ret_gcipl_left_to_sys_stroke_megastroke2018	ret_gcipl_left	sys_stroke_megastroke2018	False	True
rs61791630	0.048144	0.00844105	-0.006	0.0135	0.158149	51031.0	440328.0	32.53054918860272	1.17338e-08	0.6565	ret_gcipl_left__sys_stroke_megastroke2018	ret_gcipl_left_to_sys_stroke_megastroke2018	ret_gcipl_left	sys_stroke_megastroke2018	False	True
rs254776	-0.0384559	0.0067604	-0.0044	0.0106	0.306028	50417.0	440328.0	32.357962951426	1.28227e-08	0.6795	ret_gcipl_left__sys_stroke_megastroke2018	ret_gcipl_left_to_sys_stroke_megastroke2018	ret_gcipl_left	sys_stroke_megastroke2018	False	True
rs8021126	0.05162	0.00915425	-0.0135	0.0172	0.14798	46280.0	440328.0	31.797316007148908	1.71134e-08	0.4338	ret_gcipl_left__sys_stroke_megastroke2018	ret_gcipl_left_to_sys_stroke_megastroke2018	ret_gcipl_left	sys_stroke_megastroke2018	False	True
rs56213534	0.0379877	0.00677315	0.0265	0.0108	0.300708	50722.0	440328.0	31.456080803629764	2.03998e-08	0.01452	ret_gcipl_left__sys_stroke_megastroke2018	ret_gcipl_left_to_sys_stroke_megastroke2018	ret_gcipl_left	sys_stroke_megastroke2018	False	True
rs2004187	-0.0348595	0.00629336	0.0054	0.0103	0.403951	51047.0	440328.0	30.68154013320415	3.04043e-08	0.5984	ret_gcipl_left__sys_stroke_megastroke2018	ret_gcipl_left_to_sys_stroke_megastroke2018	ret_gcipl_left	sys_stroke_megastroke2018	False	True
rs1894774	0.0346654	0.00626724	0.017	0.0102	0.479721	50324.0	440328.0	30.594247772572512	3.18031e-08	0.09448	ret_gcipl_left__sys_stroke_megastroke2018	ret_gcipl_left_to_sys_stroke_megastroke2018	ret_gcipl_left	sys_stroke_megastroke2018	False	True
rs2190989	0.0343647	0.00623247	-0.0085	0.0101	0.452093	51047.0	440328.0	30.402179611654322	3.51133e-08	0.4008	ret_gcipl_left__sys_stroke_megastroke2018	ret_gcipl_left_to_sys_stroke_megastroke2018	ret_gcipl_left	sys_stroke_megastroke2018	False	True
rs2107595	0.0882	0.0132	0.010128	0.00865017	0.1673	440328.0	50695.0	44.64669421487603	2.328e-11	0.241661	ret_gcipl_left__sys_stroke_megastroke2018	sys_stroke_megastroke2018_to_ret_gcipl_left	sys_stroke_megastroke2018	ret_gcipl_left	True	False
rs11242678	0.0723	0.0114	-0.00307569	0.00711424	0.255	440328.0	51018.0	40.22229916897507	2.703e-10	0.665503	ret_gcipl_left__sys_stroke_megastroke2018	sys_stroke_megastroke2018_to_ret_gcipl_left	sys_stroke_megastroke2018	ret_gcipl_left	True	False
rs2758612	0.0653	0.0111	0.000524323	0.00661062	0.6453	440328.0	48861.0	34.60831101371642	3.677e-09	0.936782	ret_gcipl_left__sys_stroke_megastroke2018	sys_stroke_megastroke2018_to_ret_gcipl_left	sys_stroke_megastroke2018	ret_gcipl_left	True	False
rs635634	0.0772	0.0134	0.00794574	0.00793672	0.1921	440328.0	51047.0	33.19135664958788	9.179e-09	0.316761	ret_gcipl_left__sys_stroke_megastroke2018	sys_stroke_megastroke2018_to_ret_gcipl_left	sys_stroke_megastroke2018	ret_gcipl_left	True	False
rs473238	0.0831	0.0147	0.00641523	0.00939076	0.1326	440328.0	50891.0	31.957101207830068	1.651e-08	0.494517	ret_gcipl_left__sys_stroke_megastroke2018	sys_stroke_megastroke2018_to_ret_gcipl_left	sys_stroke_megastroke2018	ret_gcipl_left	True	False
rs4942561	0.0655	0.0116	0.00887159	0.00719521	0.759	440328.0	50901.0	31.883546373365046	1.771e-08	0.217581	ret_gcipl_left__sys_stroke_megastroke2018	sys_stroke_megastroke2018_to_ret_gcipl_left	sys_stroke_megastroke2018	ret_gcipl_left	True	False
rs2066864	0.0634	0.0115	-0.00116331	0.00721946	0.2452	440328.0	51037.0	30.39364839319471	3.514e-08	0.871987	ret_gcipl_left__sys_stroke_megastroke2018	sys_stroke_megastroke2018_to_ret_gcipl_left	sys_stroke_megastroke2018	ret_gcipl_left	True	False
rs9905786	-0.105726	0.00647922	-0.011	0.013	0.3554	50982.0	156106.0	266.2674934947297	7.38712e-60	0.4	ret_gcipl_left__sys_t2d_scott2017	ret_gcipl_left_to_sys_t2d_scott2017	ret_gcipl_left	sys_t2d_scott2017	False	True
rs17279437	-0.120879	0.00997746	0.011	0.02	0.10651	51047.0	152598.0	146.7782570836495	8.77418e-34	0.6	ret_gcipl_left__sys_t2d_scott2017	ret_gcipl_left_to_sys_t2d_scott2017	ret_gcipl_left	sys_t2d_scott2017	False	True
rs1800407	-0.103708	0.0111663	0.002	0.029	0.0830999	51047.0	158185.0	86.25930103106457	1.57823e-20	0.94	ret_gcipl_left__sys_t2d_scott2017	ret_gcipl_left_to_sys_t2d_scott2017	ret_gcipl_left	sys_t2d_scott2017	False	True
rs10212888	0.0582602	0.00657525	0.008	0.013	0.342716	50059.0	152598.0	78.50899219757609	7.96396e-19	0.55	ret_gcipl_left__sys_t2d_scott2017	ret_gcipl_left_to_sys_t2d_scott2017	ret_gcipl_left	sys_t2d_scott2017	False	True
rs887595	0.0699629	0.00813134	0.023	0.016	0.177939	50655.0	152598.0	74.03061618325484	7.69123e-18	0.16	ret_gcipl_left__sys_t2d_scott2017	ret_gcipl_left_to_sys_t2d_scott2017	ret_gcipl_left	sys_t2d_scott2017	False	True
rs1536057	-0.0571208	0.00691465	-0.0072	0.013	0.278389	50785.0	158185.0	68.24143615511217	1.44664e-16	0.59	ret_gcipl_left__sys_t2d_scott2017	ret_gcipl_left_to_sys_t2d_scott2017	ret_gcipl_left	sys_t2d_scott2017	False	True
rs1625244	-0.0550581	0.00687897	-0.0089	0.013	0.2785	51027.0	156109.0	64.06127964760468	1.20609e-15	0.51	ret_gcipl_left__sys_t2d_scott2017	ret_gcipl_left_to_sys_t2d_scott2017	ret_gcipl_left	sys_t2d_scott2017	False	True
rs3138142	0.0501395	0.00725	-0.02	0.016	0.24032	50695.0	158183.0	47.82819424970272	4.65257e-12	0.22	ret_gcipl_left__sys_t2d_scott2017	ret_gcipl_left_to_sys_t2d_scott2017	ret_gcipl_left	sys_t2d_scott2017	False	True
rs17318932	-0.0859249	0.0124582	-0.0079	0.025	0.0654299	51047.0	158186.0	47.56937807989333	5.31009e-12	0.75	ret_gcipl_left__sys_t2d_scott2017	ret_gcipl_left_to_sys_t2d_scott2017	ret_gcipl_left	sys_t2d_scott2017	False	True
rs12193446	0.0710512	0.0105182	-0.01	0.022	0.0955198	51047.0	158185.0	45.63099989539749	1.42749e-11	0.63	ret_gcipl_left__sys_t2d_scott2017	ret_gcipl_left_to_sys_t2d_scott2017	ret_gcipl_left	sys_t2d_scott2017	False	True
rs34361557	-0.0422883	0.00655125	-0.01	0.013	0.400454	47169.0	158184.0	41.666988050952675	1.08218e-10	0.43	ret_gcipl_left__sys_t2d_scott2017	ret_gcipl_left_to_sys_t2d_scott2017	ret_gcipl_left	sys_t2d_scott2017	False	True
rs62106867	0.0389556	0.00620137	0.01	0.012	0.465912	50957.0	158186.0	39.46067480105981	3.34734e-10	0.39	ret_gcipl_left__sys_t2d_scott2017	ret_gcipl_left_to_sys_t2d_scott2017	ret_gcipl_left	sys_t2d_scott2017	False	True
rs3862368	-0.0415562	0.00668224	-0.015	0.013	0.325809	50103.0	158185.0	38.67475008839795	5.00645e-10	0.25	ret_gcipl_left__sys_t2d_scott2017	ret_gcipl_left_to_sys_t2d_scott2017	ret_gcipl_left	sys_t2d_scott2017	False	True
rs11876004	-0.0497424	0.00803601	-0.018	0.017	0.181281	50885.0	158184.0	38.31532679406158	6.01904e-10	0.28	ret_gcipl_left__sys_t2d_scott2017	ret_gcipl_left_to_sys_t2d_scott2017	ret_gcipl_left	sys_t2d_scott2017	False	True
rs7225002	0.0380199	0.00630738	0.0096	0.014	0.414355	50756.0	152309.0	36.3348981492183	1.66167e-09	0.48	ret_gcipl_left__sys_t2d_scott2017	ret_gcipl_left_to_sys_t2d_scott2017	ret_gcipl_left	sys_t2d_scott2017	False	True
rs12498322	0.0377704	0.006266	-0.012	0.012	0.427418	50915.0	158185.0	36.33476763984679	1.66169e-09	0.34	ret_gcipl_left__sys_t2d_scott2017	ret_gcipl_left_to_sys_t2d_scott2017	ret_gcipl_left	sys_t2d_scott2017	False	True
rs6478995	-0.0369701	0.00625443	-0.0028	0.012	0.42733	51025.0	158183.0	34.940231500597896	3.40002e-09	0.82	ret_gcipl_left__sys_t2d_scott2017	ret_gcipl_left_to_sys_t2d_scott2017	ret_gcipl_left	sys_t2d_scott2017	False	True
rs4096587	-0.0619884	0.0105347	0.034	0.021	0.0950228	50993.0	158185.0	34.62394174934451	3.99984e-09	0.12	ret_gcipl_left__sys_t2d_scott2017	ret_gcipl_left_to_sys_t2d_scott2017	ret_gcipl_left	sys_t2d_scott2017	False	True
rs6721680	0.0403859	0.00688381	-0.014	0.013	0.282318	50939.0	158186.0	34.41928001136859	4.44313e-09	0.29	ret_gcipl_left__sys_t2d_scott2017	ret_gcipl_left_to_sys_t2d_scott2017	ret_gcipl_left	sys_t2d_scott2017	False	True
rs8021126	0.05162	0.00915425	-0.05	0.024	0.14798	46280.0	144210.0	31.797316007148908	1.71134e-08	0.032	ret_gcipl_left__sys_t2d_scott2017	ret_gcipl_left_to_sys_t2d_scott2017	ret_gcipl_left	sys_t2d_scott2017	False	True
rs56213534	0.0379877	0.00677315	0.051	0.013	0.300708	50722.0	158185.0	31.456080803629764	2.03998e-08	9.3e-05	ret_gcipl_left__sys_t2d_scott2017	ret_gcipl_left_to_sys_t2d_scott2017	ret_gcipl_left	sys_t2d_scott2017	False	True
rs2004187	-0.0348595	0.00629336	-0.0029	0.013	0.403951	51047.0	152599.0	30.68154013320415	3.04043e-08	0.82	ret_gcipl_left__sys_t2d_scott2017	ret_gcipl_left_to_sys_t2d_scott2017	ret_gcipl_left	sys_t2d_scott2017	False	True
rs1894774	0.0346654	0.00626724	-0.006	0.012	0.479721	50324.0	158186.0	30.594247772572512	3.18031e-08	0.62	ret_gcipl_left__sys_t2d_scott2017	ret_gcipl_left_to_sys_t2d_scott2017	ret_gcipl_left	sys_t2d_scott2017	False	True
rs2190989	0.0343647	0.00623247	0.0096	0.013	0.452093	51047.0	152599.0	30.402179611654322	3.51133e-08	0.45	ret_gcipl_left__sys_t2d_scott2017	ret_gcipl_left_to_sys_t2d_scott2017	ret_gcipl_left	sys_t2d_scott2017	False	True
rs7903146	0.29	0.013	-0.0167087	0.00679598	NA	158186.0	51047.0	497.6331360946745	9.3e-108	0.0139473	ret_gcipl_left__sys_t2d_scott2017	sys_t2d_scott2017_to_ret_gcipl_left	sys_t2d_scott2017	ret_gcipl_left	True	False
rs7451008	-0.17	0.013	0.00613352	0.007038	NA	158185.0	50750.0	171.00591715976336	3.8e-37	0.383488	ret_gcipl_left__sys_t2d_scott2017	sys_t2d_scott2017_to_ret_gcipl_left	sys_t2d_scott2017	ret_gcipl_left	True	False
rs4402960	0.14	0.013	0.0143332	0.00669528	NA	152598.0	51047.0	115.97633136094676	2.7e-25	0.0322905	ret_gcipl_left__sys_t2d_scott2017	sys_t2d_scott2017_to_ret_gcipl_left	sys_t2d_scott2017	ret_gcipl_left	True	False
rs3802177	-0.11	0.013	-0.00296703	0.00672235	NA	158185.0	51047.0	71.59763313609467	1.7e-17	0.658946	ret_gcipl_left__sys_t2d_scott2017	sys_t2d_scott2017_to_ret_gcipl_left	sys_t2d_scott2017	ret_gcipl_left	True	False
rs10965250	-0.14	0.016	-0.000704008	0.00818176	NA	158183.0	51047.0	76.5625	2.7e-17	0.93143	ret_gcipl_left__sys_t2d_scott2017	sys_t2d_scott2017_to_ret_gcipl_left	sys_t2d_scott2017	ret_gcipl_left	True	False
rs3821943	0.1	0.012	0.00654926	0.00624313	NA	158185.0	50205.0	69.44444444444446	4.2e-16	0.294163	ret_gcipl_left__sys_t2d_scott2017	sys_t2d_scott2017_to_ret_gcipl_left	sys_t2d_scott2017	ret_gcipl_left	True	False
rs2237895	-0.097	0.013	0.00405299	0.00625891	NA	158185.0	51047.0	55.67455621301775	1.7e-13	0.517273	ret_gcipl_left__sys_t2d_scott2017	sys_t2d_scott2017_to_ret_gcipl_left	sys_t2d_scott2017	ret_gcipl_left	True	False
rs11708067	0.11	0.015	-0.0167419	0.00722445	NA	152598.0	51047.0	53.777777777777786	8.8e-13	0.0204826	ret_gcipl_left__sys_t2d_scott2017	sys_t2d_scott2017_to_ret_gcipl_left	sys_t2d_scott2017	ret_gcipl_left	True	False
rs810517	-0.089	0.013	-0.00754359	0.00618911	NA	152599.0	51035.0	46.869822485207095	1.3e-12	0.222902	ret_gcipl_left__sys_t2d_scott2017	sys_t2d_scott2017_to_ret_gcipl_left	sys_t2d_scott2017	ret_gcipl_left	True	False
rs11616380	-0.09	0.014	0.00184678	0.00693007	NA	158184.0	50261.0	41.32653061224489	3.9e-11	0.789864	ret_gcipl_left__sys_t2d_scott2017	sys_t2d_scott2017_to_ret_gcipl_left	sys_t2d_scott2017	ret_gcipl_left	True	False
rs429358	0.12	0.019	0.0116308	0.00855472	NA	152543.0	51047.0	39.88919667590028	1.4e-10	0.173964	ret_gcipl_left__sys_t2d_scott2017	sys_t2d_scott2017_to_ret_gcipl_left	sys_t2d_scott2017	ret_gcipl_left	True	False
rs6757251	-0.13	0.021	0.028663	0.00992071	NA	158186.0	51034.0	38.32199546485261	1.9e-10	0.00386213	ret_gcipl_left__sys_t2d_scott2017	sys_t2d_scott2017_to_ret_gcipl_left	sys_t2d_scott2017	ret_gcipl_left	True	False
rs10965223	0.077	0.012	-0.0191097	0.00631516	NA	158183.0	51005.0	41.1736111111111	4e-10	0.00247804	ret_gcipl_left__sys_t2d_scott2017	sys_t2d_scott2017_to_ret_gcipl_left	sys_t2d_scott2017	ret_gcipl_left	True	False
rs11759026	-0.091	0.015	-0.00543776	0.00739765	NA	158185.0	50617.0	36.80444444444444	5.8e-10	0.4623	ret_gcipl_left__sys_t2d_scott2017	sys_t2d_scott2017_to_ret_gcipl_left	sys_t2d_scott2017	ret_gcipl_left	True	False
rs28650790	0.1	0.016	0.00776668	0.00785629	NA	158186.0	50983.0	39.0625	7.4e-10	0.322862	ret_gcipl_left__sys_t2d_scott2017	sys_t2d_scott2017_to_ret_gcipl_left	sys_t2d_scott2017	ret_gcipl_left	True	False
rs231360	0.079	0.013	-0.00175961	0.00641205	NA	158185.0	50374.0	36.92899408284024	9.5e-10	0.78376	ret_gcipl_left__sys_t2d_scott2017	sys_t2d_scott2017_to_ret_gcipl_left	sys_t2d_scott2017	ret_gcipl_left	True	False
rs4238013	-0.099	0.017	-0.00685419	0.00774489	NA	158183.0	50479.0	33.91349480968858	3.6e-09	0.376159	ret_gcipl_left__sys_t2d_scott2017	sys_t2d_scott2017_to_ret_gcipl_left	sys_t2d_scott2017	ret_gcipl_left	True	False
rs76550717	0.096	0.016	-0.0115725	0.00853501	NA	158185.0	50278.0	36.0	3.8e-09	0.175134	ret_gcipl_left__sys_t2d_scott2017	sys_t2d_scott2017_to_ret_gcipl_left	sys_t2d_scott2017	ret_gcipl_left	True	False
rs2023681	-0.12	0.021	0.0229623	0.0108677	NA	158183.0	51035.0	32.65306122448979	3.9e-09	0.0346098	ret_gcipl_left__sys_t2d_scott2017	sys_t2d_scott2017_to_ret_gcipl_left	sys_t2d_scott2017	ret_gcipl_left	True	False
rs1061810	0.08	0.014	0.00676163	0.00680883	NA	158185.0	51047.0	32.6530612244898	5.3e-09	0.320677	ret_gcipl_left__sys_t2d_scott2017	sys_t2d_scott2017_to_ret_gcipl_left	sys_t2d_scott2017	ret_gcipl_left	True	False
rs4846569	-0.077	0.013	0.00431301	0.00681483	NA	158184.0	50680.0	35.082840236686394	8.8e-09	0.526808	ret_gcipl_left__sys_t2d_scott2017	sys_t2d_scott2017_to_ret_gcipl_left	sys_t2d_scott2017	ret_gcipl_left	True	False
rs10193447	0.071	0.012	0.0100863	0.00635783	NA	158186.0	50088.0	35.006944444444436	1.3e-08	0.112639	ret_gcipl_left__sys_t2d_scott2017	sys_t2d_scott2017_to_ret_gcipl_left	sys_t2d_scott2017	ret_gcipl_left	True	False
rs2215383	-0.069	0.012	0.00483111	0.00623751	NA	158184.0	51029.0	33.0625	1.4e-08	0.43862	ret_gcipl_left__sys_t2d_scott2017	sys_t2d_scott2017_to_ret_gcipl_left	sys_t2d_scott2017	ret_gcipl_left	True	False
rs35352848	0.083	0.015	-0.00119095	0.00771809	NA	158185.0	50988.0	30.617777777777786	1.5e-08	0.877368	ret_gcipl_left__sys_t2d_scott2017	sys_t2d_scott2017_to_ret_gcipl_left	sys_t2d_scott2017	ret_gcipl_left	True	False
rs62530366	-0.076	0.013	-0.00214255	0.00647702	NA	158185.0	49255.0	34.177514792899416	1.9e-08	0.740801	ret_gcipl_left__sys_t2d_scott2017	sys_t2d_scott2017_to_ret_gcipl_left	sys_t2d_scott2017	ret_gcipl_left	True	False
rs9410573	0.073	0.013	-0.00431949	0.00629227	NA	158183.0	50289.0	31.53254437869822	2e-08	0.492413	ret_gcipl_left__sys_t2d_scott2017	sys_t2d_scott2017_to_ret_gcipl_left	sys_t2d_scott2017	ret_gcipl_left	True	False
rs4774420	-0.075	0.013	0.00767496	0.00684483	NA	158185.0	49420.0	33.28402366863905	2.7e-08	0.26217	ret_gcipl_left__sys_t2d_scott2017	sys_t2d_scott2017_to_ret_gcipl_left	sys_t2d_scott2017	ret_gcipl_left	True	False
rs5219	0.068	0.012	0.0193354	0.00646597	NA	158185.0	51047.0	32.111111111111114	4.3e-08	0.00278672	ret_gcipl_left__sys_t2d_scott2017	sys_t2d_scott2017_to_ret_gcipl_left	sys_t2d_scott2017	ret_gcipl_left	True	False
rs9905786	-0.105726	0.00647922	0.0036	0.0103	0.3554	50982.0	398911.0	266.2674934947297	7.38712e-60	0.7245	ret_gcipl_left__sys_ckd_wuttke2019	ret_gcipl_left_to_sys_ckd_wuttke2019	ret_gcipl_left	sys_ckd_wuttke2019	False	True
rs11762530	-0.096109	0.00634099	-0.0019	0.0098	0.40646	50337.0	402682.0	229.72802580357163	6.83239e-52	0.8435	ret_gcipl_left__sys_ckd_wuttke2019	ret_gcipl_left_to_sys_ckd_wuttke2019	ret_gcipl_left	sys_ckd_wuttke2019	False	True
rs75048985	0.165064	0.0119488	0.012	0.019	0.0721453	50925.0	444925.0	190.83417268795347	2.09128e-43	0.5285	ret_gcipl_left__sys_ckd_wuttke2019	ret_gcipl_left_to_sys_ckd_wuttke2019	ret_gcipl_left	sys_ckd_wuttke2019	False	True
rs17279437	-0.120879	0.00997746	0.0247	0.0144	0.10651	51047.0	440107.0	146.7782570836495	8.77418e-34	0.0876	ret_gcipl_left__sys_ckd_wuttke2019	ret_gcipl_left_to_sys_ckd_wuttke2019	ret_gcipl_left	sys_ckd_wuttke2019	False	True
rs17725573	0.0723862	0.00709656	-0.0127	0.0103	0.255825	50855.0	444824.0	104.04370255923537	1.97907e-24	0.2167	ret_gcipl_left__sys_ckd_wuttke2019	ret_gcipl_left_to_sys_ckd_wuttke2019	ret_gcipl_left	sys_ckd_wuttke2019	False	True
rs1800407	-0.103708	0.0111663	-0.0057	0.0212	0.0830999	51047.0	398001.0	86.25930103106457	1.57823e-20	0.7886	ret_gcipl_left__sys_ckd_wuttke2019	ret_gcipl_left_to_sys_ckd_wuttke2019	ret_gcipl_left	sys_ckd_wuttke2019	False	True
rs10212888	0.0582602	0.00657525	0.0068	0.0096	0.342716	50059.0	437840.0	78.50899219757609	7.96396e-19	0.479	ret_gcipl_left__sys_ckd_wuttke2019	ret_gcipl_left_to_sys_ckd_wuttke2019	ret_gcipl_left	sys_ckd_wuttke2019	False	True
rs887595	0.0699629	0.00813134	-0.0076	0.0127	0.177939	50655.0	402682.0	74.03061618325484	7.69123e-18	0.5482	ret_gcipl_left__sys_ckd_wuttke2019	ret_gcipl_left_to_sys_ckd_wuttke2019	ret_gcipl_left	sys_ckd_wuttke2019	False	True
rs1536057	-0.0571208	0.00691465	-0.004	0.0102	0.278389	50785.0	440290.0	68.24143615511217	1.44664e-16	0.6973	ret_gcipl_left__sys_ckd_wuttke2019	ret_gcipl_left_to_sys_ckd_wuttke2019	ret_gcipl_left	sys_ckd_wuttke2019	False	True
rs1625244	-0.0550581	0.00687897	-0.0007	0.01	0.2785	51027.0	436722.0	64.06127964760468	1.20609e-15	0.9463	ret_gcipl_left__sys_ckd_wuttke2019	ret_gcipl_left_to_sys_ckd_wuttke2019	ret_gcipl_left	sys_ckd_wuttke2019	False	True
rs3138142	0.0501395	0.00725	0.0095	0.0115	0.24032	50695.0	429344.0	47.82819424970272	4.65257e-12	0.4101	ret_gcipl_left__sys_ckd_wuttke2019	ret_gcipl_left_to_sys_ckd_wuttke2019	ret_gcipl_left	sys_ckd_wuttke2019	False	True
rs17318932	-0.0859249	0.0124582	0.0003	0.0186	0.0654299	51047.0	444698.0	47.56937807989333	5.31009e-12	0.9859	ret_gcipl_left__sys_ckd_wuttke2019	ret_gcipl_left_to_sys_ckd_wuttke2019	ret_gcipl_left	sys_ckd_wuttke2019	False	True
rs12193446	0.0710512	0.0105182	-0.0034	0.0162	0.0955198	51047.0	402682.0	45.63099989539749	1.42749e-11	0.8341	ret_gcipl_left__sys_ckd_wuttke2019	ret_gcipl_left_to_sys_ckd_wuttke2019	ret_gcipl_left	sys_ckd_wuttke2019	False	True
rs34361557	-0.0422883	0.00655125	0.0109	0.0114	0.400454	47169.0	306905.0	41.666988050952675	1.08218e-10	0.3367	ret_gcipl_left__sys_ckd_wuttke2019	ret_gcipl_left_to_sys_ckd_wuttke2019	ret_gcipl_left	sys_ckd_wuttke2019	False	True
rs115531193	0.0624507	0.00978357	-0.011	0.0181	0.113364	51039.0	306905.0	40.745524063585265	1.73394e-10	0.5437	ret_gcipl_left__sys_ckd_wuttke2019	ret_gcipl_left_to_sys_ckd_wuttke2019	ret_gcipl_left	sys_ckd_wuttke2019	False	True
rs62106867	0.0389556	0.00620137	-0.0141	0.0098	0.465912	50957.0	444851.0	39.46067480105981	3.34734e-10	0.1484	ret_gcipl_left__sys_ckd_wuttke2019	ret_gcipl_left_to_sys_ckd_wuttke2019	ret_gcipl_left	sys_ckd_wuttke2019	False	True
rs3862368	-0.0415562	0.00668224	0.0254	0.0105	0.325809	50103.0	402682.0	38.67475008839795	5.00645e-10	0.01573	ret_gcipl_left__sys_ckd_wuttke2019	ret_gcipl_left_to_sys_ckd_wuttke2019	ret_gcipl_left	sys_ckd_wuttke2019	False	True
rs11876004	-0.0497424	0.00803601	0.0278	0.0147	0.181281	50885.0	306905.0	38.31532679406158	6.01904e-10	0.0593	ret_gcipl_left__sys_ckd_wuttke2019	ret_gcipl_left_to_sys_ckd_wuttke2019	ret_gcipl_left	sys_ckd_wuttke2019	False	True
rs7225002	0.0380199	0.00630738	0.0047	0.0099	0.414355	50756.0	405314.0	36.3348981492183	1.66167e-09	0.6326	ret_gcipl_left__sys_ckd_wuttke2019	ret_gcipl_left_to_sys_ckd_wuttke2019	ret_gcipl_left	sys_ckd_wuttke2019	False	True
rs12498322	0.0377704	0.006266	-0.0013	0.0097	0.427418	50915.0	402682.0	36.33476763984679	1.66169e-09	0.8915	ret_gcipl_left__sys_ckd_wuttke2019	ret_gcipl_left_to_sys_ckd_wuttke2019	ret_gcipl_left	sys_ckd_wuttke2019	False	True
rs1348003	0.0395617	0.006666	0.0103	0.0097	0.319982	50209.0	439084.0	35.22242653810835	2.94112e-09	0.2924	ret_gcipl_left__sys_ckd_wuttke2019	ret_gcipl_left_to_sys_ckd_wuttke2019	ret_gcipl_left	sys_ckd_wuttke2019	False	True
rs6478995	-0.0369701	0.00625443	-0.0061	0.0092	0.42733	51025.0	444865.0	34.940231500597896	3.40002e-09	0.5054	ret_gcipl_left__sys_ckd_wuttke2019	ret_gcipl_left_to_sys_ckd_wuttke2019	ret_gcipl_left	sys_ckd_wuttke2019	False	True
rs4096587	-0.0619884	0.0105347	-0.0011	0.0184	0.0950228	50993.0	349075.0	34.62394174934451	3.99984e-09	0.9515	ret_gcipl_left__sys_ckd_wuttke2019	ret_gcipl_left_to_sys_ckd_wuttke2019	ret_gcipl_left	sys_ckd_wuttke2019	False	True
rs6721680	0.0403859	0.00688381	-0.0013	0.0101	0.282318	50939.0	444929.0	34.41928001136859	4.44313e-09	0.8956	ret_gcipl_left__sys_ckd_wuttke2019	ret_gcipl_left_to_sys_ckd_wuttke2019	ret_gcipl_left	sys_ckd_wuttke2019	False	True
rs61791630	0.048144	0.00844105	0.0027	0.013	0.158149	51031.0	402682.0	32.53054918860272	1.17338e-08	0.8376	ret_gcipl_left__sys_ckd_wuttke2019	ret_gcipl_left_to_sys_ckd_wuttke2019	ret_gcipl_left	sys_ckd_wuttke2019	False	True
rs254776	-0.0384559	0.0067604	0.0007	0.0098	0.306028	50417.0	444962.0	32.357962951426	1.28227e-08	0.9391	ret_gcipl_left__sys_ckd_wuttke2019	ret_gcipl_left_to_sys_ckd_wuttke2019	ret_gcipl_left	sys_ckd_wuttke2019	False	True
rs8021126	0.05162	0.00915425	0.015	0.0167	0.14798	46280.0	336565.0	31.797316007148908	1.71134e-08	0.3691	ret_gcipl_left__sys_ckd_wuttke2019	ret_gcipl_left_to_sys_ckd_wuttke2019	ret_gcipl_left	sys_ckd_wuttke2019	False	True
rs56213534	0.0379877	0.00677315	-0.0097	0.0103	0.300708	50722.0	402682.0	31.456080803629764	2.03998e-08	0.3487	ret_gcipl_left__sys_ckd_wuttke2019	ret_gcipl_left_to_sys_ckd_wuttke2019	ret_gcipl_left	sys_ckd_wuttke2019	False	True
rs2004187	-0.0348595	0.00629336	0.0015	0.0093	0.403951	51047.0	440290.0	30.68154013320415	3.04043e-08	0.8674	ret_gcipl_left__sys_ckd_wuttke2019	ret_gcipl_left_to_sys_ckd_wuttke2019	ret_gcipl_left	sys_ckd_wuttke2019	False	True
rs1894774	0.0346654	0.00626724	0.0045	0.0096	0.479721	50324.0	402682.0	30.594247772572512	3.18031e-08	0.6415	ret_gcipl_left__sys_ckd_wuttke2019	ret_gcipl_left_to_sys_ckd_wuttke2019	ret_gcipl_left	sys_ckd_wuttke2019	False	True
rs2190989	0.0343647	0.00623247	0.0058	0.0093	0.452093	51047.0	440290.0	30.402179611654322	3.51133e-08	0.5295	ret_gcipl_left__sys_ckd_wuttke2019	ret_gcipl_left_to_sys_ckd_wuttke2019	ret_gcipl_left	sys_ckd_wuttke2019	False	True
rs77924615	-0.2237	0.0128	-0.00314516	0.00793849	0.2	402682.0	49769.0	305.43023681640625	6.383e-69	0.691964	ret_gcipl_left__sys_ckd_wuttke2019	sys_ckd_wuttke2019_to_ret_gcipl_left	sys_ckd_wuttke2019	ret_gcipl_left	True	False
rs10224002	-0.1083	0.0102	0.0150698	0.006802	0.72	440290.0	51047.0	112.7344290657439	2.651e-26	0.0267265	ret_gcipl_left__sys_ckd_wuttke2019	sys_ckd_wuttke2019_to_ret_gcipl_left	sys_ckd_wuttke2019	ret_gcipl_left	True	False
rs2484639	-0.0774	0.0092	-0.00650008	0.00623501	0.51	438949.0	50747.0	70.77930056710774	2.95e-17	0.297174	ret_gcipl_left__sys_ckd_wuttke2019	sys_ckd_wuttke2019_to_ret_gcipl_left	sys_ckd_wuttke2019	ret_gcipl_left	True	False
rs62300825	-0.0949	0.0116	0.00406742	0.00759608	0.2	444622.0	50542.0	66.92932520808561	2.629e-16	0.592329	ret_gcipl_left__sys_ckd_wuttke2019	sys_ckd_wuttke2019_to_ret_gcipl_left	sys_ckd_wuttke2019	ret_gcipl_left	True	False
rs17730281	-0.0869	0.011	0.0137336	0.00738383	0.23	440290.0	51047.0	62.41000000000002	2.677e-15	0.0628924	ret_gcipl_left__sys_ckd_wuttke2019	sys_ckd_wuttke2019_to_ret_gcipl_left	sys_ckd_wuttke2019	ret_gcipl_left	True	False
rs35716097	0.0785	0.0105	0.00865277	0.00673921	0.32	402682.0	51047.0	55.89342403628117	8.202e-14	0.199161	ret_gcipl_left__sys_ckd_wuttke2019	sys_ckd_wuttke2019_to_ret_gcipl_left	sys_ckd_wuttke2019	ret_gcipl_left	True	False
rs700221	-0.0719	0.0098	-0.0108089	0.00630984	0.59	402682.0	50700.0	53.82767596834653	2.192e-13	0.0867088	ret_gcipl_left__sys_ckd_wuttke2019	sys_ckd_wuttke2019_to_ret_gcipl_left	sys_ckd_wuttke2019	ret_gcipl_left	True	False
rs7908590	-0.1343	0.0188	-0.0134687	0.0118106	0.93	402682.0	50786.0	51.0312641466727	8.993e-13	0.254121	ret_gcipl_left__sys_ckd_wuttke2019	sys_ckd_wuttke2019_to_ret_gcipl_left	sys_ckd_wuttke2019	ret_gcipl_left	True	False
rs12205178	0.0931	0.014	-0.00248269	0.00919446	0.12	444904.0	50910.0	44.222500000000004	3.087e-11	0.787145	ret_gcipl_left__sys_ckd_wuttke2019	sys_ckd_wuttke2019_to_ret_gcipl_left	sys_ckd_wuttke2019	ret_gcipl_left	True	False
rs4871907	-0.0628	0.0097	0.00624955	0.00648752	0.55	402682.0	47448.0	41.91561271123391	9.909e-11	0.335387	ret_gcipl_left__sys_ckd_wuttke2019	sys_ckd_wuttke2019_to_ret_gcipl_left	sys_ckd_wuttke2019	ret_gcipl_left	True	False
rs77713116	-0.0752	0.0116	-0.00680327	0.00649769	0.65	306905.0	50925.0	42.02615933412605	1.031e-10	0.295086	ret_gcipl_left__sys_ckd_wuttke2019	sys_ckd_wuttke2019_to_ret_gcipl_left	sys_ckd_wuttke2019	ret_gcipl_left	True	False
rs187355703	-0.1987	0.0312	-0.0298156	0.0202657	0.98	401575.0	50913.0	40.55893532215648	1.801e-10	0.141227	ret_gcipl_left__sys_ckd_wuttke2019	sys_ckd_wuttke2019_to_ret_gcipl_left	sys_ckd_wuttke2019	ret_gcipl_left	True	False
rs7178881	-0.0544	0.0092	-0.00352826	0.00625108	0.41	444846.0	51047.0	34.964083175803395	4.14e-09	0.572465	ret_gcipl_left__sys_ckd_wuttke2019	sys_ckd_wuttke2019_to_ret_gcipl_left	sys_ckd_wuttke2019	ret_gcipl_left	True	False
rs1458038	-0.059	0.01	0.0114809	0.00685505	0.31	440290.0	50238.0	34.809999999999995	4.206e-09	0.0939705	ret_gcipl_left__sys_ckd_wuttke2019	sys_ckd_wuttke2019_to_ret_gcipl_left	sys_ckd_wuttke2019	ret_gcipl_left	True	False
rs2580350	0.055	0.0098	-0.00690605	0.00632063	0.55	402682.0	49493.0	31.49729279466889	1.691e-08	0.274561	ret_gcipl_left__sys_ckd_wuttke2019	sys_ckd_wuttke2019_to_ret_gcipl_left	sys_ckd_wuttke2019	ret_gcipl_left	True	False
rs9474801	0.0522	0.0096	0.0068403	0.00653918	0.34	444725.0	50803.0	29.56640625000001	4.606e-08	0.295539	ret_gcipl_left__sys_ckd_wuttke2019	sys_ckd_wuttke2019_to_ret_gcipl_left	sys_ckd_wuttke2019	ret_gcipl_left	True	False
rs9905786	-0.105726	0.00647922	-0.0127	0.0159	0.3554	50982.0	63926.0	266.2674934947297	7.38712e-60	0.4245	ret_gcipl_left__sys_ad_kunkle2019	ret_gcipl_left_to_sys_ad_kunkle2019	ret_gcipl_left	sys_ad_kunkle2019	False	True
rs75048985	0.165064	0.0119488	-0.0284	0.028	0.0721453	50925.0	63926.0	190.83417268795347	2.09128e-43	0.3107	ret_gcipl_left__sys_ad_kunkle2019	ret_gcipl_left_to_sys_ad_kunkle2019	ret_gcipl_left	sys_ad_kunkle2019	False	True
rs17279437	-0.120879	0.00997746	-0.0088	0.0246	0.10651	51047.0	63926.0	146.7782570836495	8.77418e-34	0.7196	ret_gcipl_left__sys_ad_kunkle2019	ret_gcipl_left_to_sys_ad_kunkle2019	ret_gcipl_left	sys_ad_kunkle2019	False	True
rs17725573	0.0723862	0.00709656	-0.0103	0.0163	0.255825	50855.0	63926.0	104.04370255923537	1.97907e-24	0.5279	ret_gcipl_left__sys_ad_kunkle2019	ret_gcipl_left_to_sys_ad_kunkle2019	ret_gcipl_left	sys_ad_kunkle2019	False	True
rs1800407	-0.103708	0.0111663	0.0009	0.0311	0.0830999	51047.0	63926.0	86.25930103106457	1.57823e-20	0.9774	ret_gcipl_left__sys_ad_kunkle2019	ret_gcipl_left_to_sys_ad_kunkle2019	ret_gcipl_left	sys_ad_kunkle2019	False	True
rs10212888	0.0582602	0.00657525	-0.0049	0.0153	0.342716	50059.0	63926.0	78.50899219757609	7.96396e-19	0.7463	ret_gcipl_left__sys_ad_kunkle2019	ret_gcipl_left_to_sys_ad_kunkle2019	ret_gcipl_left	sys_ad_kunkle2019	False	True
rs887595	0.0699629	0.00813134	0.0064	0.0184	0.177939	50655.0	63926.0	74.03061618325484	7.69123e-18	0.7278	ret_gcipl_left__sys_ad_kunkle2019	ret_gcipl_left_to_sys_ad_kunkle2019	ret_gcipl_left	sys_ad_kunkle2019	False	True
rs1536057	-0.0571208	0.00691465	-0.0356	0.0158	0.278389	50785.0	63926.0	68.24143615511217	1.44664e-16	0.02386	ret_gcipl_left__sys_ad_kunkle2019	ret_gcipl_left_to_sys_ad_kunkle2019	ret_gcipl_left	sys_ad_kunkle2019	False	True
rs1625244	-0.0550581	0.00687897	-0.0135	0.016	0.2785	51027.0	63926.0	64.06127964760468	1.20609e-15	0.3976	ret_gcipl_left__sys_ad_kunkle2019	ret_gcipl_left_to_sys_ad_kunkle2019	ret_gcipl_left	sys_ad_kunkle2019	False	True
rs3138142	0.0501395	0.00725	0.0368	0.0199	0.24032	50695.0	63926.0	47.82819424970272	4.65257e-12	0.06423	ret_gcipl_left__sys_ad_kunkle2019	ret_gcipl_left_to_sys_ad_kunkle2019	ret_gcipl_left	sys_ad_kunkle2019	False	True
rs17318932	-0.0859249	0.0124582	-0.0316	0.0306	0.0654299	51047.0	63926.0	47.56937807989333	5.31009e-12	0.3013	ret_gcipl_left__sys_ad_kunkle2019	ret_gcipl_left_to_sys_ad_kunkle2019	ret_gcipl_left	sys_ad_kunkle2019	False	True
rs12193446	0.0710512	0.0105182	-0.0179	0.0255	0.0955198	51047.0	63926.0	45.63099989539749	1.42749e-11	0.4831	ret_gcipl_left__sys_ad_kunkle2019	ret_gcipl_left_to_sys_ad_kunkle2019	ret_gcipl_left	sys_ad_kunkle2019	False	True
rs34361557	-0.0422883	0.00655125	0.0163	0.0152	0.400454	47169.0	63926.0	41.666988050952675	1.08218e-10	0.2837	ret_gcipl_left__sys_ad_kunkle2019	ret_gcipl_left_to_sys_ad_kunkle2019	ret_gcipl_left	sys_ad_kunkle2019	False	True
rs115531193	0.0624507	0.00978357	0.0511	0.0222	0.113364	51039.0	63926.0	40.745524063585265	1.73394e-10	0.02146	ret_gcipl_left__sys_ad_kunkle2019	ret_gcipl_left_to_sys_ad_kunkle2019	ret_gcipl_left	sys_ad_kunkle2019	False	True
rs62106867	0.0389556	0.00620137	0.0221	0.0143	0.465912	50957.0	63926.0	39.46067480105981	3.34734e-10	0.1206	ret_gcipl_left__sys_ad_kunkle2019	ret_gcipl_left_to_sys_ad_kunkle2019	ret_gcipl_left	sys_ad_kunkle2019	False	True
rs3862368	-0.0415562	0.00668224	-0.0024	0.015	0.325809	50103.0	63926.0	38.67475008839795	5.00645e-10	0.8726	ret_gcipl_left__sys_ad_kunkle2019	ret_gcipl_left_to_sys_ad_kunkle2019	ret_gcipl_left	sys_ad_kunkle2019	False	True
rs11876004	-0.0497424	0.00803601	0.0185	0.0195	0.181281	50885.0	63926.0	38.31532679406158	6.01904e-10	0.3437	ret_gcipl_left__sys_ad_kunkle2019	ret_gcipl_left_to_sys_ad_kunkle2019	ret_gcipl_left	sys_ad_kunkle2019	False	True
rs7225002	0.0380199	0.00630738	-0.0178	0.0152	0.414355	50756.0	63926.0	36.3348981492183	1.66167e-09	0.2408	ret_gcipl_left__sys_ad_kunkle2019	ret_gcipl_left_to_sys_ad_kunkle2019	ret_gcipl_left	sys_ad_kunkle2019	False	True
rs12498322	0.0377704	0.006266	0.0105	0.0144	0.427418	50915.0	63926.0	36.33476763984679	1.66169e-09	0.4643	ret_gcipl_left__sys_ad_kunkle2019	ret_gcipl_left_to_sys_ad_kunkle2019	ret_gcipl_left	sys_ad_kunkle2019	False	True
rs1348003	0.0395617	0.006666	0.0076	0.0156	0.319982	50209.0	63926.0	35.22242653810835	2.94112e-09	0.6255	ret_gcipl_left__sys_ad_kunkle2019	ret_gcipl_left_to_sys_ad_kunkle2019	ret_gcipl_left	sys_ad_kunkle2019	False	True
rs6478995	-0.0369701	0.00625443	0.0026	0.0144	0.42733	51025.0	63926.0	34.940231500597896	3.40002e-09	0.8578	ret_gcipl_left__sys_ad_kunkle2019	ret_gcipl_left_to_sys_ad_kunkle2019	ret_gcipl_left	sys_ad_kunkle2019	False	True
rs4096587	-0.0619884	0.0105347	0.0337	0.0237	0.0950228	50993.0	63926.0	34.62394174934451	3.99984e-09	0.1548	ret_gcipl_left__sys_ad_kunkle2019	ret_gcipl_left_to_sys_ad_kunkle2019	ret_gcipl_left	sys_ad_kunkle2019	False	True
rs6721680	0.0403859	0.00688381	0.0025	0.0158	0.282318	50939.0	63926.0	34.41928001136859	4.44313e-09	0.8756	ret_gcipl_left__sys_ad_kunkle2019	ret_gcipl_left_to_sys_ad_kunkle2019	ret_gcipl_left	sys_ad_kunkle2019	False	True
rs61791630	0.048144	0.00844105	0.0052	0.0199	0.158149	51031.0	63926.0	32.53054918860272	1.17338e-08	0.7925	ret_gcipl_left__sys_ad_kunkle2019	ret_gcipl_left_to_sys_ad_kunkle2019	ret_gcipl_left	sys_ad_kunkle2019	False	True
rs254776	-0.0384559	0.0067604	-0.0356	0.0156	0.306028	50417.0	63926.0	32.357962951426	1.28227e-08	0.02274	ret_gcipl_left__sys_ad_kunkle2019	ret_gcipl_left_to_sys_ad_kunkle2019	ret_gcipl_left	sys_ad_kunkle2019	False	True
rs8021126	0.05162	0.00915425	0.0272	0.0254	0.14798	46280.0	63926.0	31.797316007148908	1.71134e-08	0.2839	ret_gcipl_left__sys_ad_kunkle2019	ret_gcipl_left_to_sys_ad_kunkle2019	ret_gcipl_left	sys_ad_kunkle2019	False	True
rs56213534	0.0379877	0.00677315	0.0219	0.0157	0.300708	50722.0	63926.0	31.456080803629764	2.03998e-08	0.1647	ret_gcipl_left__sys_ad_kunkle2019	ret_gcipl_left_to_sys_ad_kunkle2019	ret_gcipl_left	sys_ad_kunkle2019	False	True
rs2004187	-0.0348595	0.00629336	-0.0122	0.0145	0.403951	51047.0	63926.0	30.68154013320415	3.04043e-08	0.4029	ret_gcipl_left__sys_ad_kunkle2019	ret_gcipl_left_to_sys_ad_kunkle2019	ret_gcipl_left	sys_ad_kunkle2019	False	True
rs1894774	0.0346654	0.00626724	-0.0125	0.0143	0.479721	50324.0	63926.0	30.594247772572512	3.18031e-08	0.3841	ret_gcipl_left__sys_ad_kunkle2019	ret_gcipl_left_to_sys_ad_kunkle2019	ret_gcipl_left	sys_ad_kunkle2019	False	True
rs2190989	0.0343647	0.00623247	0.0094	0.0144	0.452093	51047.0	63926.0	30.402179611654322	3.51133e-08	0.5138	ret_gcipl_left__sys_ad_kunkle2019	ret_gcipl_left_to_sys_ad_kunkle2019	ret_gcipl_left	sys_ad_kunkle2019	False	True
rs12972156	-0.9653	0.0189	0.00636904	0.0088589	0.864811	63926.0	50369.0	2608.5610425240056	0.0	0.472176	ret_gcipl_left__sys_ad_kunkle2019	sys_ad_kunkle2019_to_ret_gcipl_left	sys_ad_kunkle2019	ret_gcipl_left	True	False
rs117310449	0.9879	0.0691	-0.00163116	0.0293817	0.0149105	63926.0	50990.0	204.3948157099445	2.275e-46	0.955727	ret_gcipl_left__sys_ad_kunkle2019	sys_ad_kunkle2019_to_ret_gcipl_left	sys_ad_kunkle2019	ret_gcipl_left	True	False
rs6733839	0.1693	0.0154	0.00177838	0.00654725	0.379722	63926.0	47910.0	120.85718502276946	4.022e-28	0.785912	ret_gcipl_left__sys_ad_kunkle2019	sys_ad_kunkle2019_to_ret_gcipl_left	sys_ad_kunkle2019	ret_gcipl_left	True	False
rs867230	0.1333	0.0158	-0.00372608	0.00640235	0.59841	63926.0	49251.0	71.17805640121775	3.492e-17	0.560576	ret_gcipl_left__sys_ad_kunkle2019	sys_ad_kunkle2019_to_ret_gcipl_left	sys_ad_kunkle2019	ret_gcipl_left	True	False
rs1582763	-0.1232	0.0149	-0.00576372	0.00639331	0.362823	63926.0	50930.0	68.36737083915139	1.186e-16	0.36731	ret_gcipl_left__sys_ad_kunkle2019	sys_ad_kunkle2019_to_ret_gcipl_left	sys_ad_kunkle2019	ret_gcipl_left	True	False
rs679515	0.1508	0.0183	0.00269102	0.00810938	0.171968	63926.0	50938.0	67.90480456269222	1.555e-16	0.74001	ret_gcipl_left__sys_ad_kunkle2019	sys_ad_kunkle2019_to_ret_gcipl_left	sys_ad_kunkle2019	ret_gcipl_left	True	False
rs3851179	-0.1198	0.0148	0.00875856	0.00638748	0.37077499999999997	63926.0	51047.0	65.52246165084003	5.809e-16	0.17031	ret_gcipl_left__sys_ad_kunkle2019	sys_ad_kunkle2019_to_ret_gcipl_left	sys_ad_kunkle2019	ret_gcipl_left	True	False
rs117316645	0.2709	0.0349	-0.00620279	0.0154346	0.0397614	63926.0	50963.0	60.25140187683186	8.946e-15	0.687775	ret_gcipl_left__sys_ad_kunkle2019	sys_ad_kunkle2019_to_ret_gcipl_left	sys_ad_kunkle2019	ret_gcipl_left	True	False
rs114812713	0.298	0.0431	-0.0121145	0.0200144	0.027833	63926.0	50722.0	47.805513536210505	4.467e-12	0.544989	ret_gcipl_left__sys_ad_kunkle2019	sys_ad_kunkle2019_to_ret_gcipl_left	sys_ad_kunkle2019	ret_gcipl_left	True	False
rs3740688	0.0935	0.0144	-0.00425203	0.00622414	0.542744	63926.0	50610.0	42.15977044753086	9.702e-11	0.494512	ret_gcipl_left__sys_ad_kunkle2019	sys_ad_kunkle2019_to_ret_gcipl_left	sys_ad_kunkle2019	ret_gcipl_left	True	False
rs12151021	0.1071	0.0169	-0.00699988	0.00667834	0.33797200000000005	63926.0	50002.0	40.16109379923674	2.562e-10	0.294571	ret_gcipl_left__sys_ad_kunkle2019	sys_ad_kunkle2019_to_ret_gcipl_left	sys_ad_kunkle2019	ret_gcipl_left	True	False
rs73223431	0.0936	0.0153	0.00630343	0.00645913	0.345924	63926.0	50495.0	37.425605536332185	8.342e-10	0.329117	ret_gcipl_left__sys_ad_kunkle2019	sys_ad_kunkle2019_to_ret_gcipl_left	sys_ad_kunkle2019	ret_gcipl_left	True	False
rs34665982	0.0967	0.0166	-0.00149007	0.00625415	0.5099400000000001	63926.0	50311.0	33.93413412686892	5.798e-09	0.811685	ret_gcipl_left__sys_ad_kunkle2019	sys_ad_kunkle2019_to_ret_gcipl_left	sys_ad_kunkle2019	ret_gcipl_left	True	False
rs12590654	-0.0906	0.0157	-0.0105085	0.00660484	0.336978	63926.0	49709.0	33.3009858412106	8.729e-09	0.111604	ret_gcipl_left__sys_ad_kunkle2019	sys_ad_kunkle2019_to_ret_gcipl_left	sys_ad_kunkle2019	ret_gcipl_left	True	False
rs11767557	0.1028	0.0182	0.0153029	0.00758215	0.782306	63926.0	51047.0	31.903876343436778	1.561e-08	0.0435624	ret_gcipl_left__sys_ad_kunkle2019	sys_ad_kunkle2019_to_ret_gcipl_left	sys_ad_kunkle2019	ret_gcipl_left	True	False
rs1385742	0.0876	0.0157	0.00357136	0.00659458	0.324056	63926.0	49135.0	31.13213517789769	2.232e-08	0.588122	ret_gcipl_left__sys_ad_kunkle2019	sys_ad_kunkle2019_to_ret_gcipl_left	sys_ad_kunkle2019	ret_gcipl_left	True	False
rs11218343	0.2053	0.0369	0.0111033	0.0159773	0.9572565	63926.0	51011.0	30.95459786576185	2.633e-08	0.487094	ret_gcipl_left__sys_ad_kunkle2019	sys_ad_kunkle2019_to_ret_gcipl_left	sys_ad_kunkle2019	ret_gcipl_left	True	False
rs12416487	-0.085	0.0154	-0.0166439	0.00653316	0.34890699999999997	63926.0	50756.0	30.46466520492495	3.417e-08	0.0108466	ret_gcipl_left__sys_ad_kunkle2019	sys_ad_kunkle2019_to_ret_gcipl_left	sys_ad_kunkle2019	ret_gcipl_left	True	False
rs9905786	-0.105726	0.00647922	0.0195	0.0216	0.3554	50982.0	27693.0	266.2674934947297	7.38712e-60	0.366	ret_gcipl_left__sys_pd_nalls2019_clinical	ret_gcipl_left_to_sys_pd_nalls2019_clinical	ret_gcipl_left	sys_pd_nalls2019_clinical	False	True
rs75048985	0.165064	0.0119488	0.0068	0.0363	0.0721453	50925.0	27693.0	190.83417268795347	2.09128e-43	0.8509	ret_gcipl_left__sys_pd_nalls2019_clinical	ret_gcipl_left_to_sys_pd_nalls2019_clinical	ret_gcipl_left	sys_pd_nalls2019_clinical	False	True
rs17279437	-0.120879	0.00997746	0.0566	0.0326	0.10651	51047.0	27693.0	146.7782570836495	8.77418e-34	0.08186	ret_gcipl_left__sys_pd_nalls2019_clinical	ret_gcipl_left_to_sys_pd_nalls2019_clinical	ret_gcipl_left	sys_pd_nalls2019_clinical	False	True
rs17725573	0.0723862	0.00709656	-0.0148	0.0311	0.255825	50855.0	27693.0	104.04370255923537	1.97907e-24	0.6342	ret_gcipl_left__sys_pd_nalls2019_clinical	ret_gcipl_left_to_sys_pd_nalls2019_clinical	ret_gcipl_left	sys_pd_nalls2019_clinical	False	True
rs1800407	-0.103708	0.0111663	-0.003	0.0354	0.0830999	51047.0	27693.0	86.25930103106457	1.57823e-20	0.9321	ret_gcipl_left__sys_pd_nalls2019_clinical	ret_gcipl_left_to_sys_pd_nalls2019_clinical	ret_gcipl_left	sys_pd_nalls2019_clinical	False	True
rs10212888	0.0582602	0.00657525	0.0471	0.0287	0.342716	50059.0	27693.0	78.50899219757609	7.96396e-19	0.1012	ret_gcipl_left__sys_pd_nalls2019_clinical	ret_gcipl_left_to_sys_pd_nalls2019_clinical	ret_gcipl_left	sys_pd_nalls2019_clinical	False	True
rs887595	0.0699629	0.00813134	-0.0275	0.026	0.177939	50655.0	27693.0	74.03061618325484	7.69123e-18	0.2912	ret_gcipl_left__sys_pd_nalls2019_clinical	ret_gcipl_left_to_sys_pd_nalls2019_clinical	ret_gcipl_left	sys_pd_nalls2019_clinical	False	True
rs1536057	-0.0571208	0.00691465	0.0069	0.0232	0.278389	50785.0	27693.0	68.24143615511217	1.44664e-16	0.7643	ret_gcipl_left__sys_pd_nalls2019_clinical	ret_gcipl_left_to_sys_pd_nalls2019_clinical	ret_gcipl_left	sys_pd_nalls2019_clinical	False	True
rs1625244	-0.0550581	0.00687897	-0.0332	0.0307	0.2785	51027.0	27693.0	64.06127964760468	1.20609e-15	0.2802	ret_gcipl_left__sys_pd_nalls2019_clinical	ret_gcipl_left_to_sys_pd_nalls2019_clinical	ret_gcipl_left	sys_pd_nalls2019_clinical	False	True
rs3138142	0.0501395	0.00725	-0.0058	0.0271	0.24032	50695.0	27693.0	47.82819424970272	4.65257e-12	0.829	ret_gcipl_left__sys_pd_nalls2019_clinical	ret_gcipl_left_to_sys_pd_nalls2019_clinical	ret_gcipl_left	sys_pd_nalls2019_clinical	False	True
rs17318932	-0.0859249	0.0124582	-0.0162	0.0602	0.0654299	51047.0	27693.0	47.56937807989333	5.31009e-12	0.7874	ret_gcipl_left__sys_pd_nalls2019_clinical	ret_gcipl_left_to_sys_pd_nalls2019_clinical	ret_gcipl_left	sys_pd_nalls2019_clinical	False	True
rs12193446	0.0710512	0.0105182	0.0668	0.0404	0.0955198	51047.0	27693.0	45.63099989539749	1.42749e-11	0.09849	ret_gcipl_left__sys_pd_nalls2019_clinical	ret_gcipl_left_to_sys_pd_nalls2019_clinical	ret_gcipl_left	sys_pd_nalls2019_clinical	False	True
rs62106867	0.0389556	0.00620137	0.0852	0.0293	0.465912	50957.0	27693.0	39.46067480105981	3.34734e-10	0.003678	ret_gcipl_left__sys_pd_nalls2019_clinical	ret_gcipl_left_to_sys_pd_nalls2019_clinical	ret_gcipl_left	sys_pd_nalls2019_clinical	False	True
rs3862368	-0.0415562	0.00668224	0.0101	0.0249	0.325809	50103.0	27693.0	38.67475008839795	5.00645e-10	0.6863	ret_gcipl_left__sys_pd_nalls2019_clinical	ret_gcipl_left_to_sys_pd_nalls2019_clinical	ret_gcipl_left	sys_pd_nalls2019_clinical	False	True
rs7225002	0.0380199	0.00630738	-0.0813	0.0233	0.414355	50756.0	27693.0	36.3348981492183	1.66167e-09	0.0004905	ret_gcipl_left__sys_pd_nalls2019_clinical	ret_gcipl_left_to_sys_pd_nalls2019_clinical	ret_gcipl_left	sys_pd_nalls2019_clinical	False	True
rs12498322	0.0377704	0.006266	-0.0002	0.0222	0.427418	50915.0	27693.0	36.33476763984679	1.66169e-09	0.9937	ret_gcipl_left__sys_pd_nalls2019_clinical	ret_gcipl_left_to_sys_pd_nalls2019_clinical	ret_gcipl_left	sys_pd_nalls2019_clinical	False	True
rs1348003	0.0395617	0.006666	0.0371	0.0234	0.319982	50209.0	27693.0	35.22242653810835	2.94112e-09	0.1126	ret_gcipl_left__sys_pd_nalls2019_clinical	ret_gcipl_left_to_sys_pd_nalls2019_clinical	ret_gcipl_left	sys_pd_nalls2019_clinical	False	True
rs6478995	-0.0369701	0.00625443	-0.0053	0.0214	0.42733	51025.0	27693.0	34.940231500597896	3.40002e-09	0.8065	ret_gcipl_left__sys_pd_nalls2019_clinical	ret_gcipl_left_to_sys_pd_nalls2019_clinical	ret_gcipl_left	sys_pd_nalls2019_clinical	False	True
rs6721680	0.0403859	0.00688381	0.0277	0.0303	0.282318	50939.0	27693.0	34.41928001136859	4.44313e-09	0.3608	ret_gcipl_left__sys_pd_nalls2019_clinical	ret_gcipl_left_to_sys_pd_nalls2019_clinical	ret_gcipl_left	sys_pd_nalls2019_clinical	False	True
rs61791630	0.048144	0.00844105	0.0121	0.0381	0.158149	51031.0	27693.0	32.53054918860272	1.17338e-08	0.7507	ret_gcipl_left__sys_pd_nalls2019_clinical	ret_gcipl_left_to_sys_pd_nalls2019_clinical	ret_gcipl_left	sys_pd_nalls2019_clinical	False	True
rs254776	-0.0384559	0.0067604	0.0198	0.0294	0.306028	50417.0	27693.0	32.357962951426	1.28227e-08	0.5007	ret_gcipl_left__sys_pd_nalls2019_clinical	ret_gcipl_left_to_sys_pd_nalls2019_clinical	ret_gcipl_left	sys_pd_nalls2019_clinical	False	True
rs8021126	0.05162	0.00915425	0.0211	0.0325	0.14798	46280.0	27693.0	31.797316007148908	1.71134e-08	0.5162	ret_gcipl_left__sys_pd_nalls2019_clinical	ret_gcipl_left_to_sys_pd_nalls2019_clinical	ret_gcipl_left	sys_pd_nalls2019_clinical	False	True
rs56213534	0.0379877	0.00677315	0.0072	0.0213	0.300708	50722.0	27693.0	31.456080803629764	2.03998e-08	0.7341	ret_gcipl_left__sys_pd_nalls2019_clinical	ret_gcipl_left_to_sys_pd_nalls2019_clinical	ret_gcipl_left	sys_pd_nalls2019_clinical	False	True
rs2004187	-0.0348595	0.00629336	-0.0028	0.0277	0.403951	51047.0	27693.0	30.68154013320415	3.04043e-08	0.9201	ret_gcipl_left__sys_pd_nalls2019_clinical	ret_gcipl_left_to_sys_pd_nalls2019_clinical	ret_gcipl_left	sys_pd_nalls2019_clinical	False	True
rs1894774	0.0346654	0.00626724	0.0399	0.0274	0.479721	50324.0	27693.0	30.594247772572512	3.18031e-08	0.1456	ret_gcipl_left__sys_pd_nalls2019_clinical	ret_gcipl_left_to_sys_pd_nalls2019_clinical	ret_gcipl_left	sys_pd_nalls2019_clinical	False	True
rs2190989	0.0343647	0.00623247	0.0317	0.0277	0.452093	51047.0	27693.0	30.402179611654322	3.51133e-08	0.2526	ret_gcipl_left__sys_pd_nalls2019_clinical	ret_gcipl_left_to_sys_pd_nalls2019_clinical	ret_gcipl_left	sys_pd_nalls2019_clinical	False	True
rs356182	-0.2615	0.0215	-0.00703572	0.00676918	0.6159	27693.0	48122.0	147.93347755543542	4.933e-34	0.29863	ret_gcipl_left__sys_pd_nalls2019_clinical	sys_pd_nalls2019_clinical_to_ret_gcipl_left	sys_pd_nalls2019_clinical	ret_gcipl_left	True	False
rs35749011	0.6977	0.0806	0.0292199	0.0252583	0.0212	27693.0	51035.0	74.93200653904645	4.713e-18	0.247336	ret_gcipl_left__sys_pd_nalls2019_clinical	sys_pd_nalls2019_clinical_to_ret_gcipl_left	sys_pd_nalls2019_clinical	ret_gcipl_left	True	False
rs6599388	0.1774	0.0215	-0.00951933	0.00692379	0.3201	27693.0	50722.0	68.08168739859384	1.497e-16	0.169171	ret_gcipl_left__sys_pd_nalls2019_clinical	sys_pd_nalls2019_clinical_to_ret_gcipl_left	sys_pd_nalls2019_clinical	ret_gcipl_left	True	False
rs4630591	-0.2203	0.0309	0.0357529	0.00777279	0.1954	27693.0	49720.0	50.82905499523464	1.043e-12	4.22991e-06	ret_gcipl_left__sys_pd_nalls2019_clinical	sys_pd_nalls2019_clinical_to_ret_gcipl_left	sys_pd_nalls2019_clinical	ret_gcipl_left	True	False
rs12637471	-0.1659	0.0244	-0.0303987	0.00788191	0.1801	27693.0	51004.0	46.22885313087879	9.784e-12	0.000114899	ret_gcipl_left__sys_pd_nalls2019_clinical	sys_pd_nalls2019_clinical_to_ret_gcipl_left	sys_pd_nalls2019_clinical	ret_gcipl_left	True	False
rs10847864	0.1317	0.0199	-0.00539645	0.00648138	0.365	27693.0	51047.0	43.799121234312274	3.775e-11	0.405066	ret_gcipl_left__sys_pd_nalls2019_clinical	sys_pd_nalls2019_clinical_to_ret_gcipl_left	sys_pd_nalls2019_clinical	ret_gcipl_left	True	False
rs4613239	-0.1808	0.0276	-0.0103146	0.0095905	0.8643	27693.0	50585.0	42.91199327872295	5.964e-11	0.28215	ret_gcipl_left__sys_pd_nalls2019_clinical	sys_pd_nalls2019_clinical_to_ret_gcipl_left	sys_pd_nalls2019_clinical	ret_gcipl_left	True	False
rs75646569	-0.184	0.0295	0.00272079	0.0106214	0.8847	27693.0	50949.0	38.90376328641195	4.386e-10	0.797827	ret_gcipl_left__sys_pd_nalls2019_clinical	sys_pd_nalls2019_clinical_to_ret_gcipl_left	sys_pd_nalls2019_clinical	ret_gcipl_left	True	False
rs4588066	0.1148	0.0198	-0.0012554	0.00668165	0.3285	27693.0	50997.0	33.61656973778185	6.863e-09	0.850965	ret_gcipl_left__sys_pd_nalls2019_clinical	sys_pd_nalls2019_clinical_to_ret_gcipl_left	sys_pd_nalls2019_clinical	ret_gcipl_left	True	False
rs510306	0.1054	0.0187	0.00619166	0.00627358	0.472	27693.0	49963.0	31.768595041322307	1.814e-08	0.323671	ret_gcipl_left__sys_pd_nalls2019_clinical	sys_pd_nalls2019_clinical_to_ret_gcipl_left	sys_pd_nalls2019_clinical	ret_gcipl_left	True	False
rs9905786	-0.105726	0.00647922	-0.01005033585350145	0.031560088597235705	0.3554	50982.0	14267.0	266.2674934947297	7.38712e-60	0.750143	ret_gcipl_left__sys_sle_bentham2015	ret_gcipl_left_to_sys_sle_bentham2015	ret_gcipl_left	sys_sle_bentham2015	False	True
rs75048985	0.165064	0.0119488	0.009950330853168092	0.041999871050199214	0.0721453	50925.0	14267.0	190.83417268795347	2.09128e-43	0.812724	ret_gcipl_left__sys_sle_bentham2015	ret_gcipl_left_to_sys_sle_bentham2015	ret_gcipl_left	sys_sle_bentham2015	False	True
rs17725573	0.0723862	0.00709656	-0.030459207484708574	0.03774980145256953	0.255825	50855.0	14267.0	104.04370255923537	1.97907e-24	0.419741	ret_gcipl_left__sys_sle_bentham2015	ret_gcipl_left_to_sys_sle_bentham2015	ret_gcipl_left	sys_sle_bentham2015	False	True
rs1800407	-0.103708	0.0111663	-0.030459207484708574	0.05930189601043001	0.0830999	51047.0	14267.0	86.25930103106457	1.57823e-20	0.6075109999999999	ret_gcipl_left__sys_sle_bentham2015	ret_gcipl_left_to_sys_sle_bentham2015	ret_gcipl_left	sys_sle_bentham2015	False	True
rs10212888	0.0582602	0.00657525	-0.01005033585350145	0.017887503333928342	0.342716	50059.0	14267.0	78.50899219757609	7.96396e-19	0.574209	ret_gcipl_left__sys_sle_bentham2015	ret_gcipl_left_to_sys_sle_bentham2015	ret_gcipl_left	sys_sle_bentham2015	False	True
rs887595	0.0699629	0.00813134	0.02955880224154443	0.03841825274208216	0.177939	50655.0	14267.0	74.03061618325484	7.69123e-18	0.441659	ret_gcipl_left__sys_sle_bentham2015	ret_gcipl_left_to_sys_sle_bentham2015	ret_gcipl_left	sys_sle_bentham2015	False	True
rs1536057	-0.0571208	0.00691465	0.02955880224154443	0.03658672029141386	0.278389	50785.0	14267.0	68.24143615511217	1.44664e-16	0.419142	ret_gcipl_left__sys_sle_bentham2015	ret_gcipl_left_to_sys_sle_bentham2015	ret_gcipl_left	sys_sle_bentham2015	False	True
rs1625244	-0.0550581	0.00687897	-0.07257069283483537	0.03480277690642363	0.2785	51027.0	14267.0	64.06127964760468	1.20609e-15	0.0370513	ret_gcipl_left__sys_sle_bentham2015	ret_gcipl_left_to_sys_sle_bentham2015	ret_gcipl_left	sys_sle_bentham2015	False	True
rs3138142	0.0501395	0.00725	0.02955880224154443	0.033764896488226406	0.24032	50695.0	14267.0	47.82819424970272	4.65257e-12	0.38134	ret_gcipl_left__sys_sle_bentham2015	ret_gcipl_left_to_sys_sle_bentham2015	ret_gcipl_left	sys_sle_bentham2015	False	True
rs17318932	-0.0859249	0.0124582	-0.040821994520255166	0.06255089718913191	0.0654299	51047.0	14267.0	47.56937807989333	5.31009e-12	0.514001	ret_gcipl_left__sys_sle_bentham2015	ret_gcipl_left_to_sys_sle_bentham2015	ret_gcipl_left	sys_sle_bentham2015	False	True
rs12193446	0.0710512	0.0105182	-0.020202707317519466	0.048377085491849894	0.0955198	51047.0	14267.0	45.63099989539749	1.42749e-11	0.676233	ret_gcipl_left__sys_sle_bentham2015	ret_gcipl_left_to_sys_sle_bentham2015	ret_gcipl_left	sys_sle_bentham2015	False	True
rs34361557	-0.0422883	0.00655125	0.04879016416943205	0.02900831341803073	0.400454	47169.0	14267.0	41.666988050952675	1.08218e-10	0.092581	ret_gcipl_left__sys_sle_bentham2015	ret_gcipl_left_to_sys_sle_bentham2015	ret_gcipl_left	sys_sle_bentham2015	False	True
rs115531193	0.0624507	0.00978357	0.23111172096338664	0.0411193733184256	0.113364	51039.0	14267.0	40.745524063585265	1.73394e-10	1.90398e-08	ret_gcipl_left__sys_sle_bentham2015	ret_gcipl_left_to_sys_sle_bentham2015	ret_gcipl_left	sys_sle_bentham2015	False	True
rs62106867	0.0389556	0.00620137	-0.01005033585350145	0.028337911588045994	0.465912	50957.0	14267.0	39.46067480105981	3.34734e-10	0.7228439999999999	ret_gcipl_left__sys_sle_bentham2015	ret_gcipl_left_to_sys_sle_bentham2015	ret_gcipl_left	sys_sle_bentham2015	False	True
rs3862368	-0.0415562	0.00668224	-0.01005033585350145	0.04296837073333052	0.325809	50103.0	14267.0	38.67475008839795	5.00645e-10	0.815062	ret_gcipl_left__sys_sle_bentham2015	ret_gcipl_left_to_sys_sle_bentham2015	ret_gcipl_left	sys_sle_bentham2015	False	True
rs11876004	-0.0497424	0.00803601	0.02955880224154443	0.04469581493337735	0.181281	50885.0	14267.0	38.31532679406158	6.01904e-10	0.5083989999999999	ret_gcipl_left__sys_sle_bentham2015	ret_gcipl_left_to_sys_sle_bentham2015	ret_gcipl_left	sys_sle_bentham2015	False	True
rs12498322	0.0377704	0.006266	0.02955880224154443	0.022355337569988257	0.427418	50915.0	14267.0	36.33476763984679	1.66169e-09	0.186093	ret_gcipl_left__sys_sle_bentham2015	ret_gcipl_left_to_sys_sle_bentham2015	ret_gcipl_left	sys_sle_bentham2015	False	True
rs1348003	0.0395617	0.006666	0.03922071315328133	0.030030054344470255	0.319982	50209.0	14267.0	35.22242653810835	2.94112e-09	0.19153599999999998	ret_gcipl_left__sys_sle_bentham2015	ret_gcipl_left_to_sys_sle_bentham2015	ret_gcipl_left	sys_sle_bentham2015	False	True
rs6478995	-0.0369701	0.00625443	-0.01005033585350145	0.02140970231104702	0.42733	51025.0	14267.0	34.940231500597896	3.40002e-09	0.638763	ret_gcipl_left__sys_sle_bentham2015	ret_gcipl_left_to_sys_sle_bentham2015	ret_gcipl_left	sys_sle_bentham2015	False	True
rs4096587	-0.0619884	0.0105347	-0.16251892949777494	0.04962231888180752	0.0950228	50993.0	14267.0	34.62394174934451	3.99984e-09	0.00105618	ret_gcipl_left__sys_sle_bentham2015	ret_gcipl_left_to_sys_sle_bentham2015	ret_gcipl_left	sys_sle_bentham2015	False	True
rs6721680	0.0403859	0.00688381	0.02955880224154443	0.03439971356096344	0.282318	50939.0	14267.0	34.41928001136859	4.44313e-09	0.390189	ret_gcipl_left__sys_sle_bentham2015	ret_gcipl_left_to_sys_sle_bentham2015	ret_gcipl_left	sys_sle_bentham2015	False	True
rs61791630	0.048144	0.00844105	0.02955880224154443	0.03044429863540085	0.158149	51031.0	14267.0	32.53054918860272	1.17338e-08	0.33159099999999997	ret_gcipl_left__sys_sle_bentham2015	ret_gcipl_left_to_sys_sle_bentham2015	ret_gcipl_left	sys_sle_bentham2015	False	True
rs254776	-0.0384559	0.0067604	0.009950330853168092	0.03170210656876708	0.306028	50417.0	14267.0	32.357962951426	1.28227e-08	0.75362	ret_gcipl_left__sys_sle_bentham2015	ret_gcipl_left_to_sys_sle_bentham2015	ret_gcipl_left	sys_sle_bentham2015	False	True
rs8021126	0.05162	0.00915425	-0.08338160893905101	0.05004929952011848	0.14798	46280.0	14267.0	31.797316007148908	1.71134e-08	0.0957155	ret_gcipl_left__sys_sle_bentham2015	ret_gcipl_left_to_sys_sle_bentham2015	ret_gcipl_left	sys_sle_bentham2015	False	True
rs56213534	0.0379877	0.00677315	-0.06187540371808753	0.0341531351871765	0.300708	50722.0	14267.0	31.456080803629764	2.03998e-08	0.0700318	ret_gcipl_left__sys_sle_bentham2015	ret_gcipl_left_to_sys_sle_bentham2015	ret_gcipl_left	sys_sle_bentham2015	False	True
rs2004187	-0.0348595	0.00629336	-0.030459207484708574	0.03241513757951442	0.403951	51047.0	14267.0	30.68154013320415	3.04043e-08	0.34739200000000003	ret_gcipl_left__sys_sle_bentham2015	ret_gcipl_left_to_sys_sle_bentham2015	ret_gcipl_left	sys_sle_bentham2015	False	True
rs2190989	0.0343647	0.00623247	0.01980262729617973	0.03201170019480421	0.452093	51047.0	14267.0	30.402179611654322	3.51133e-08	0.536176	ret_gcipl_left__sys_sle_bentham2015	ret_gcipl_left_to_sys_sle_bentham2015	ret_gcipl_left	sys_sle_bentham2015	False	True
rs1270942	0.9282193027394288	0.04338217483584476	0.00826636	0.00920633	0.0725646	14267.0	51047.0	457.80291165846535	1.4455e-101	0.369239	ret_gcipl_left__sys_sle_bentham2015	sys_sle_bentham2015_to_ret_gcipl_left	sys_sle_bentham2015	ret_gcipl_left	True	False
rs4274624	0.5596157879354227	0.032679116321158	-0.00221092	0.00738371	0.23160999999999998	14267.0	50867.0	293.25086934119986	9.73273e-66	0.764611	ret_gcipl_left__sys_sle_bentham2015	sys_sle_bentham2015_to_ret_gcipl_left	sys_sle_bentham2015	ret_gcipl_left	True	False
rs17849501	0.8109302162163288	0.04986423265496375	0.00973336	0.0139544	0.0596421	14267.0	51047.0	264.47747237775303	1.8137e-59	0.485482	ret_gcipl_left__sys_sle_bentham2015	sys_sle_bentham2015_to_ret_gcipl_left	sys_sle_bentham2015	ret_gcipl_left	True	False
rs1143679	0.5822156198526637	0.03998663420667575	-0.00323231	0.0105546	0.131213	14267.0	50222.0	212.0010469386546	5.02694e-48	0.759418	ret_gcipl_left__sys_sle_bentham2015	sys_sle_bentham2015_to_ret_gcipl_left	sys_sle_bentham2015	ret_gcipl_left	True	False
rs35000415	0.5877866649021191	0.041538954697302115	-0.000468931	0.00999924	0.100398	14267.0	51018.0	200.22962356877744	1.8609e-45	0.962596	ret_gcipl_left__sys_sle_bentham2015	sys_sle_bentham2015_to_ret_gcipl_left	sys_sle_bentham2015	ret_gcipl_left	True	False
rs2573219	0.5877866649021191	0.042929166291107275	0.02424	0.0107557	0.0864811	14267.0	50953.0	187.471195730151	1.13327e-42	0.0242161	ret_gcipl_left__sys_sle_bentham2015	sys_sle_bentham2015_to_ret_gcipl_left	sys_sle_bentham2015	ret_gcipl_left	True	False
rs150180633	0.9282193027394288	0.06895732862779987	0.0270957	0.0285977	0.0168986	14267.0	51029.0	181.192548506574	2.66099e-41	0.343395	ret_gcipl_left__sys_sle_bentham2015	sys_sle_bentham2015_to_ret_gcipl_left	sys_sle_bentham2015	ret_gcipl_left	True	False
rs7823055	0.35065687161316933	0.028620839404419996	0.00154799	0.00634621	0.42345900000000003	14267.0	49182.0	150.10666436715803	1.64303e-34	0.80729	ret_gcipl_left__sys_sle_bentham2015	sys_sle_bentham2015_to_ret_gcipl_left	sys_sle_bentham2015	ret_gcipl_left	True	False
rs1078324	-0.7133498878774648	0.07816646901246015	0.00866116	0.0134054	0.0497018	14267.0	51039.0	83.28450451053207	7.10544e-20	0.518218	ret_gcipl_left__sys_sle_bentham2015	sys_sle_bentham2015_to_ret_gcipl_left	sys_sle_bentham2015	ret_gcipl_left	True	False
rs58721818	0.6575200029167941	0.07559406697400173	0.0116139	0.0178639	0.0248509	14267.0	50751.0	75.65585027597527	3.37674e-18	0.515609	ret_gcipl_left__sys_sle_bentham2015	sys_sle_bentham2015_to_ret_gcipl_left	sys_sle_bentham2015	ret_gcipl_left	True	False
rs13332649	-0.31471074483970024	0.037568252338112514	0.00118939	0.00739599	0.197813	14267.0	51047.0	70.17479571574411	5.42755e-17	0.872239	ret_gcipl_left__sys_sle_bentham2015	sys_sle_bentham2015_to_ret_gcipl_left	sys_sle_bentham2015	ret_gcipl_left	True	False
rs1464446	-0.3285040669720361	0.04014972755246729	0.00453342	0.00792332	0.178926	14267.0	50744.0	66.94471485209834	2.79229e-16	0.567212	ret_gcipl_left__sys_sle_bentham2015	sys_sle_bentham2015_to_ret_gcipl_left	sys_sle_bentham2015	ret_gcipl_left	True	False
rs10912578	0.2468600779315258	0.030991798852376563	-0.000203051	0.00676893	0.30119300000000004	14267.0	49011.0	63.446570822076126	1.64776e-15	0.976069	ret_gcipl_left__sys_sle_bentham2015	sys_sle_bentham2015_to_ret_gcipl_left	sys_sle_bentham2015	ret_gcipl_left	True	False
rs2431697	-0.2231435513142097	0.029296428709987537	-0.00179666	0.00625248	0.431412	14267.0	51047.0	58.01486909043906	2.60144e-14	0.773844	ret_gcipl_left__sys_sle_bentham2015	sys_sle_bentham2015_to_ret_gcipl_left	sys_sle_bentham2015	ret_gcipl_left	True	False
rs35251378	-0.23572233352106983	0.03242655973320144	0.0169292	0.00686429	0.269384	14267.0	50408.0	52.844490301182496	3.6103e-13	0.0136529	ret_gcipl_left__sys_sle_bentham2015	sys_sle_bentham2015_to_ret_gcipl_left	sys_sle_bentham2015	ret_gcipl_left	True	False
rs6679677	0.3364722366212129	0.046485380374858505	-0.00320587	0.0102067	0.0914513	14267.0	51047.0	52.392086214081615	4.54552e-13	0.753449	ret_gcipl_left__sys_sle_bentham2015	sys_sle_bentham2015_to_ret_gcipl_left	sys_sle_bentham2015	ret_gcipl_left	True	False
rs7768653	0.20701416938432612	0.0296890709490796	-0.00117393	0.00637661	0.40159	14267.0	50644.0	48.619101611474605	3.10827e-12	0.853935	ret_gcipl_left__sys_sle_bentham2015	sys_sle_bentham2015_to_ret_gcipl_left	sys_sle_bentham2015	ret_gcipl_left	True	False
rs6671847	0.19885085874516517	0.02896508081722554	-0.00806383	0.00625378	0.487078	14267.0	50351.0	47.13086955850739	6.64016e-12	0.197248	ret_gcipl_left__sys_sle_bentham2015	sys_sle_bentham2015_to_ret_gcipl_left	sys_sle_bentham2015	ret_gcipl_left	True	False
rs4916215	-0.2231435513142097	0.03396932281463995	-0.0010004	0.00697242	0.25447299999999995	14267.0	50917.0	43.15140121458759	5.06636e-11	0.885911	ret_gcipl_left__sys_sle_bentham2015	sys_sle_bentham2015_to_ret_gcipl_left	sys_sle_bentham2015	ret_gcipl_left	True	False
rs7097397	-0.18632957819149348	0.028711836349021032	0.0173149	0.00642622	0.395626	14267.0	51047.0	42.115470974195595	8.60398e-11	0.00705127	ret_gcipl_left__sys_sle_bentham2015	sys_sle_bentham2015_to_ret_gcipl_left	sys_sle_bentham2015	ret_gcipl_left	True	False
rs4661543	-0.2744368457017603	0.04237545624860243	-0.0144753	0.00938784	0.12723700000000004	14267.0	50705.0	41.94266905156497	9.39891e-11	0.123092	ret_gcipl_left__sys_sle_bentham2015	sys_sle_bentham2015_to_ret_gcipl_left	sys_sle_bentham2015	ret_gcipl_left	True	False
rs13136219	-0.1743533871447778	0.027786960712837545	0.0052989	0.00640299	0.379722	14267.0	50606.0	39.37120286398545	3.50427e-10	0.407916	ret_gcipl_left__sys_sle_bentham2015	sys_sle_bentham2015_to_ret_gcipl_left	sys_sle_bentham2015	ret_gcipl_left	True	False
rs10200680	-0.2484613592984996	0.042483496013878894	-0.0070041	0.0087262	0.144135	14267.0	50784.0	34.20402518048219	4.96262e-09	0.422176	ret_gcipl_left__sys_sle_bentham2015	sys_sle_bentham2015_to_ret_gcipl_left	sys_sle_bentham2015	ret_gcipl_left	True	False
rs73050535	-0.7133498878774648	0.1241341633444946	0.0199718	0.0205254	0.0298211	14267.0	50959.0	33.0234582980788	9.10536e-09	0.330539	ret_gcipl_left__sys_sle_bentham2015	sys_sle_bentham2015_to_ret_gcipl_left	sys_sle_bentham2015	ret_gcipl_left	True	False
rs143123127	0.47000362924573563	0.08403420051666054	0.0228568	0.01717	0.0308151	14267.0	50960.0	31.281695024459218	2.23174e-08	0.183121	ret_gcipl_left__sys_sle_bentham2015	sys_sle_bentham2015_to_ret_gcipl_left	sys_sle_bentham2015	ret_gcipl_left	True	False
rs7899626	0.1823215567939546	0.03325318638695583	0.00798401	0.00692037	0.362823	14267.0	49077.0	30.061421140607337	4.18576e-08	0.248625	ret_gcipl_left__sys_sle_bentham2015	sys_sle_bentham2015_to_ret_gcipl_left	sys_sle_bentham2015	ret_gcipl_left	True	False
rs73068668	-0.31471074483970024	0.057490346033111685	0.00387323	0.0118974	0.0954274	14267.0	50382.0	29.966311957600823	4.39618e-08	0.744763	ret_gcipl_left__sys_sle_bentham2015	sys_sle_bentham2015_to_ret_gcipl_left	sys_sle_bentham2015	ret_gcipl_left	True	False
rs143810596	-0.616186139423817	0.11257379615769905	0.00771414	0.0202424	0.0258449	14267.0	51012.0	29.960511751951863	4.40935e-08	0.703138	ret_gcipl_left__sys_sle_bentham2015	sys_sle_bentham2015_to_ret_gcipl_left	sys_sle_bentham2015	ret_gcipl_left	True	False
rs17279437	-0.120879	0.00997746	-0.0571	0.0207	0.10651	51047.0	59957.0	146.7782570836495	8.77418e-34	0.005681	ret_gcipl_left__sys_ibd_delange2017	ret_gcipl_left_to_sys_ibd_delange2017	ret_gcipl_left	sys_ibd_delange2017	False	True
rs1800407	-0.103708	0.0111663	0.007	0.0244	0.0830999	51047.0	59957.0	86.25930103106457	1.57823e-20	0.7734	ret_gcipl_left__sys_ibd_delange2017	ret_gcipl_left_to_sys_ibd_delange2017	ret_gcipl_left	sys_ibd_delange2017	False	True
rs10212888	0.0582602	0.00657525	0.0125	0.013	0.342716	50059.0	59957.0	78.50899219757609	7.96396e-19	0.3356	ret_gcipl_left__sys_ibd_delange2017	ret_gcipl_left_to_sys_ibd_delange2017	ret_gcipl_left	sys_ibd_delange2017	False	True
rs887595	0.0699629	0.00813134	-0.0083	0.0159	0.177939	50655.0	59957.0	74.03061618325484	7.69123e-18	0.6003	ret_gcipl_left__sys_ibd_delange2017	ret_gcipl_left_to_sys_ibd_delange2017	ret_gcipl_left	sys_ibd_delange2017	False	True
rs1536057	-0.0571208	0.00691465	0.008	0.0138	0.278389	50785.0	59957.0	68.24143615511217	1.44664e-16	0.5652	ret_gcipl_left__sys_ibd_delange2017	ret_gcipl_left_to_sys_ibd_delange2017	ret_gcipl_left	sys_ibd_delange2017	False	True
rs1625244	-0.0550581	0.00687897	0.0207	0.0138	0.2785	51027.0	59957.0	64.06127964760468	1.20609e-15	0.135	ret_gcipl_left__sys_ibd_delange2017	ret_gcipl_left_to_sys_ibd_delange2017	ret_gcipl_left	sys_ibd_delange2017	False	True
rs3138142	0.0501395	0.00725	0.0178	0.0164	0.24032	50695.0	59957.0	47.82819424970272	4.65257e-12	0.278	ret_gcipl_left__sys_ibd_delange2017	ret_gcipl_left_to_sys_ibd_delange2017	ret_gcipl_left	sys_ibd_delange2017	False	True
rs17318932	-0.0859249	0.0124582	-0.0053	0.0256	0.0654299	51047.0	59957.0	47.56937807989333	5.31009e-12	0.8354	ret_gcipl_left__sys_ibd_delange2017	ret_gcipl_left_to_sys_ibd_delange2017	ret_gcipl_left	sys_ibd_delange2017	False	True
rs12193446	0.0710512	0.0105182	-0.0144	0.022	0.0955198	51047.0	59957.0	45.63099989539749	1.42749e-11	0.5136	ret_gcipl_left__sys_ibd_delange2017	ret_gcipl_left_to_sys_ibd_delange2017	ret_gcipl_left	sys_ibd_delange2017	False	True
rs34361557	-0.0422883	0.00655125	0.0219	0.0131	0.400454	47169.0	59957.0	41.666988050952675	1.08218e-10	0.09401	ret_gcipl_left__sys_ibd_delange2017	ret_gcipl_left_to_sys_ibd_delange2017	ret_gcipl_left	sys_ibd_delange2017	False	True
rs62106867	0.0389556	0.00620137	0.0006	0.0124	0.465912	50957.0	59957.0	39.46067480105981	3.34734e-10	0.963	ret_gcipl_left__sys_ibd_delange2017	ret_gcipl_left_to_sys_ibd_delange2017	ret_gcipl_left	sys_ibd_delange2017	False	True
rs3862368	-0.0415562	0.00668224	0.0111	0.0132	0.325809	50103.0	59957.0	38.67475008839795	5.00645e-10	0.4012	ret_gcipl_left__sys_ibd_delange2017	ret_gcipl_left_to_sys_ibd_delange2017	ret_gcipl_left	sys_ibd_delange2017	False	True
rs11876004	-0.0497424	0.00803601	0.0305	0.0168	0.181281	50885.0	59957.0	38.31532679406158	6.01904e-10	0.0683	ret_gcipl_left__sys_ibd_delange2017	ret_gcipl_left_to_sys_ibd_delange2017	ret_gcipl_left	sys_ibd_delange2017	False	True
rs7225002	0.0380199	0.00630738	0.0191	0.0143	0.414355	50756.0	59957.0	36.3348981492183	1.66167e-09	0.1824	ret_gcipl_left__sys_ibd_delange2017	ret_gcipl_left_to_sys_ibd_delange2017	ret_gcipl_left	sys_ibd_delange2017	False	True
rs12498322	0.0377704	0.006266	-0.0021	0.0125	0.427418	50915.0	59957.0	36.33476763984679	1.66169e-09	0.8676	ret_gcipl_left__sys_ibd_delange2017	ret_gcipl_left_to_sys_ibd_delange2017	ret_gcipl_left	sys_ibd_delange2017	False	True
rs6721680	0.0403859	0.00688381	-0.0078	0.0139	0.282318	50939.0	59957.0	34.41928001136859	4.44313e-09	0.5745	ret_gcipl_left__sys_ibd_delange2017	ret_gcipl_left_to_sys_ibd_delange2017	ret_gcipl_left	sys_ibd_delange2017	False	True
rs8021126	0.05162	0.00915425	0.004	0.0198	0.14798	46280.0	59957.0	31.797316007148908	1.71134e-08	0.842	ret_gcipl_left__sys_ibd_delange2017	ret_gcipl_left_to_sys_ibd_delange2017	ret_gcipl_left	sys_ibd_delange2017	False	True
rs56213534	0.0379877	0.00677315	0.031	0.0136	0.300708	50722.0	59957.0	31.456080803629764	2.03998e-08	0.02253	ret_gcipl_left__sys_ibd_delange2017	ret_gcipl_left_to_sys_ibd_delange2017	ret_gcipl_left	sys_ibd_delange2017	False	True
rs2004187	-0.0348595	0.00629336	-0.0155	0.0127	0.403951	51047.0	59957.0	30.68154013320415	3.04043e-08	0.2218	ret_gcipl_left__sys_ibd_delange2017	ret_gcipl_left_to_sys_ibd_delange2017	ret_gcipl_left	sys_ibd_delange2017	False	True
rs1894774	0.0346654	0.00626724	-0.003	0.0124	0.479721	50324.0	59957.0	30.594247772572512	3.18031e-08	0.8098	ret_gcipl_left__sys_ibd_delange2017	ret_gcipl_left_to_sys_ibd_delange2017	ret_gcipl_left	sys_ibd_delange2017	False	True
rs2190989	0.0343647	0.00623247	-0.0032	0.0127	0.452093	51047.0	59957.0	30.402179611654322	3.51133e-08	0.7998	ret_gcipl_left__sys_ibd_delange2017	ret_gcipl_left_to_sys_ibd_delange2017	ret_gcipl_left	sys_ibd_delange2017	False	True
rs11581607	0.6578	0.0294	-0.0193013	0.0124476	NA	59957.0	51038.0	500.6025730019901	4.59e-111	0.120995	ret_gcipl_left__sys_ibd_delange2017	sys_ibd_delange2017_to_ret_gcipl_left	sys_ibd_delange2017	ret_gcipl_left	True	False
rs145568234	0.86	0.0476	0.0343432	0.0336304	NA	59957.0	48965.0	326.42468752206764	4.731e-73	0.307161	ret_gcipl_left__sys_ibd_delange2017	sys_ibd_delange2017_to_ret_gcipl_left	sys_ibd_delange2017	ret_gcipl_left	True	False
rs749910	-0.1961	0.0138	-0.00396854	0.00709387	NA	59957.0	51036.0	201.9282188615837	7.828e-46	0.575867	ret_gcipl_left__sys_ibd_delange2017	sys_ibd_delange2017_to_ret_gcipl_left	sys_ibd_delange2017	ret_gcipl_left	True	False
rs1445004	-0.1689	0.0127	-0.00252916	0.00633232	NA	59957.0	51047.0	176.86905573811146	3.484e-40	0.689594	ret_gcipl_left__sys_ibd_delange2017	sys_ibd_delange2017_to_ret_gcipl_left	sys_ibd_delange2017	ret_gcipl_left	True	False
rs755374	-0.1767	0.0134	-0.00299832	0.00678969	NA	59957.0	48030.0	173.88555357540653	1.586e-39	0.658779	ret_gcipl_left__sys_ibd_delange2017	sys_ibd_delange2017_to_ret_gcipl_left	sys_ibd_delange2017	ret_gcipl_left	True	False
rs3829110	0.1574	0.0125	0.00345736	0.00625737	NA	59957.0	51044.0	158.55846400000001	3.52e-36	0.580588	ret_gcipl_left__sys_ibd_delange2017	sys_ibd_delange2017_to_ret_gcipl_left	sys_ibd_delange2017	ret_gcipl_left	True	False
rs1131095	0.1635	0.0131	0.00481174	0.0067932	NA	59957.0	51043.0	155.77326496124934	1.219e-35	0.478748	ret_gcipl_left__sys_ibd_delange2017	sys_ibd_delange2017_to_ret_gcipl_left	sys_ibd_delange2017	ret_gcipl_left	True	False
rs6584282	-0.152	0.0124	0.00175903	0.00618438	NA	59957.0	51013.0	150.2601456815817	1.194e-34	0.77608	ret_gcipl_left__sys_ibd_delange2017	sys_ibd_delange2017_to_ret_gcipl_left	sys_ibd_delange2017	ret_gcipl_left	True	False
rs11236797	-0.1488	0.0125	0.00766945	0.00621575	NA	59957.0	50923.0	141.70521599999995	7.188e-33	0.21725	ret_gcipl_left__sys_ibd_delange2017	sys_ibd_delange2017_to_ret_gcipl_left	sys_ibd_delange2017	ret_gcipl_left	True	False
rs1297264	-0.1462	0.0126	-0.00332964	0.00623184	NA	59957.0	50769.0	134.6336608717561	3.98e-31	0.593138	ret_gcipl_left__sys_ibd_delange2017	sys_ibd_delange2017_to_ret_gcipl_left	sys_ibd_delange2017	ret_gcipl_left	True	False
rs3024493	-0.1911	0.0165	0.00174622	0.00857533	NA	59957.0	51047.0	134.13851239669418	4.041e-31	0.83864	ret_gcipl_left__sys_ibd_delange2017	sys_ibd_delange2017_to_ret_gcipl_left	sys_ibd_delange2017	ret_gcipl_left	True	False
rs2836881	0.1643	0.0146	0.00561668	0.00697905	NA	59957.0	50747.0	126.63956652279977	1.959e-29	0.42094	ret_gcipl_left__sys_ibd_delange2017	sys_ibd_delange2017_to_ret_gcipl_left	sys_ibd_delange2017	ret_gcipl_left	True	False
rs3792111	-0.1391	0.0124	-0.0055925	0.00619849	NA	59957.0	51040.0	125.83773413111345	5.122e-29	0.366931	ret_gcipl_left__sys_ibd_delange2017	sys_ibd_delange2017_to_ret_gcipl_left	sys_ibd_delange2017	ret_gcipl_left	True	False
rs6457681	0.1687	0.0153	0.00863898	0.00728206	NA	59957.0	51033.0	121.5758468964928	3.75e-28	0.235489	ret_gcipl_left__sys_ibd_delange2017	sys_ibd_delange2017_to_ret_gcipl_left	sys_ibd_delange2017	ret_gcipl_left	True	False
rs10114470	0.1475	0.0137	-0.00305504	0.00664054	NA	59957.0	50916.0	115.91587191645796	4.098e-27	0.645474	ret_gcipl_left__sys_ibd_delange2017	sys_ibd_delange2017_to_ret_gcipl_left	sys_ibd_delange2017	ret_gcipl_left	True	False
rs6062496	-0.137	0.0129	-0.0202383	0.0062246	NA	59957.0	50642.0	112.78769304729285	2.826e-26	0.00114862	ret_gcipl_left__sys_ibd_delange2017	sys_ibd_delange2017_to_ret_gcipl_left	sys_ibd_delange2017	ret_gcipl_left	True	False
rs2838517	-0.128	0.0125	-0.00169288	0.00635301	NA	59957.0	50998.0	104.8576	1.835e-24	0.789878	ret_gcipl_left__sys_ibd_delange2017	sys_ibd_delange2017_to_ret_gcipl_left	sys_ibd_delange2017	ret_gcipl_left	True	False
rs2413583	0.1732	0.0171	-0.0073217	0.00836429	NA	59957.0	51047.0	102.589651516706	4.595e-24	0.381382	ret_gcipl_left__sys_ibd_delange2017	sys_ibd_delange2017_to_ret_gcipl_left	sys_ibd_delange2017	ret_gcipl_left	True	False
rs56062135	-0.1382	0.0145	0.00239304	0.00726754	0.214712	59957.0	50935.0	90.84061831153386	1.371e-21	0.741946	ret_gcipl_left__sys_ibd_delange2017	sys_ibd_delange2017_to_ret_gcipl_left	sys_ibd_delange2017	ret_gcipl_left	True	False
rs10800309	-0.123	0.0133	0.001309	0.00664201	NA	59957.0	51047.0	85.52772909717905	1.942e-20	0.843765	ret_gcipl_left__sys_ibd_delange2017	sys_ibd_delange2017_to_ret_gcipl_left	sys_ibd_delange2017	ret_gcipl_left	True	False
rs6674040	0.1129	0.0124	0.00585023	0.00619919	NA	59957.0	50724.0	82.89808792924039	6.307e-20	0.345319	ret_gcipl_left__sys_ibd_delange2017	sys_ibd_delange2017_to_ret_gcipl_left	sys_ibd_delange2017	ret_gcipl_left	True	False
rs35171809	0.1088	0.0123	0.014094	0.00620757	NA	59957.0	51039.0	78.24337365324872	1.156e-18	0.0231798	ret_gcipl_left__sys_ibd_delange2017	sys_ibd_delange2017_to_ret_gcipl_left	sys_ibd_delange2017	ret_gcipl_left	True	False
rs744166	-0.1109	0.0126	0.000593767	0.00624328	NA	59957.0	50806.0	77.46793902746285	1.34e-18	0.924231	ret_gcipl_left__sys_ibd_delange2017	sys_ibd_delange2017_to_ret_gcipl_left	sys_ibd_delange2017	ret_gcipl_left	True	False
rs6017342	0.1156	0.0135	0.00494414	0.0061766	NA	59957.0	51047.0	73.32433470507546	1.071e-17	0.423443	ret_gcipl_left__sys_ibd_delange2017	sys_ibd_delange2017_to_ret_gcipl_left	sys_ibd_delange2017	ret_gcipl_left	True	False
rs62126610	0.1407	0.0166	-0.0027059	0.0084465	NA	59957.0	50390.0	71.84094208157933	2.6e-17	0.748697	ret_gcipl_left__sys_ibd_delange2017	sys_ibd_delange2017_to_ret_gcipl_left	sys_ibd_delange2017	ret_gcipl_left	True	False
rs4807569	0.1281	0.0152	-0.00399951	0.00767916	NA	59957.0	50794.0	71.02497403047091	4.239e-17	0.602488	ret_gcipl_left__sys_ibd_delange2017	sys_ibd_delange2017_to_ret_gcipl_left	sys_ibd_delange2017	ret_gcipl_left	True	False
rs80262450	-0.1581	0.019	-0.00197456	0.00962257	NA	59957.0	50681.0	69.23991689750693	1.041e-16	0.837415	ret_gcipl_left__sys_ibd_delange2017	sys_ibd_delange2017_to_ret_gcipl_left	sys_ibd_delange2017	ret_gcipl_left	True	False
rs28374519	0.1105	0.0137	-0.00176902	0.00653709	NA	59957.0	47303.0	65.05541051734241	6.547e-16	0.786689	ret_gcipl_left__sys_ibd_delange2017	sys_ibd_delange2017_to_ret_gcipl_left	sys_ibd_delange2017	ret_gcipl_left	True	False
rs5754100	0.1293	0.016	0.0138526	0.00791872	NA	59957.0	50815.0	65.30660156249998	7.14e-16	0.0802319	ret_gcipl_left__sys_ibd_delange2017	sys_ibd_delange2017_to_ret_gcipl_left	sys_ibd_delange2017	ret_gcipl_left	True	False
rs143210366	0.2836	0.036	0.0137035	0.0213252	NA	59957.0	48901.0	62.059382716049406	3.139e-15	0.520485	ret_gcipl_left__sys_ibd_delange2017	sys_ibd_delange2017_to_ret_gcipl_left	sys_ibd_delange2017	ret_gcipl_left	True	False
rs4676408	-0.1011	0.013	-0.00227025	0.0062147	NA	59957.0	50258.0	60.4805325443787	7.629e-15	0.714886	ret_gcipl_left__sys_ibd_delange2017	sys_ibd_delange2017_to_ret_gcipl_left	sys_ibd_delange2017	ret_gcipl_left	True	False
rs11152949	0.1019	0.0133	-0.00985759	0.00661591	NA	59957.0	50617.0	58.700944089547185	1.563e-14	0.136228	ret_gcipl_left__sys_ibd_delange2017	sys_ibd_delange2017_to_ret_gcipl_left	sys_ibd_delange2017	ret_gcipl_left	True	False
rs4957256	0.1179	0.0155	0.0141115	0.00762775	NA	59957.0	51024.0	57.858106139438085	3.367e-14	0.0643112	ret_gcipl_left__sys_ibd_delange2017	sys_ibd_delange2017_to_ret_gcipl_left	sys_ibd_delange2017	ret_gcipl_left	True	False
rs3850378	0.1536	0.0207	0.0123905	0.0104793	NA	59957.0	50676.0	55.060701533291315	1.1e-13	0.237059	ret_gcipl_left__sys_ibd_delange2017	sys_ibd_delange2017_to_ret_gcipl_left	sys_ibd_delange2017	ret_gcipl_left	True	False
rs6740847	-0.0924	0.0125	0.00648033	0.00629169	NA	59957.0	50742.0	54.64166399999999	1.218e-13	0.303018	ret_gcipl_left__sys_ibd_delange2017	sys_ibd_delange2017_to_ret_gcipl_left	sys_ibd_delange2017	ret_gcipl_left	True	False
rs11677002	-0.0931	0.0126	-0.0100286	0.00625713	NA	59957.0	50261.0	54.595679012345684	1.371e-13	0.108991	ret_gcipl_left__sys_ibd_delange2017	sys_ibd_delange2017_to_ret_gcipl_left	sys_ibd_delange2017	ret_gcipl_left	True	False
rs2384352	0.0951	0.0131	-0.0020345	0.00661182	NA	59957.0	50923.0	52.7009498280986	3.118e-13	0.758305	ret_gcipl_left__sys_ibd_delange2017	sys_ibd_delange2017_to_ret_gcipl_left	sys_ibd_delange2017	ret_gcipl_left	True	False
rs10826797	0.099	0.0136	-0.0109164	0.00673212	NA	59957.0	50355.0	52.989835640138416	3.986e-13	0.104903	ret_gcipl_left__sys_ibd_delange2017	sys_ibd_delange2017_to_ret_gcipl_left	sys_ibd_delange2017	ret_gcipl_left	True	False
rs55946629	-0.1298	0.018	0.0189003	0.00909196	NA	59957.0	49370.0	52.00012345679013	5.454e-13	0.0376365	ret_gcipl_left__sys_ibd_delange2017	sys_ibd_delange2017_to_ret_gcipl_left	sys_ibd_delange2017	ret_gcipl_left	True	False
rs6873866	-0.0919	0.0128	-0.0026628	0.00625956	NA	59957.0	51047.0	51.547912597656236	6.148e-13	0.670547	ret_gcipl_left__sys_ibd_delange2017	sys_ibd_delange2017_to_ret_gcipl_left	sys_ibd_delange2017	ret_gcipl_left	True	False
rs4072601	0.1264	0.0177	-0.00127401	0.00879968	NA	59957.0	50736.0	50.99735069743689	8.433e-13	0.884885	ret_gcipl_left__sys_ibd_delange2017	sys_ibd_delange2017_to_ret_gcipl_left	sys_ibd_delange2017	ret_gcipl_left	True	False
rs1250573	0.098	0.0138	0.0019098	0.00661197	NA	59957.0	50646.0	50.43058181054401	1.107e-12	0.772704	ret_gcipl_left__sys_ibd_delange2017	sys_ibd_delange2017_to_ret_gcipl_left	sys_ibd_delange2017	ret_gcipl_left	True	False
rs11669299	0.1107	0.0157	0.0146277	0.00776543	NA	59957.0	50616.0	49.715972250395566	1.836e-12	0.0596056	ret_gcipl_left__sys_ibd_delange2017	sys_ibd_delange2017_to_ret_gcipl_left	sys_ibd_delange2017	ret_gcipl_left	True	False
rs62324212	-0.0886	0.0127	0.00808876	0.00623745	NA	59957.0	50903.0	48.66984933969868	2.674e-12	0.194698	ret_gcipl_left__sys_ibd_delange2017	sys_ibd_delange2017_to_ret_gcipl_left	sys_ibd_delange2017	ret_gcipl_left	True	False
rs1558619	0.0843	0.0123	-0.0138316	0.00620308	NA	59957.0	50977.0	46.972635336109455	8.897e-12	0.0257613	ret_gcipl_left__sys_ibd_delange2017	sys_ibd_delange2017_to_ret_gcipl_left	sys_ibd_delange2017	ret_gcipl_left	True	False
rs194746	-0.0833	0.0124	0.0078363	0.00619179	NA	59957.0	50522.0	45.12805671175858	1.836e-11	0.205658	ret_gcipl_left__sys_ibd_delange2017	sys_ibd_delange2017_to_ret_gcipl_left	sys_ibd_delange2017	ret_gcipl_left	True	False
rs3897234	0.0971	0.0145	0.0118944	0.00739823	NA	59957.0	50807.0	44.8438049940547	1.899e-11	0.107894	ret_gcipl_left__sys_ibd_delange2017	sys_ibd_delange2017_to_ret_gcipl_left	sys_ibd_delange2017	ret_gcipl_left	True	False
rs34140409	0.1583	0.0237	0.00737412	0.011184	NA	59957.0	51046.0	44.61338104648472	2.284e-11	0.509673	ret_gcipl_left__sys_ibd_delange2017	sys_ibd_delange2017_to_ret_gcipl_left	sys_ibd_delange2017	ret_gcipl_left	True	False
rs16940202	0.113	0.0169	0.00245109	0.00841437	NA	59957.0	51047.0	44.70781835369911	2.505e-11	0.770823	ret_gcipl_left__sys_ibd_delange2017	sys_ibd_delange2017_to_ret_gcipl_left	sys_ibd_delange2017	ret_gcipl_left	True	False
rs1336900	0.0848	0.0128	0.00227058	0.00635196	NA	59957.0	51047.0	43.890625	2.984e-11	0.720747	ret_gcipl_left__sys_ibd_delange2017	sys_ibd_delange2017_to_ret_gcipl_left	sys_ibd_delange2017	ret_gcipl_left	True	False
rs1456896	-0.0879	0.0133	-0.0049853	0.00655703	NA	59957.0	51047.0	43.67917915088474	4.504e-11	0.447076	ret_gcipl_left__sys_ibd_delange2017	sys_ibd_delange2017_to_ret_gcipl_left	sys_ibd_delange2017	ret_gcipl_left	True	False
rs76286777	0.0996	0.0151	-0.0118002	0.0075535	NA	59957.0	50846.0	43.50756545765535	4.655e-11	0.118236	ret_gcipl_left__sys_ibd_delange2017	sys_ibd_delange2017_to_ret_gcipl_left	sys_ibd_delange2017	ret_gcipl_left	True	False
rs11548656	-0.2374	0.0362	0.0228404	0.016614	NA	59957.0	51047.0	43.00750892829888	5.184e-11	0.169204	ret_gcipl_left__sys_ibd_delange2017	sys_ibd_delange2017_to_ret_gcipl_left	sys_ibd_delange2017	ret_gcipl_left	True	False
rs7543680	0.1001	0.0153	2.21411e-05	0.00759858	NA	59957.0	50736.0	42.804092443077444	5.508e-11	0.997675	ret_gcipl_left__sys_ibd_delange2017	sys_ibd_delange2017_to_ret_gcipl_left	sys_ibd_delange2017	ret_gcipl_left	True	False
rs2529269	0.1042	0.0163	-0.00739247	0.00706877	NA	59957.0	48201.0	40.86582106966766	1.697e-10	0.295657	ret_gcipl_left__sys_ibd_delange2017	sys_ibd_delange2017_to_ret_gcipl_left	sys_ibd_delange2017	ret_gcipl_left	True	False
rs3820330	0.0892	0.014	-0.000268623	0.00672751	NA	59957.0	50812.0	40.59510204081632	1.722e-10	0.96815	ret_gcipl_left__sys_ibd_delange2017	sys_ibd_delange2017_to_ret_gcipl_left	sys_ibd_delange2017	ret_gcipl_left	True	False
rs56235845	0.0877	0.0138	-0.008219	0.00664775	NA	59957.0	49997.0	40.38694601974375	1.771e-10	0.216325	ret_gcipl_left__sys_ibd_delange2017	sys_ibd_delange2017_to_ret_gcipl_left	sys_ibd_delange2017	ret_gcipl_left	True	False
rs10041497	0.0819	0.0129	0.00430266	0.00635346	NA	59957.0	51044.0	40.307733910221735	1.946e-10	0.49827	ret_gcipl_left__sys_ibd_delange2017	sys_ibd_delange2017_to_ret_gcipl_left	sys_ibd_delange2017	ret_gcipl_left	True	False
rs62408218	0.0818	0.0129	0.006293	0.0064474	NA	59957.0	50869.0	40.20936241812391	2.402e-10	0.329039	ret_gcipl_left__sys_ibd_delange2017	sys_ibd_delange2017_to_ret_gcipl_left	sys_ibd_delange2017	ret_gcipl_left	True	False
rs243505	-0.0805	0.0128	-0.00968159	0.00638462	NA	59957.0	50845.0	39.55230712890625	3.038e-10	0.12942	ret_gcipl_left__sys_ibd_delange2017	sys_ibd_delange2017_to_ret_gcipl_left	sys_ibd_delange2017	ret_gcipl_left	True	False
rs4276914	-0.0783	0.0125	0.0154183	0.00618781	NA	59957.0	51040.0	39.23769599999999	3.154e-10	0.0127124	ret_gcipl_left__sys_ibd_delange2017	sys_ibd_delange2017_to_ret_gcipl_left	sys_ibd_delange2017	ret_gcipl_left	True	False
rs11209013	0.0773	0.0124	0.00685306	0.006203	NA	59957.0	50965.0	38.86114724245577	4.46e-10	0.269248	ret_gcipl_left__sys_ibd_delange2017	sys_ibd_delange2017_to_ret_gcipl_left	sys_ibd_delange2017	ret_gcipl_left	True	False
rs62183956	0.078	0.0125	-0.00138696	0.00617593	NA	59957.0	50876.0	38.93759999999999	4.489e-10	0.82231	ret_gcipl_left__sys_ibd_delange2017	sys_ibd_delange2017_to_ret_gcipl_left	sys_ibd_delange2017	ret_gcipl_left	True	False
rs2301127	-0.0783	0.0126	0.000998944	0.00625884	NA	59957.0	50151.0	38.6173469387755	4.961e-10	0.873192	ret_gcipl_left__sys_ibd_delange2017	sys_ibd_delange2017_to_ret_gcipl_left	sys_ibd_delange2017	ret_gcipl_left	True	False
rs56116661	0.1	0.0163	0.00728523	0.00779377	NA	59957.0	50222.0	37.63784862057286	9.271e-10	0.349917	ret_gcipl_left__sys_ibd_delange2017	sys_ibd_delange2017_to_ret_gcipl_left	sys_ibd_delange2017	ret_gcipl_left	True	False
rs12136659	0.087	0.0142	0.00669478	0.00719689	NA	59957.0	49142.0	37.53719500099186	1.02e-09	0.352251	ret_gcipl_left__sys_ibd_delange2017	sys_ibd_delange2017_to_ret_gcipl_left	sys_ibd_delange2017	ret_gcipl_left	True	False
rs140933577	-0.1857	0.0305	0.0360747	0.016272	NA	59957.0	49216.0	37.070131685030915	1.13e-09	0.0266242	ret_gcipl_left__sys_ibd_delange2017	sys_ibd_delange2017_to_ret_gcipl_left	sys_ibd_delange2017	ret_gcipl_left	True	False
rs111456533	0.1031	0.017	-0.0033601	0.0084025	NA	59957.0	50898.0	36.780657439446365	1.179e-09	0.689235	ret_gcipl_left__sys_ibd_delange2017	sys_ibd_delange2017_to_ret_gcipl_left	sys_ibd_delange2017	ret_gcipl_left	True	False
rs7256518	0.1665	0.0276	-0.0203725	0.0135353	NA	59957.0	50045.0	36.392367674858235	1.632e-09	0.132289	ret_gcipl_left__sys_ibd_delange2017	sys_ibd_delange2017_to_ret_gcipl_left	sys_ibd_delange2017	ret_gcipl_left	True	False
rs2593855	0.0832	0.014	0.00885194	0.00655036	NA	59957.0	50671.0	35.31755102040815	2.541e-09	0.176578	ret_gcipl_left__sys_ibd_delange2017	sys_ibd_delange2017_to_ret_gcipl_left	sys_ibd_delange2017	ret_gcipl_left	True	False
rs11195128	-0.0792	0.0133	0.0120706	0.00654638	NA	59957.0	50392.0	35.46068177963708	2.744e-09	0.0652047	ret_gcipl_left__sys_ibd_delange2017	sys_ibd_delange2017_to_ret_gcipl_left	sys_ibd_delange2017	ret_gcipl_left	True	False
rs7532133	0.0789	0.0134	-0.000805249	0.00665269	NA	59957.0	51020.0	34.66924704834039	3.832e-09	0.903658	ret_gcipl_left__sys_ibd_delange2017	sys_ibd_delange2017_to_ret_gcipl_left	sys_ibd_delange2017	ret_gcipl_left	True	False
rs6933404	0.0863	0.0149	-0.00358329	0.00757089	NA	59957.0	50174.0	33.546642043151216	6.641e-09	0.636	ret_gcipl_left__sys_ibd_delange2017	sys_ibd_delange2017_to_ret_gcipl_left	sys_ibd_delange2017	ret_gcipl_left	True	False
rs78771661	0.3848	0.0669	0.0125595	0.0223645	NA	59957.0	51047.0	33.08399078561357	8.949e-09	0.5744	ret_gcipl_left__sys_ibd_delange2017	sys_ibd_delange2017_to_ret_gcipl_left	sys_ibd_delange2017	ret_gcipl_left	True	False
rs212402	0.0743	0.013	0.00890831	0.00653267	NA	59957.0	49872.0	32.66562130177516	1.059e-08	0.172676	ret_gcipl_left__sys_ibd_delange2017	sys_ibd_delange2017_to_ret_gcipl_left	sys_ibd_delange2017	ret_gcipl_left	True	False
rs4256018	0.0786	0.0138	0.00164236	0.00694885	NA	59957.0	50922.0	32.440453686200385	1.23e-08	0.813161	ret_gcipl_left__sys_ibd_delange2017	sys_ibd_delange2017_to_ret_gcipl_left	sys_ibd_delange2017	ret_gcipl_left	True	False
rs7918084	-0.071	0.0125	0.0171488	0.00625283	NA	59957.0	50504.0	32.262399999999985	1.383e-08	0.00609605	ret_gcipl_left__sys_ibd_delange2017	sys_ibd_delange2017_to_ret_gcipl_left	sys_ibd_delange2017	ret_gcipl_left	True	False
rs938650	0.1074	0.0189	-0.015	0.00926294	NA	59957.0	50905.0	32.29125724363819	1.413e-08	0.10537	ret_gcipl_left__sys_ibd_delange2017	sys_ibd_delange2017_to_ret_gcipl_left	sys_ibd_delange2017	ret_gcipl_left	True	False
rs341295	-0.0702	0.0124	0.00689392	0.00631209	NA	59957.0	49232.0	32.050208116545264	1.451e-08	0.274755	ret_gcipl_left__sys_ibd_delange2017	sys_ibd_delange2017_to_ret_gcipl_left	sys_ibd_delange2017	ret_gcipl_left	True	False
rs5763793	-0.0734	0.013	-0.00874747	0.00646504	NA	59957.0	50887.0	31.879053254437874	1.467e-08	0.176042	ret_gcipl_left__sys_ibd_delange2017	sys_ibd_delange2017_to_ret_gcipl_left	sys_ibd_delange2017	ret_gcipl_left	True	False
rs62482552	0.0737	0.0131	0.0145366	0.00652959	NA	59957.0	47428.0	31.651360643319155	1.971e-08	0.0259963	ret_gcipl_left__sys_ibd_delange2017	sys_ibd_delange2017_to_ret_gcipl_left	sys_ibd_delange2017	ret_gcipl_left	True	False
rs7190426	-0.0872	0.0155	-0.00748192	0.00773632	NA	59957.0	50917.0	31.649698231009367	2.057e-08	0.333486	ret_gcipl_left__sys_ibd_delange2017	sys_ibd_delange2017_to_ret_gcipl_left	sys_ibd_delange2017	ret_gcipl_left	True	False
rs72852162	-0.1129	0.0202	0.017326	0.0101266	NA	59957.0	49790.0	31.238138417802176	2.298e-08	0.0870922	ret_gcipl_left__sys_ibd_delange2017	sys_ibd_delange2017_to_ret_gcipl_left	sys_ibd_delange2017	ret_gcipl_left	True	False
rs11221335	0.0827	0.0148	-0.00752422	0.0075623	NA	59957.0	50899.0	31.22393170197224	2.44e-08	0.319754	ret_gcipl_left__sys_ibd_delange2017	sys_ibd_delange2017_to_ret_gcipl_left	sys_ibd_delange2017	ret_gcipl_left	True	False
rs13422838	-0.1143	0.0205	-0.00906638	0.00993718	NA	59957.0	50824.0	31.0874241522903	2.557e-08	0.361574	ret_gcipl_left__sys_ibd_delange2017	sys_ibd_delange2017_to_ret_gcipl_left	sys_ibd_delange2017	ret_gcipl_left	True	False
rs503734	-0.0692	0.0124	0.00565156	0.00622032	NA	59957.0	50573.0	31.143600416233095	2.674e-08	0.36358	ret_gcipl_left__sys_ibd_delange2017	sys_ibd_delange2017_to_ret_gcipl_left	sys_ibd_delange2017	ret_gcipl_left	True	False
rs112936798	-0.1844	0.0332	0.0104043	0.0185534	NA	59957.0	51047.0	30.84932501088692	2.889e-08	0.57495	ret_gcipl_left__sys_ibd_delange2017	sys_ibd_delange2017_to_ret_gcipl_left	sys_ibd_delange2017	ret_gcipl_left	True	False
rs149169037	0.1338	0.0242	0.00446376	0.0109427	NA	59957.0	50363.0	30.56901850966464	3.261e-08	0.683331	ret_gcipl_left__sys_ibd_delange2017	sys_ibd_delange2017_to_ret_gcipl_left	sys_ibd_delange2017	ret_gcipl_left	True	False
rs11768365	-0.0837	0.0152	0.00183205	0.00738217	NA	59957.0	50939.0	30.32241170360111	3.879e-08	0.804001	ret_gcipl_left__sys_ibd_delange2017	sys_ibd_delange2017_to_ret_gcipl_left	sys_ibd_delange2017	ret_gcipl_left	True	False
rs11734570	-0.0694	0.0127	0.000629813	0.00638154	NA	59957.0	50251.0	29.86149172298345	4.801e-08	0.921382	ret_gcipl_left__sys_ibd_delange2017	sys_ibd_delange2017_to_ret_gcipl_left	sys_ibd_delange2017	ret_gcipl_left	True	False
rs17421627	0.372732	0.0119873	-0.003859	0.0188437	0.0732043	50885.0	184305.0	966.8310972378503	2.91715e-212	0.837736	ret_inl_left__sys_cad_nikpay2015	ret_inl_left_to_sys_cad_nikpay2015	ret_inl_left	sys_cad_nikpay2015	False	True
rs217343	0.0817853	0.00633297	0.004207	0.009216	0.437904	50567.0	184305.0	166.77680155618543	3.74257e-38	0.648038	ret_inl_left__sys_cad_nikpay2015	ret_inl_left_to_sys_cad_nikpay2015	ret_inl_left	sys_cad_nikpay2015	False	True
rs74454622	-0.140523	0.0117842	-0.00864	0.0194064	0.0766729	50885.0	184305.0	142.19836942394326	8.79488e-33	0.6561645	ret_inl_left__sys_cad_nikpay2015	ret_inl_left_to_sys_cad_nikpay2015	ret_inl_left	sys_cad_nikpay2015	False	True
rs887595	0.0948243	0.00822717	-0.00904	0.0110605	0.178031	50494.0	184305.0	132.84290009682485	9.78505e-31	0.4137432	ret_inl_left__sys_cad_nikpay2015	ret_inl_left_to_sys_cad_nikpay2015	ret_inl_left	sys_cad_nikpay2015	False	True
rs9905786	-0.0744034	0.0065542	0.015379	0.0110149	0.355441	50820.0	184305.0	128.86832522740474	7.2462e-30	0.1626528	ret_inl_left__sys_cad_nikpay2015	ret_inl_left_to_sys_cad_nikpay2015	ret_inl_left	sys_cad_nikpay2015	False	True
rs35661734	-0.171764	0.0161557	-0.036062	0.0254526	0.0390783	50885.0	184305.0	113.0349458333435	2.12038e-26	0.1565324	ret_inl_left__sys_cad_nikpay2015	ret_inl_left_to_sys_cad_nikpay2015	ret_inl_left	sys_cad_nikpay2015	False	True
rs16828071	0.0737443	0.00746455	0.016411	0.0114266	0.229291	50883.0	184305.0	97.59996281959184	5.12096e-23	0.150941	ret_inl_left__sys_cad_nikpay2015	ret_inl_left_to_sys_cad_nikpay2015	ret_inl_left	sys_cad_nikpay2015	False	True
rs1070768	-0.123107	0.0125747	-0.019139	0.0208641	0.0676172	50113.0	184305.0	95.84516972711343	1.24185e-22	0.3589774	ret_inl_left__sys_cad_nikpay2015	ret_inl_left_to_sys_cad_nikpay2015	ret_inl_left	sys_cad_nikpay2015	False	True
rs7807296	-0.0608106	0.00636838	-0.008724	0.009833	0.429232	50093.0	184305.0	91.18022035686637	1.31162e-21	0.3749618	ret_inl_left__sys_cad_nikpay2015	ret_inl_left_to_sys_cad_nikpay2015	ret_inl_left	sys_cad_nikpay2015	False	True
rs3138142	0.0672816	0.00733952	0.013291	0.0133091	0.240002	50537.0	184305.0	84.0344389569514	4.8621e-20	0.3179683	ret_inl_left__sys_cad_nikpay2015	ret_inl_left_to_sys_cad_nikpay2015	ret_inl_left	sys_cad_nikpay2015	False	True
rs12193446	0.0930841	0.0106438	-0.017365	0.0184548	0.0955291	50885.0	184305.0	76.4817113681703	2.22318e-18	0.3467311	ret_inl_left__sys_cad_nikpay2015	ret_inl_left_to_sys_cad_nikpay2015	ret_inl_left	sys_cad_nikpay2015	False	True
rs11704728	-0.0629894	0.00795176	0.003178	0.0129343	0.193972	50180.0	184305.0	62.749232126516354	2.34776e-15	0.8059121	ret_inl_left__sys_cad_nikpay2015	ret_inl_left_to_sys_cad_nikpay2015	ret_inl_left	sys_cad_nikpay2015	False	True
rs690526	-0.049404	0.00627115	-0.001131	0.0093355	0.482579	50742.0	184305.0	62.06258325916058	3.32696e-15	0.9035716	ret_inl_left__sys_cad_nikpay2015	ret_inl_left_to_sys_cad_nikpay2015	ret_inl_left	sys_cad_nikpay2015	False	True
rs13156539	0.0498132	0.00632502	0.007202	0.0092985	0.467181	50002.0	184305.0	62.02475781721852	3.39151e-15	0.4386173	ret_inl_left__sys_cad_nikpay2015	ret_inl_left_to_sys_cad_nikpay2015	ret_inl_left	sys_cad_nikpay2015	False	True
rs75638145	-0.0702559	0.00893308	-0.00289	0.0154295	0.148111	49274.0	184305.0	61.8533400885851	3.70001e-15	0.8514225	ret_inl_left__sys_cad_nikpay2015	ret_inl_left_to_sys_cad_nikpay2015	ret_inl_left	sys_cad_nikpay2015	False	True
rs28446321	0.0805324	0.0110031	-0.026918	0.0166733	0.0894251	50601.0	184305.0	53.56870701773651	2.49764e-13	0.1064322	ret_inl_left__sys_cad_nikpay2015	ret_inl_left_to_sys_cad_nikpay2015	ret_inl_left	sys_cad_nikpay2015	False	True
rs3811773	0.0482919	0.00675738	0.009974	0.0117655	0.319619	50313.0	184305.0	51.07306260015222	8.89981e-13	0.3965859	ret_inl_left__sys_cad_nikpay2015	ret_inl_left_to_sys_cad_nikpay2015	ret_inl_left	sys_cad_nikpay2015	False	True
rs3026390	-0.0448269	0.00629486	0.016592	0.0092475	0.484144	50865.0	184305.0	50.711360402652055	1.06996e-12	0.0727784	ret_inl_left__sys_cad_nikpay2015	ret_inl_left_to_sys_cad_nikpay2015	ret_inl_left	sys_cad_nikpay2015	False	True
rs9767105	0.0466544	0.00660633	0.01705	0.0095364	0.352176	50885.0	184305.0	49.872907721072224	1.6403e-12	0.0737954	ret_inl_left__sys_cad_nikpay2015	ret_inl_left_to_sys_cad_nikpay2015	ret_inl_left	sys_cad_nikpay2015	False	True
rs72763825	0.0460114	0.00660816	0.000251	0.0100915	0.341426	50579.0	184305.0	48.48080205889209	3.33548e-12	0.9801568	ret_inl_left__sys_cad_nikpay2015	ret_inl_left_to_sys_cad_nikpay2015	ret_inl_left	sys_cad_nikpay2015	False	True
rs17507554	0.0995851	0.0144041	0.003875	0.036449	0.0498477	50885.0	184305.0	47.798742587714024	4.72318e-12	0.915334	ret_inl_left__sys_cad_nikpay2015	ret_inl_left_to_sys_cad_nikpay2015	ret_inl_left	sys_cad_nikpay2015	False	True
rs4803297	-0.0438055	0.00634659	0.004327	0.0094213	0.431092	50306.0	184305.0	47.64050948789841	5.12026e-12	0.6460339	ret_inl_left__sys_cad_nikpay2015	ret_inl_left_to_sys_cad_nikpay2015	ret_inl_left	sys_cad_nikpay2015	False	True
rs2305041	-0.0568947	0.00825735	0.004708	0.0127866	0.175175	50561.0	184305.0	47.47470088577483	5.57186e-12	0.7127252	ret_inl_left__sys_cad_nikpay2015	ret_inl_left_to_sys_cad_nikpay2015	ret_inl_left	sys_cad_nikpay2015	False	True
rs6727356	0.0479607	0.00697435	0.010643	0.0108085	0.306366	48194.0	184305.0	47.28937235429273	6.12407e-12	0.3247759	ret_inl_left__sys_cad_nikpay2015	ret_inl_left_to_sys_cad_nikpay2015	ret_inl_left	sys_cad_nikpay2015	False	True
rs181433574	0.168761	0.0254884	0.038965	0.0564072	0.0152133	50778.0	184305.0	43.83883779851994	3.56535e-11	0.4897031	ret_inl_left__sys_cad_nikpay2015	ret_inl_left_to_sys_cad_nikpay2015	ret_inl_left	sys_cad_nikpay2015	False	True
rs17581439	0.0471796	0.00714022	-0.004173	0.0106368	0.263823	50134.0	184305.0	43.660159971602	3.90655e-11	0.6948248	ret_inl_left__sys_cad_nikpay2015	ret_inl_left_to_sys_cad_nikpay2015	ret_inl_left	sys_cad_nikpay2015	False	True
rs187136683	0.0421551	0.00651791	-0.019907	0.0120935	0.371143	50424.0	184305.0	41.82958240810057	9.95874e-11	0.099746	ret_inl_left__sys_cad_nikpay2015	ret_inl_left_to_sys_cad_nikpay2015	ret_inl_left	sys_cad_nikpay2015	False	True
rs759460	-0.0729045	0.0114068	-0.023877	0.0177683	0.081998	50861.0	184305.0	40.84896128375344	1.64472e-10	0.1790126	ret_inl_left__sys_cad_nikpay2015	ret_inl_left_to_sys_cad_nikpay2015	ret_inl_left	sys_cad_nikpay2015	False	True
rs4776131	0.0408649	0.00642842	0.005185	0.0094126	0.42091	49412.0	184305.0	40.41032970298204	2.05842e-10	0.5817314	ret_inl_left__sys_cad_nikpay2015	ret_inl_left_to_sys_cad_nikpay2015	ret_inl_left	sys_cad_nikpay2015	False	True
rs9967780	0.0485313	0.00768742	-0.006809	0.0118806	0.212298	50130.0	184305.0	39.854983268720545	2.7353e-10	0.5665647	ret_inl_left__sys_cad_nikpay2015	ret_inl_left_to_sys_cad_nikpay2015	ret_inl_left	sys_cad_nikpay2015	False	True
rs1983810	0.0433555	0.00689984	0.002417	0.0102219	0.3082	48978.0	184305.0	39.483019486373884	3.3094e-10	0.8130807	ret_inl_left__sys_cad_nikpay2015	ret_inl_left_to_sys_cad_nikpay2015	ret_inl_left	sys_cad_nikpay2015	False	True
rs7806594	0.0596194	0.00957853	0.000583	0.0125954	0.124828	49528.0	184305.0	38.741593016929535	4.83793e-10	0.9630817	ret_inl_left__sys_cad_nikpay2015	ret_inl_left_to_sys_cad_nikpay2015	ret_inl_left	sys_cad_nikpay2015	False	True
rs71330995	0.043808	0.00709718	-0.005105	0.0115623	0.270757	50464.0	184305.0	38.10089810295681	6.71788e-10	0.658837	ret_inl_left__sys_cad_nikpay2015	ret_inl_left_to_sys_cad_nikpay2015	ret_inl_left	sys_cad_nikpay2015	False	True
rs4767656	0.0454923	0.00739171	0.006513	0.0112582	0.234139	50707.0	184305.0	37.8779048954073	7.53112e-10	0.5629182	ret_inl_left__sys_cad_nikpay2015	ret_inl_left_to_sys_cad_nikpay2015	ret_inl_left	sys_cad_nikpay2015	False	True
rs28454055	-0.0513168	0.0083949	0.021324	0.0134753	0.168316	50221.0	184305.0	37.36698687301518	9.78604e-10	0.1135461	ret_inl_left__sys_cad_nikpay2015	ret_inl_left_to_sys_cad_nikpay2015	ret_inl_left	sys_cad_nikpay2015	False	True
rs4790941	0.0474195	0.00778901	0.016911	0.0116884	0.202729	50686.0	184305.0	37.063755130185555	1.14328e-09	0.1479459	ret_inl_left__sys_cad_nikpay2015	ret_inl_left_to_sys_cad_nikpay2015	ret_inl_left	sys_cad_nikpay2015	False	True
rs11642954	-0.0475856	0.00794327	-0.013937	0.01215	0.194654	50695.0	184305.0	35.888263871342645	2.08964e-09	0.2513501	ret_inl_left__sys_cad_nikpay2015	ret_inl_left_to_sys_cad_nikpay2015	ret_inl_left	sys_cad_nikpay2015	False	True
rs2190989	0.0377558	0.00630521	-0.012963	0.009518	0.452324	50885.0	184305.0	35.856528663797846	2.12397e-09	0.1732136	ret_inl_left__sys_cad_nikpay2015	ret_inl_left_to_sys_cad_nikpay2015	ret_inl_left	sys_cad_nikpay2015	False	True
rs17149785	-0.0957895	0.0161141	0.022487	0.021643	0.0396046	50537.0	184305.0	35.336514026847645	2.77374e-09	0.2988065	ret_inl_left__sys_cad_nikpay2015	ret_inl_left_to_sys_cad_nikpay2015	ret_inl_left	sys_cad_nikpay2015	False	True
rs4839276	-0.0442757	0.00745406	-0.006005	0.012137	0.228535	50548.0	184305.0	35.28134263114872	2.85359e-09	0.6207634	ret_inl_left__sys_cad_nikpay2015	ret_inl_left_to_sys_cad_nikpay2015	ret_inl_left	sys_cad_nikpay2015	False	True
rs2028900	0.0373533	0.00629208	0.056173	0.0094647	0.449255	50862.0	184305.0	35.242724924323184	2.91054e-09	2.94e-09	ret_inl_left__sys_cad_nikpay2015	ret_inl_left_to_sys_cad_nikpay2015	ret_inl_left	sys_cad_nikpay2015	False	True
rs4491516	0.0421464	0.00712531	0.011593	0.0103859	0.260658	50480.0	184305.0	34.987542695039046	3.31843e-09	0.2643261	ret_inl_left__sys_cad_nikpay2015	ret_inl_left_to_sys_cad_nikpay2015	ret_inl_left	sys_cad_nikpay2015	False	True
rs4449834	0.0418514	0.00707879	-0.012218	0.0114005	0.269955	50425.0	184305.0	34.95440577400379	3.37513e-09	0.283851	ret_inl_left__sys_cad_nikpay2015	ret_inl_left_to_sys_cad_nikpay2015	ret_inl_left	sys_cad_nikpay2015	False	True
rs12575487	0.0406822	0.00690491	-0.002305	0.0101719	0.289051	50792.0	184305.0	34.7130534110735	3.8208e-09	0.8207313	ret_inl_left__sys_cad_nikpay2015	ret_inl_left_to_sys_cad_nikpay2015	ret_inl_left	sys_cad_nikpay2015	False	True
rs2115597	0.0370101	0.00632981	0.019604	0.0096483	0.499369	49914.0	184305.0	34.18685648571448	5.00649e-09	0.0421682	ret_inl_left__sys_cad_nikpay2015	ret_inl_left_to_sys_cad_nikpay2015	ret_inl_left	sys_cad_nikpay2015	False	True
rs61779064	0.0669406	0.0114892	-0.013147	0.0188176	0.0809964	50885.0	184305.0	33.94686101379174	5.66349e-09	0.4847679	ret_inl_left__sys_cad_nikpay2015	ret_inl_left_to_sys_cad_nikpay2015	ret_inl_left	sys_cad_nikpay2015	False	True
rs902415	0.041438	0.00719322	0.010915	0.0106966	0.252238	50821.0	184305.0	33.18569259348178	8.37602e-09	0.3075295	ret_inl_left__sys_cad_nikpay2015	ret_inl_left_to_sys_cad_nikpay2015	ret_inl_left	sys_cad_nikpay2015	False	True
rs2340768	-0.045597	0.0079334	-0.008936	0.0110996	0.194777	50504.0	184305.0	33.03344255579678	9.05873e-09	0.4207765	ret_inl_left__sys_cad_nikpay2015	ret_inl_left_to_sys_cad_nikpay2015	ret_inl_left	sys_cad_nikpay2015	False	True
rs4838417	0.0375081	0.00658116	0.00731	0.0096331	0.353029	50146.0	184305.0	32.48218470503643	1.20286e-08	0.4479478	ret_inl_left__sys_cad_nikpay2015	ret_inl_left_to_sys_cad_nikpay2015	ret_inl_left	sys_cad_nikpay2015	False	True
rs10255584	0.0388231	0.00681623	0.006455	0.0101882	0.318651	49551.0	184305.0	32.44082934466854	1.22881e-08	0.5263575	ret_inl_left__sys_cad_nikpay2015	ret_inl_left_to_sys_cad_nikpay2015	ret_inl_left	sys_cad_nikpay2015	False	True
rs3823729	-0.0377748	0.00667015	-0.032584	0.0101448	0.341005	49750.0	184305.0	32.0725245442516	1.48529e-08	0.0013186	ret_inl_left__sys_cad_nikpay2015	ret_inl_left_to_sys_cad_nikpay2015	ret_inl_left	sys_cad_nikpay2015	False	True
rs10019492	-0.0360483	0.00637517	0.004204	0.0092844	0.412042	50467.0	184305.0	31.973195049675155	1.56318e-08	0.6506916	ret_inl_left__sys_cad_nikpay2015	ret_inl_left_to_sys_cad_nikpay2015	ret_inl_left	sys_cad_nikpay2015	False	True
rs9952482	0.0357607	0.00632442	0.000841	0.0093583	0.477395	50254.0	184305.0	31.972059747522174	1.56415e-08	0.928393	ret_inl_left__sys_cad_nikpay2015	ret_inl_left_to_sys_cad_nikpay2015	ret_inl_left	sys_cad_nikpay2015	False	True
rs10942927	-0.0368618	0.00652498	0.018484	0.0103425	0.368051	50455.0	184305.0	31.914989598849562	1.61064e-08	0.0739057	ret_inl_left__sys_cad_nikpay2015	ret_inl_left_to_sys_cad_nikpay2015	ret_inl_left	sys_cad_nikpay2015	False	True
rs7168800	-0.0654482	0.0116147	0.050992	0.0183429	0.0799038	50104.0	184305.0	31.752609333617066	1.75106e-08	0.005437	ret_inl_left__sys_cad_nikpay2015	ret_inl_left_to_sys_cad_nikpay2015	ret_inl_left	sys_cad_nikpay2015	False	True
rs2118752	-0.039593	0.00705962	0.007491	0.0110768	0.270469	50821.0	184305.0	31.453875991603354	2.04236e-08	0.4988631	ret_inl_left__sys_cad_nikpay2015	ret_inl_left_to_sys_cad_nikpay2015	ret_inl_left	sys_cad_nikpay2015	False	True
rs62023489	-0.054584	0.0099465	-0.017495	0.0156978	0.112366	50883.0	184305.0	30.11550447687568	4.0705e-08	0.2650703	ret_inl_left__sys_cad_nikpay2015	ret_inl_left_to_sys_cad_nikpay2015	ret_inl_left	sys_cad_nikpay2015	False	True
rs1779861	-0.0352911	0.0064382	-0.005718	0.0095451	0.391303	50222.0	184305.0	30.047023939582235	4.21681e-08	0.54914	ret_inl_left__sys_cad_nikpay2015	ret_inl_left_to_sys_cad_nikpay2015	ret_inl_left	sys_cad_nikpay2015	False	True
rs2070598	-0.0345242	0.00630236	-0.005038	0.009229	0.45917	50833.0	184305.0	30.00826134660078	4.30228e-08	0.5851437	ret_inl_left__sys_cad_nikpay2015	ret_inl_left_to_sys_cad_nikpay2015	ret_inl_left	sys_cad_nikpay2015	False	True
rs2891168	-0.193401	0.0091877	0.0115999	0.00626026	0.511332	184305.0	50861.0	443.1021105119655	2.29e-98	0.0638902	ret_inl_left__sys_cad_nikpay2015	sys_cad_nikpay2015_to_ret_inl_left	sys_cad_nikpay2015	ret_inl_left	True	False
rs9349379	-0.131836	0.0096527	0.00724944	0.00638848	0.568394	184305.0	50885.0	186.5393322937254	1.81e-42	0.256473	ret_inl_left__sys_cad_nikpay2015	sys_cad_nikpay2015_to_ret_inl_left	sys_cad_nikpay2015	ret_inl_left	True	False
rs55730499	-0.316641	0.0242403	0.0137483	0.0115155	0.943757	184305.0	50819.0	170.631149325991	5.39e-39	0.232519	ret_inl_left__sys_cad_nikpay2015	sys_cad_nikpay2015_to_ret_inl_left	sys_cad_nikpay2015	ret_inl_left	True	False
rs7528419	0.11453	0.011482	-0.00770456	0.00753789	0.78582	184305.0	50885.0	99.49549943458682	1.97e-23	0.306729	ret_inl_left__sys_cad_nikpay2015	sys_cad_nikpay2015_to_ret_inl_left	sys_cad_nikpay2015	ret_inl_left	True	False
rs115654617	-0.137846	0.0158314	-0.0183069	0.0093653	0.893038	184305.0	50885.0	75.8140491677371	3.12e-18	0.0506119	ret_inl_left__sys_cad_nikpay2015	sys_cad_nikpay2015_to_ret_inl_left	sys_cad_nikpay2015	ret_inl_left	True	False
rs4468572	0.077234	0.0095277	0.00210578	0.00637654	0.585831	184305.0	50138.0	65.71142838249757	4.44e-16	0.74122	ret_inl_left__sys_cad_nikpay2015	sys_cad_nikpay2015_to_ret_inl_left	sys_cad_nikpay2015	ret_inl_left	True	False
rs10080815	-0.246627	0.0308579	-0.0155899	0.0224819	0.972442	184305.0	50885.0	63.87758752148254	1.33e-15	0.488031	ret_inl_left__sys_cad_nikpay2015	sys_cad_nikpay2015_to_ret_inl_left	sys_cad_nikpay2015	ret_inl_left	True	False
rs28451064	-0.127571	0.015952	0.00170821	0.00969729	0.878814	184305.0	48927.0	63.954872551612944	1.33e-15	0.860174	ret_inl_left__sys_cad_nikpay2015	sys_cad_nikpay2015_to_ret_inl_left	sys_cad_nikpay2015	ret_inl_left	True	False
rs56289821	0.13361	0.0170415	-0.0031799	0.00955488	0.899622	184305.0	50883.0	61.46986936967773	4.44e-15	0.739282	ret_inl_left__sys_cad_nikpay2015	sys_cad_nikpay2015_to_ret_inl_left	sys_cad_nikpay2015	ret_inl_left	True	False
rs1870634	0.075878	0.0097113	0.00622637	0.00663384	0.637485	184305.0	50831.0	61.048782809156116	5.55e-15	0.347948	ret_inl_left__sys_cad_nikpay2015	sys_cad_nikpay2015_to_ret_inl_left	sys_cad_nikpay2015	ret_inl_left	True	False
rs9970807	0.12575	0.016695	-0.0276528	0.0109029	0.915097	184305.0	50829.0	56.73396555594931	5e-14	0.0112035	ret_inl_left__sys_cad_nikpay2015	sys_cad_nikpay2015_to_ret_inl_left	sys_cad_nikpay2015	ret_inl_left	True	False
rs1412444	-0.066812	0.0096809	0.0115375	0.00661915	0.630869	184305.0	50885.0	47.6296594989335	5.15e-12	0.0813256	ret_inl_left__sys_cad_nikpay2015	sys_cad_nikpay2015_to_ret_inl_left	sys_cad_nikpay2015	ret_inl_left	True	False
rs2519093	-0.079704	0.0117524	0.00614769	0.00800192	0.809128	184305.0	50848.0	45.99462746279435	1.19e-11	0.442323	ret_inl_left__sys_cad_nikpay2015	sys_cad_nikpay2015_to_ret_inl_left	sys_cad_nikpay2015	ret_inl_left	True	False
rs12202017	0.066813	0.0099612	-0.00519607	0.00690425	0.699953	184305.0	50578.0	44.988200858289325	1.98e-11	0.451696	ret_inl_left__sys_cad_nikpay2015	sys_cad_nikpay2015_to_ret_inl_left	sys_cad_nikpay2015	ret_inl_left	True	False
rs2487928	-0.062633	0.0095049	0.0156339	0.00638609	0.581779	184305.0	49797.0	43.42215007492742	4.41e-11	0.0143603	ret_inl_left__sys_cad_nikpay2015	sys_cad_nikpay2015_to_ret_inl_left	sys_cad_nikpay2015	ret_inl_left	True	False
rs2681472	-0.074114	0.0113331	0.00196797	0.00835975	0.798694	184305.0	50885.0	42.76643652718264	6.17e-11	0.813891	ret_inl_left__sys_cad_nikpay2015	sys_cad_nikpay2015_to_ret_inl_left	sys_cad_nikpay2015	ret_inl_left	True	False
rs2128739	-0.065565	0.0100568	0.00453328	0.00698739	0.676464	184305.0	50650.0	42.50348143656117	7.05e-11	0.516481	ret_inl_left__sys_cad_nikpay2015	sys_cad_nikpay2015_to_ret_inl_left	sys_cad_nikpay2015	ret_inl_left	True	False
rs4420638	-0.091906	0.0140977	-0.0449241	0.00801319	0.833964	184305.0	50885.0	42.50022220001871	7.07e-11	2.06732e-08	ret_inl_left__sys_cad_nikpay2015	sys_cad_nikpay2015_to_ret_inl_left	sys_cad_nikpay2015	ret_inl_left	True	False
rs2107595	-0.073415	0.0112951	-0.00415752	0.00875105	0.79953	184305.0	50534.0	42.24637461186516	8.05e-11	0.634724	ret_inl_left__sys_cad_nikpay2015	sys_cad_nikpay2015_to_ret_inl_left	sys_cad_nikpay2015	ret_inl_left	True	False
rs11838776	-0.068566	0.0107552	-0.00154231	0.00712657	0.736723	184305.0	49103.0	40.642521779048685	1.83e-10	0.828662	ret_inl_left__sys_cad_nikpay2015	sys_cad_nikpay2015_to_ret_inl_left	sys_cad_nikpay2015	ret_inl_left	True	False
rs3918226	-0.133315	0.0221275	0.00165851	0.0117745	0.935485	184305.0	50046.0	36.29888919993962	1.69e-09	0.887984	ret_inl_left__sys_cad_nikpay2015	sys_cad_nikpay2015_to_ret_inl_left	sys_cad_nikpay2015	ret_inl_left	True	False
rs6689306	-0.056012	0.0094061	-0.00563955	0.00660621	0.552455	184305.0	47352.0	35.460346672296524	2.6e-09	0.393286	ret_inl_left__sys_cad_nikpay2015	sys_cad_nikpay2015_to_ret_inl_left	sys_cad_nikpay2015	ret_inl_left	True	False
rs1199338	-0.073596	0.0124987	0.0206547	0.0085236	0.838134	184305.0	50637.0	34.67198718072137	3.9e-09	0.0153827	ret_inl_left__sys_cad_nikpay2015	sys_cad_nikpay2015_to_ret_inl_left	sys_cad_nikpay2015	ret_inl_left	True	False
rs56062135	0.069743	0.0118937	-0.00376749	0.00735338	0.794271	184305.0	50773.0	34.38486230152041	4.52e-09	0.608408	ret_inl_left__sys_cad_nikpay2015	sys_cad_nikpay2015_to_ret_inl_left	sys_cad_nikpay2015	ret_inl_left	True	False
rs11191416	0.079249	0.0135252	0.00550068	0.0111593	0.87253	184305.0	50873.0	34.33208585752941	4.65e-09	0.622068	ret_inl_left__sys_cad_nikpay2015	sys_cad_nikpay2015_to_ret_inl_left	sys_cad_nikpay2015	ret_inl_left	True	False
rs10840293	0.054714	0.009619	0.00405523	0.00636668	0.549821	184305.0	49790.0	32.35467805346482	1.28e-08	0.52416	ret_inl_left__sys_cad_nikpay2015	sys_cad_nikpay2015_to_ret_inl_left	sys_cad_nikpay2015	ret_inl_left	True	False
rs16986953	-0.08516	0.0150265	0.0087954	0.0126087	0.895294	184305.0	50437.0	32.11852806644818	1.45e-08	0.485449	ret_inl_left__sys_cad_nikpay2015	sys_cad_nikpay2015_to_ret_inl_left	sys_cad_nikpay2015	ret_inl_left	True	False
rs56336142	0.066813	0.0118763	0.00152594	0.00774379	0.807262	184305.0	50016.0	31.648973320949015	1.85e-08	0.843786	ret_inl_left__sys_cad_nikpay2015	sys_cad_nikpay2015_to_ret_inl_left	sys_cad_nikpay2015	ret_inl_left	True	False
rs663129	-0.058163	0.0105173	-0.0144441	0.00737034	0.743165	184305.0	50879.0	30.583351330344364	3.2e-08	0.0500235	ret_inl_left__sys_cad_nikpay2015	sys_cad_nikpay2015_to_ret_inl_left	sys_cad_nikpay2015	ret_inl_left	True	False
rs17087335	-0.060764	0.0111159	0.0030562	0.00803648	0.785363	184305.0	50616.0	29.88157247129896	4.59e-08	0.703729	ret_inl_left__sys_cad_nikpay2015	sys_cad_nikpay2015_to_ret_inl_left	sys_cad_nikpay2015	ret_inl_left	True	False
rs17421627	0.372732	0.0119873	-0.0036	0.0208	0.0732043	50885.0	440328.0	966.8310972378503	2.91715e-212	0.8639	ret_inl_left__sys_stroke_megastroke2018	ret_inl_left_to_sys_stroke_megastroke2018	ret_inl_left	sys_stroke_megastroke2018	False	True
rs217343	0.0817853	0.00633297	0.0275	0.0102	0.437904	50567.0	440328.0	166.77680155618543	3.74257e-38	0.007174	ret_inl_left__sys_stroke_megastroke2018	ret_inl_left_to_sys_stroke_megastroke2018	ret_inl_left	sys_stroke_megastroke2018	False	True
rs74454622	-0.140523	0.0117842	-0.001	0.0191	0.0766729	50885.0	440328.0	142.19836942394326	8.79488e-33	0.9598	ret_inl_left__sys_stroke_megastroke2018	ret_inl_left_to_sys_stroke_megastroke2018	ret_inl_left	sys_stroke_megastroke2018	False	True
rs887595	0.0948243	0.00822717	0.0067	0.0129	0.178031	50494.0	440328.0	132.84290009682485	9.78505e-31	0.6015	ret_inl_left__sys_stroke_megastroke2018	ret_inl_left_to_sys_stroke_megastroke2018	ret_inl_left	sys_stroke_megastroke2018	False	True
rs9905786	-0.0744034	0.0065542	0.0037	0.0108	0.355441	50820.0	440328.0	128.86832522740474	7.2462e-30	0.7317	ret_inl_left__sys_stroke_megastroke2018	ret_inl_left_to_sys_stroke_megastroke2018	ret_inl_left	sys_stroke_megastroke2018	False	True
rs35661734	-0.171764	0.0161557	0.0165	0.0269	0.0390783	50885.0	440328.0	113.0349458333435	2.12038e-26	0.5397	ret_inl_left__sys_stroke_megastroke2018	ret_inl_left_to_sys_stroke_megastroke2018	ret_inl_left	sys_stroke_megastroke2018	False	True
rs16828071	0.0737443	0.00746455	0.004	0.0118	0.229291	50883.0	440328.0	97.59996281959184	5.12096e-23	0.7333	ret_inl_left__sys_stroke_megastroke2018	ret_inl_left_to_sys_stroke_megastroke2018	ret_inl_left	sys_stroke_megastroke2018	False	True
rs1070768	-0.123107	0.0125747	-0.0294	0.021	0.0676172	50113.0	440328.0	95.84516972711343	1.24185e-22	0.161	ret_inl_left__sys_stroke_megastroke2018	ret_inl_left_to_sys_stroke_megastroke2018	ret_inl_left	sys_stroke_megastroke2018	False	True
rs7807296	-0.0608106	0.00636838	-0.0114	0.0104	0.429232	50093.0	440328.0	91.18022035686637	1.31162e-21	0.2739	ret_inl_left__sys_stroke_megastroke2018	ret_inl_left_to_sys_stroke_megastroke2018	ret_inl_left	sys_stroke_megastroke2018	False	True
rs3138142	0.0672816	0.00733952	0.0169	0.0135	0.240002	50537.0	440328.0	84.0344389569514	4.8621e-20	0.2114	ret_inl_left__sys_stroke_megastroke2018	ret_inl_left_to_sys_stroke_megastroke2018	ret_inl_left	sys_stroke_megastroke2018	False	True
rs12193446	0.0930841	0.0106438	-0.0113	0.0175	0.0955291	50885.0	440328.0	76.4817113681703	2.22318e-18	0.5196	ret_inl_left__sys_stroke_megastroke2018	ret_inl_left_to_sys_stroke_megastroke2018	ret_inl_left	sys_stroke_megastroke2018	False	True
rs11704728	-0.0629894	0.00795176	0.0011	0.0139	0.193972	50180.0	440328.0	62.749232126516354	2.34776e-15	0.9385	ret_inl_left__sys_stroke_megastroke2018	ret_inl_left_to_sys_stroke_megastroke2018	ret_inl_left	sys_stroke_megastroke2018	False	True
rs690526	-0.049404	0.00627115	-0.0117	0.0101	0.482579	50742.0	440328.0	62.06258325916058	3.32696e-15	0.2487	ret_inl_left__sys_stroke_megastroke2018	ret_inl_left_to_sys_stroke_megastroke2018	ret_inl_left	sys_stroke_megastroke2018	False	True
rs13156539	0.0498132	0.00632502	-0.0045	0.01	0.467181	50002.0	440328.0	62.02475781721852	3.39151e-15	0.6534	ret_inl_left__sys_stroke_megastroke2018	ret_inl_left_to_sys_stroke_megastroke2018	ret_inl_left	sys_stroke_megastroke2018	False	True
rs75638145	-0.0702559	0.00893308	-0.0016	0.015	0.148111	49274.0	440328.0	61.8533400885851	3.70001e-15	0.9172	ret_inl_left__sys_stroke_megastroke2018	ret_inl_left_to_sys_stroke_megastroke2018	ret_inl_left	sys_stroke_megastroke2018	False	True
rs28446321	0.0805324	0.0110031	0.0628	0.0165	0.0894251	50601.0	440328.0	53.56870701773651	2.49764e-13	0.0001393	ret_inl_left__sys_stroke_megastroke2018	ret_inl_left_to_sys_stroke_megastroke2018	ret_inl_left	sys_stroke_megastroke2018	False	True
rs1877119	0.0460285	0.00639935	0.0027	0.0106	0.411651	50244.0	440328.0	51.73469782905342	6.35295e-13	0.7947	ret_inl_left__sys_stroke_megastroke2018	ret_inl_left_to_sys_stroke_megastroke2018	ret_inl_left	sys_stroke_megastroke2018	False	True
rs3811773	0.0482919	0.00675738	-0.0	0.0125	0.319619	50313.0	440328.0	51.07306260015222	8.89981e-13	0.998	ret_inl_left__sys_stroke_megastroke2018	ret_inl_left_to_sys_stroke_megastroke2018	ret_inl_left	sys_stroke_megastroke2018	False	True
rs3026390	-0.0448269	0.00629486	0.0185	0.0101	0.484144	50865.0	440328.0	50.711360402652055	1.06996e-12	0.0665	ret_inl_left__sys_stroke_megastroke2018	ret_inl_left_to_sys_stroke_megastroke2018	ret_inl_left	sys_stroke_megastroke2018	False	True
rs9767105	0.0466544	0.00660633	0.0068	0.0102	0.352176	50885.0	440328.0	49.872907721072224	1.6403e-12	0.5046	ret_inl_left__sys_stroke_megastroke2018	ret_inl_left_to_sys_stroke_megastroke2018	ret_inl_left	sys_stroke_megastroke2018	False	True
rs72763825	0.0460114	0.00660816	-0.0093	0.0095	0.341426	50579.0	440328.0	48.48080205889209	3.33548e-12	0.3285	ret_inl_left__sys_stroke_megastroke2018	ret_inl_left_to_sys_stroke_megastroke2018	ret_inl_left	sys_stroke_megastroke2018	False	True
rs17507554	0.0995851	0.0144041	-0.0006	0.0342	0.0498477	50885.0	440328.0	47.798742587714024	4.72318e-12	0.9863	ret_inl_left__sys_stroke_megastroke2018	ret_inl_left_to_sys_stroke_megastroke2018	ret_inl_left	sys_stroke_megastroke2018	False	True
rs4803297	-0.0438055	0.00634659	-0.0015	0.0101	0.431092	50306.0	440328.0	47.64050948789841	5.12026e-12	0.8805	ret_inl_left__sys_stroke_megastroke2018	ret_inl_left_to_sys_stroke_megastroke2018	ret_inl_left	sys_stroke_megastroke2018	False	True
rs2305041	-0.0568947	0.00825735	-0.0039	0.0132	0.175175	50561.0	440328.0	47.47470088577483	5.57186e-12	0.7656	ret_inl_left__sys_stroke_megastroke2018	ret_inl_left_to_sys_stroke_megastroke2018	ret_inl_left	sys_stroke_megastroke2018	False	True
rs6727356	0.0479607	0.00697435	-0.001	0.0109	0.306366	48194.0	440328.0	47.28937235429273	6.12407e-12	0.9255	ret_inl_left__sys_stroke_megastroke2018	ret_inl_left_to_sys_stroke_megastroke2018	ret_inl_left	sys_stroke_megastroke2018	False	True
rs181433574	0.168761	0.0254884	0.0013	0.0509	0.0152133	50778.0	440328.0	43.83883779851994	3.56535e-11	0.9801	ret_inl_left__sys_stroke_megastroke2018	ret_inl_left_to_sys_stroke_megastroke2018	ret_inl_left	sys_stroke_megastroke2018	False	True
rs17581439	0.0471796	0.00714022	0.0113	0.0112	0.263823	50134.0	440328.0	43.660159971602	3.90655e-11	0.3093	ret_inl_left__sys_stroke_megastroke2018	ret_inl_left_to_sys_stroke_megastroke2018	ret_inl_left	sys_stroke_megastroke2018	False	True
rs187136683	0.0421551	0.00651791	-0.0174	0.0135	0.371143	50424.0	440328.0	41.82958240810057	9.95874e-11	0.1972	ret_inl_left__sys_stroke_megastroke2018	ret_inl_left_to_sys_stroke_megastroke2018	ret_inl_left	sys_stroke_megastroke2018	False	True
rs759460	-0.0729045	0.0114068	0.0098	0.0194	0.081998	50861.0	440328.0	40.84896128375344	1.64472e-10	0.6143	ret_inl_left__sys_stroke_megastroke2018	ret_inl_left_to_sys_stroke_megastroke2018	ret_inl_left	sys_stroke_megastroke2018	False	True
rs4776131	0.0408649	0.00642842	-0.0001	0.0101	0.42091	49412.0	440328.0	40.41032970298204	2.05842e-10	0.9912	ret_inl_left__sys_stroke_megastroke2018	ret_inl_left_to_sys_stroke_megastroke2018	ret_inl_left	sys_stroke_megastroke2018	False	True
rs9967780	0.0485313	0.00768742	0.006	0.0123	0.212298	50130.0	440328.0	39.854983268720545	2.7353e-10	0.6259	ret_inl_left__sys_stroke_megastroke2018	ret_inl_left_to_sys_stroke_megastroke2018	ret_inl_left	sys_stroke_megastroke2018	False	True
rs1983810	0.0433555	0.00689984	-0.0041	0.0108	0.3082	48978.0	440328.0	39.483019486373884	3.3094e-10	0.7028	ret_inl_left__sys_stroke_megastroke2018	ret_inl_left_to_sys_stroke_megastroke2018	ret_inl_left	sys_stroke_megastroke2018	False	True
rs7806594	0.0596194	0.00957853	0.0001	0.0152	0.124828	49528.0	440328.0	38.741593016929535	4.83793e-10	0.9937	ret_inl_left__sys_stroke_megastroke2018	ret_inl_left_to_sys_stroke_megastroke2018	ret_inl_left	sys_stroke_megastroke2018	False	True
rs71330995	0.043808	0.00709718	-0.0124	0.0119	0.270757	50464.0	440328.0	38.10089810295681	6.71788e-10	0.2975	ret_inl_left__sys_stroke_megastroke2018	ret_inl_left_to_sys_stroke_megastroke2018	ret_inl_left	sys_stroke_megastroke2018	False	True
rs4767656	0.0454923	0.00739171	-0.0034	0.0127	0.234139	50707.0	440328.0	37.8779048954073	7.53112e-10	0.791	ret_inl_left__sys_stroke_megastroke2018	ret_inl_left_to_sys_stroke_megastroke2018	ret_inl_left	sys_stroke_megastroke2018	False	True
rs28454055	-0.0513168	0.0083949	0.0037	0.0133	0.168316	50221.0	440328.0	37.36698687301518	9.78604e-10	0.7823	ret_inl_left__sys_stroke_megastroke2018	ret_inl_left_to_sys_stroke_megastroke2018	ret_inl_left	sys_stroke_megastroke2018	False	True
rs4790941	0.0474195	0.00778901	0.0132	0.0135	0.202729	50686.0	440328.0	37.063755130185555	1.14328e-09	0.3274	ret_inl_left__sys_stroke_megastroke2018	ret_inl_left_to_sys_stroke_megastroke2018	ret_inl_left	sys_stroke_megastroke2018	False	True
rs11642954	-0.0475856	0.00794327	-0.0086	0.0123	0.194654	50695.0	440328.0	35.888263871342645	2.08964e-09	0.4846	ret_inl_left__sys_stroke_megastroke2018	ret_inl_left_to_sys_stroke_megastroke2018	ret_inl_left	sys_stroke_megastroke2018	False	True
rs2190989	0.0377558	0.00630521	-0.0085	0.0101	0.452324	50885.0	440328.0	35.856528663797846	2.12397e-09	0.4008	ret_inl_left__sys_stroke_megastroke2018	ret_inl_left_to_sys_stroke_megastroke2018	ret_inl_left	sys_stroke_megastroke2018	False	True
rs17149785	-0.0957895	0.0161141	0.0283	0.0247	0.0396046	50537.0	440328.0	35.336514026847645	2.77374e-09	0.252	ret_inl_left__sys_stroke_megastroke2018	ret_inl_left_to_sys_stroke_megastroke2018	ret_inl_left	sys_stroke_megastroke2018	False	True
rs4839276	-0.0442757	0.00745406	0.0265	0.0117	0.228535	50548.0	440328.0	35.28134263114872	2.85359e-09	0.02289	ret_inl_left__sys_stroke_megastroke2018	ret_inl_left_to_sys_stroke_megastroke2018	ret_inl_left	sys_stroke_megastroke2018	False	True
rs2028900	0.0373533	0.00629208	-0.0069	0.0096	0.449255	50862.0	440328.0	35.242724924323184	2.91054e-09	0.4724	ret_inl_left__sys_stroke_megastroke2018	ret_inl_left_to_sys_stroke_megastroke2018	ret_inl_left	sys_stroke_megastroke2018	False	True
rs4491516	0.0421464	0.00712531	-0.0132	0.0114	0.260658	50480.0	440328.0	34.987542695039046	3.31843e-09	0.2499	ret_inl_left__sys_stroke_megastroke2018	ret_inl_left_to_sys_stroke_megastroke2018	ret_inl_left	sys_stroke_megastroke2018	False	True
rs4449834	0.0418514	0.00707879	0.0011	0.0113	0.269955	50425.0	440328.0	34.95440577400379	3.37513e-09	0.922	ret_inl_left__sys_stroke_megastroke2018	ret_inl_left_to_sys_stroke_megastroke2018	ret_inl_left	sys_stroke_megastroke2018	False	True
rs12575487	0.0406822	0.00690491	0.0168	0.011	0.289051	50792.0	440328.0	34.7130534110735	3.8208e-09	0.1275	ret_inl_left__sys_stroke_megastroke2018	ret_inl_left_to_sys_stroke_megastroke2018	ret_inl_left	sys_stroke_megastroke2018	False	True
rs2115597	0.0370101	0.00632981	0.0169	0.01	0.499369	49914.0	440328.0	34.18685648571448	5.00649e-09	0.09201	ret_inl_left__sys_stroke_megastroke2018	ret_inl_left_to_sys_stroke_megastroke2018	ret_inl_left	sys_stroke_megastroke2018	False	True
rs61779064	0.0669406	0.0114892	0.0117	0.0189	0.0809964	50885.0	440328.0	33.94686101379174	5.66349e-09	0.5355	ret_inl_left__sys_stroke_megastroke2018	ret_inl_left_to_sys_stroke_megastroke2018	ret_inl_left	sys_stroke_megastroke2018	False	True
rs902415	0.041438	0.00719322	0.0144	0.0116	0.252238	50821.0	440328.0	33.18569259348178	8.37602e-09	0.2151	ret_inl_left__sys_stroke_megastroke2018	ret_inl_left_to_sys_stroke_megastroke2018	ret_inl_left	sys_stroke_megastroke2018	False	True
rs2340768	-0.045597	0.0079334	0.0092	0.0127	0.194777	50504.0	440328.0	33.03344255579678	9.05873e-09	0.4686	ret_inl_left__sys_stroke_megastroke2018	ret_inl_left_to_sys_stroke_megastroke2018	ret_inl_left	sys_stroke_megastroke2018	False	True
rs4838417	0.0375081	0.00658116	-0.0017	0.0105	0.353029	50146.0	440328.0	32.48218470503643	1.20286e-08	0.8714	ret_inl_left__sys_stroke_megastroke2018	ret_inl_left_to_sys_stroke_megastroke2018	ret_inl_left	sys_stroke_megastroke2018	False	True
rs10255584	0.0388231	0.00681623	0.0017	0.0112	0.318651	49551.0	440328.0	32.44082934466854	1.22881e-08	0.8818	ret_inl_left__sys_stroke_megastroke2018	ret_inl_left_to_sys_stroke_megastroke2018	ret_inl_left	sys_stroke_megastroke2018	False	True
rs3823729	-0.0377748	0.00667015	-0.0183	0.0107	0.341005	49750.0	440328.0	32.0725245442516	1.48529e-08	0.08785	ret_inl_left__sys_stroke_megastroke2018	ret_inl_left_to_sys_stroke_megastroke2018	ret_inl_left	sys_stroke_megastroke2018	False	True
rs10019492	-0.0360483	0.00637517	0.0099	0.0103	0.412042	50467.0	440328.0	31.973195049675155	1.56318e-08	0.3365	ret_inl_left__sys_stroke_megastroke2018	ret_inl_left_to_sys_stroke_megastroke2018	ret_inl_left	sys_stroke_megastroke2018	False	True
rs9952482	0.0357607	0.00632442	0.0041	0.0099	0.477395	50254.0	440328.0	31.972059747522174	1.56415e-08	0.6827	ret_inl_left__sys_stroke_megastroke2018	ret_inl_left_to_sys_stroke_megastroke2018	ret_inl_left	sys_stroke_megastroke2018	False	True
rs10942927	-0.0368618	0.00652498	0.0113	0.0104	0.368051	50455.0	440328.0	31.914989598849562	1.61064e-08	0.2805	ret_inl_left__sys_stroke_megastroke2018	ret_inl_left_to_sys_stroke_megastroke2018	ret_inl_left	sys_stroke_megastroke2018	False	True
rs7168800	-0.0654482	0.0116147	-0.0049	0.0223	0.0799038	50104.0	440328.0	31.752609333617066	1.75106e-08	0.8264	ret_inl_left__sys_stroke_megastroke2018	ret_inl_left_to_sys_stroke_megastroke2018	ret_inl_left	sys_stroke_megastroke2018	False	True
rs2118752	-0.039593	0.00705962	0.0037	0.012	0.270469	50821.0	440328.0	31.453875991603354	2.04236e-08	0.7554	ret_inl_left__sys_stroke_megastroke2018	ret_inl_left_to_sys_stroke_megastroke2018	ret_inl_left	sys_stroke_megastroke2018	False	True
rs62023489	-0.054584	0.0099465	-0.0116	0.0166	0.112366	50883.0	440328.0	30.11550447687568	4.0705e-08	0.4854	ret_inl_left__sys_stroke_megastroke2018	ret_inl_left_to_sys_stroke_megastroke2018	ret_inl_left	sys_stroke_megastroke2018	False	True
rs1779861	-0.0352911	0.0064382	0.0001	0.0103	0.391303	50222.0	440328.0	30.047023939582235	4.21681e-08	0.9895	ret_inl_left__sys_stroke_megastroke2018	ret_inl_left_to_sys_stroke_megastroke2018	ret_inl_left	sys_stroke_megastroke2018	False	True
rs2070598	-0.0345242	0.00630236	-0.009	0.01	0.45917	50833.0	440328.0	30.00826134660078	4.30228e-08	0.3651	ret_inl_left__sys_stroke_megastroke2018	ret_inl_left_to_sys_stroke_megastroke2018	ret_inl_left	sys_stroke_megastroke2018	False	True
rs2107595	0.0882	0.0132	0.00415752	0.00875105	0.1673	440328.0	50534.0	44.64669421487603	2.328e-11	0.634724	ret_inl_left__sys_stroke_megastroke2018	sys_stroke_megastroke2018_to_ret_inl_left	sys_stroke_megastroke2018	ret_inl_left	True	False
rs11242678	0.0723	0.0114	0.000216497	0.00719884	0.255	440328.0	50856.0	40.22229916897507	2.703e-10	0.976008	ret_inl_left__sys_stroke_megastroke2018	sys_stroke_megastroke2018_to_ret_inl_left	sys_stroke_megastroke2018	ret_inl_left	True	False
rs2758612	0.0653	0.0111	-0.0100039	0.00668857	0.6453	440328.0	48709.0	34.60831101371642	3.677e-09	0.134738	ret_inl_left__sys_stroke_megastroke2018	sys_stroke_megastroke2018_to_ret_inl_left	sys_stroke_megastroke2018	ret_inl_left	True	False
rs635634	0.0772	0.0134	-0.0059018	0.00802993	0.1921	440328.0	50885.0	33.19135664958788	9.179e-09	0.462355	ret_inl_left__sys_stroke_megastroke2018	sys_stroke_megastroke2018_to_ret_inl_left	sys_stroke_megastroke2018	ret_inl_left	True	False
rs473238	0.0831	0.0147	0.0109769	0.00949638	0.1326	440328.0	50732.0	31.957101207830068	1.651e-08	0.24772	ret_inl_left__sys_stroke_megastroke2018	sys_stroke_megastroke2018_to_ret_inl_left	sys_stroke_megastroke2018	ret_inl_left	True	False
rs4942561	0.0655	0.0116	0.0109501	0.00727874	0.759	440328.0	50740.0	31.883546373365046	1.771e-08	0.132479	ret_inl_left__sys_stroke_megastroke2018	sys_stroke_megastroke2018_to_ret_inl_left	sys_stroke_megastroke2018	ret_inl_left	True	False
rs2066864	0.0634	0.0115	-0.00396979	0.00730575	0.2452	440328.0	50875.0	30.39364839319471	3.514e-08	0.586869	ret_inl_left__sys_stroke_megastroke2018	sys_stroke_megastroke2018_to_ret_inl_left	sys_stroke_megastroke2018	ret_inl_left	True	False
rs17421627	0.372732	0.0119873	0.0016	0.026	0.0732043	50885.0	158186.0	966.8310972378503	2.91715e-212	0.95	ret_inl_left__sys_t2d_scott2017	ret_inl_left_to_sys_t2d_scott2017	ret_inl_left	sys_t2d_scott2017	False	True
rs217343	0.0817853	0.00633297	-0.0012	0.012	0.437904	50567.0	158185.0	166.77680155618543	3.74257e-38	0.92	ret_inl_left__sys_t2d_scott2017	ret_inl_left_to_sys_t2d_scott2017	ret_inl_left	sys_t2d_scott2017	False	True
rs74454622	-0.140523	0.0117842	-0.042	0.023	0.0766729	50885.0	158184.0	142.19836942394326	8.79488e-33	0.066	ret_inl_left__sys_t2d_scott2017	ret_inl_left_to_sys_t2d_scott2017	ret_inl_left	sys_t2d_scott2017	False	True
rs887595	0.0948243	0.00822717	0.023	0.016	0.178031	50494.0	152598.0	132.84290009682485	9.78505e-31	0.16	ret_inl_left__sys_t2d_scott2017	ret_inl_left_to_sys_t2d_scott2017	ret_inl_left	sys_t2d_scott2017	False	True
rs9905786	-0.0744034	0.0065542	-0.011	0.013	0.355441	50820.0	156106.0	128.86832522740474	7.2462e-30	0.4	ret_inl_left__sys_t2d_scott2017	ret_inl_left_to_sys_t2d_scott2017	ret_inl_left	sys_t2d_scott2017	False	True
rs35661734	-0.171764	0.0161557	-0.05	0.032	0.0390783	50885.0	158184.0	113.0349458333435	2.12038e-26	0.12	ret_inl_left__sys_t2d_scott2017	ret_inl_left_to_sys_t2d_scott2017	ret_inl_left	sys_t2d_scott2017	False	True
rs16828071	0.0737443	0.00746455	-0.012	0.014	0.229291	50883.0	158184.0	97.59996281959184	5.12096e-23	0.42	ret_inl_left__sys_t2d_scott2017	ret_inl_left_to_sys_t2d_scott2017	ret_inl_left	sys_t2d_scott2017	False	True
rs1070768	-0.123107	0.0125747	-0.029	0.025	0.0676172	50113.0	158186.0	95.84516972711343	1.24185e-22	0.24	ret_inl_left__sys_t2d_scott2017	ret_inl_left_to_sys_t2d_scott2017	ret_inl_left	sys_t2d_scott2017	False	True
rs7807296	-0.0608106	0.00636838	0.018	0.013	0.429232	50093.0	142188.0	91.18022035686637	1.31162e-21	0.19	ret_inl_left__sys_t2d_scott2017	ret_inl_left_to_sys_t2d_scott2017	ret_inl_left	sys_t2d_scott2017	False	True
rs3138142	0.0672816	0.00733952	-0.02	0.016	0.240002	50537.0	158183.0	84.0344389569514	4.8621e-20	0.22	ret_inl_left__sys_t2d_scott2017	ret_inl_left_to_sys_t2d_scott2017	ret_inl_left	sys_t2d_scott2017	False	True
rs12193446	0.0930841	0.0106438	-0.01	0.022	0.0955291	50885.0	158185.0	76.4817113681703	2.22318e-18	0.63	ret_inl_left__sys_t2d_scott2017	ret_inl_left_to_sys_t2d_scott2017	ret_inl_left	sys_t2d_scott2017	False	True
rs11704728	-0.0629894	0.00795176	0.026	0.015	0.193972	50180.0	158183.0	62.749232126516354	2.34776e-15	0.089	ret_inl_left__sys_t2d_scott2017	ret_inl_left_to_sys_t2d_scott2017	ret_inl_left	sys_t2d_scott2017	False	True
rs690526	-0.049404	0.00627115	-0.025	0.012	0.482579	50742.0	152598.0	62.06258325916058	3.32696e-15	0.049	ret_inl_left__sys_t2d_scott2017	ret_inl_left_to_sys_t2d_scott2017	ret_inl_left	sys_t2d_scott2017	False	True
rs13156539	0.0498132	0.00632502	-0.0035	0.012	0.467181	50002.0	158186.0	62.02475781721852	3.39151e-15	0.77	ret_inl_left__sys_t2d_scott2017	ret_inl_left_to_sys_t2d_scott2017	ret_inl_left	sys_t2d_scott2017	False	True
rs75638145	-0.0702559	0.00893308	-0.031	0.019	0.148111	49274.0	158185.0	61.8533400885851	3.70001e-15	0.1	ret_inl_left__sys_t2d_scott2017	ret_inl_left_to_sys_t2d_scott2017	ret_inl_left	sys_t2d_scott2017	False	True
rs3811773	0.0482919	0.00675738	0.0037	0.015	0.319619	50313.0	158185.0	51.07306260015222	8.89981e-13	0.8	ret_inl_left__sys_t2d_scott2017	ret_inl_left_to_sys_t2d_scott2017	ret_inl_left	sys_t2d_scott2017	False	True
rs3026390	-0.0448269	0.00629486	0.0056	0.013	0.484144	50865.0	152598.0	50.711360402652055	1.06996e-12	0.65	ret_inl_left__sys_t2d_scott2017	ret_inl_left_to_sys_t2d_scott2017	ret_inl_left	sys_t2d_scott2017	False	True
rs9767105	0.0466544	0.00660633	-0.011	0.013	0.352176	50885.0	152598.0	49.872907721072224	1.6403e-12	0.41	ret_inl_left__sys_t2d_scott2017	ret_inl_left_to_sys_t2d_scott2017	ret_inl_left	sys_t2d_scott2017	False	True
rs72763825	0.0460114	0.00660816	0.027	0.013	0.341426	50579.0	158185.0	48.48080205889209	3.33548e-12	0.032	ret_inl_left__sys_t2d_scott2017	ret_inl_left_to_sys_t2d_scott2017	ret_inl_left	sys_t2d_scott2017	False	True
rs17507554	0.0995851	0.0144041	-0.035	0.044	0.0498477	50885.0	149852.0	47.798742587714024	4.72318e-12	0.43	ret_inl_left__sys_t2d_scott2017	ret_inl_left_to_sys_t2d_scott2017	ret_inl_left	sys_t2d_scott2017	False	True
rs4803297	-0.0438055	0.00634659	-0.0036	0.012	0.431092	50306.0	158186.0	47.64050948789841	5.12026e-12	0.77	ret_inl_left__sys_t2d_scott2017	ret_inl_left_to_sys_t2d_scott2017	ret_inl_left	sys_t2d_scott2017	False	True
rs2305041	-0.0568947	0.00825735	-0.014	0.016	0.175175	50561.0	158184.0	47.47470088577483	5.57186e-12	0.38	ret_inl_left__sys_t2d_scott2017	ret_inl_left_to_sys_t2d_scott2017	ret_inl_left	sys_t2d_scott2017	False	True
rs6727356	0.0479607	0.00697435	-0.032	0.013	0.306366	48194.0	158186.0	47.28937235429273	6.12407e-12	0.018	ret_inl_left__sys_t2d_scott2017	ret_inl_left_to_sys_t2d_scott2017	ret_inl_left	sys_t2d_scott2017	False	True
rs17581439	0.0471796	0.00714022	0.028	0.013	0.263823	50134.0	158186.0	43.660159971602	3.90655e-11	0.036	ret_inl_left__sys_t2d_scott2017	ret_inl_left_to_sys_t2d_scott2017	ret_inl_left	sys_t2d_scott2017	False	True
rs187136683	0.0421551	0.00651791	-0.004	0.015	0.371143	50424.0	158184.0	41.82958240810057	9.95874e-11	0.8	ret_inl_left__sys_t2d_scott2017	ret_inl_left_to_sys_t2d_scott2017	ret_inl_left	sys_t2d_scott2017	False	True
rs759460	-0.0729045	0.0114068	-0.0006	0.021	0.081998	50861.0	158186.0	40.84896128375344	1.64472e-10	0.98	ret_inl_left__sys_t2d_scott2017	ret_inl_left_to_sys_t2d_scott2017	ret_inl_left	sys_t2d_scott2017	False	True
rs4776131	0.0408649	0.00642842	0.016	0.012	0.42091	49412.0	158185.0	40.41032970298204	2.05842e-10	0.18	ret_inl_left__sys_t2d_scott2017	ret_inl_left_to_sys_t2d_scott2017	ret_inl_left	sys_t2d_scott2017	False	True
rs9967780	0.0485313	0.00768742	0.013	0.015	0.212298	50130.0	158186.0	39.854983268720545	2.7353e-10	0.39	ret_inl_left__sys_t2d_scott2017	ret_inl_left_to_sys_t2d_scott2017	ret_inl_left	sys_t2d_scott2017	False	True
rs1983810	0.0433555	0.00689984	-0.024	0.013	0.3082	48978.0	158183.0	39.483019486373884	3.3094e-10	0.075	ret_inl_left__sys_t2d_scott2017	ret_inl_left_to_sys_t2d_scott2017	ret_inl_left	sys_t2d_scott2017	False	True
rs71330995	0.043808	0.00709718	-0.086	0.015	0.270757	50464.0	158185.0	38.10089810295681	6.71788e-10	2.8e-09	ret_inl_left__sys_t2d_scott2017	ret_inl_left_to_sys_t2d_scott2017	ret_inl_left	sys_t2d_scott2017	False	True
rs4767656	0.0454923	0.00739171	-0.044	0.016	0.234139	50707.0	158183.0	37.8779048954073	7.53112e-10	0.0051	ret_inl_left__sys_t2d_scott2017	ret_inl_left_to_sys_t2d_scott2017	ret_inl_left	sys_t2d_scott2017	False	True
rs28454055	-0.0513168	0.0083949	0.026	0.016	0.168316	50221.0	158185.0	37.36698687301518	9.78604e-10	0.11	ret_inl_left__sys_t2d_scott2017	ret_inl_left_to_sys_t2d_scott2017	ret_inl_left	sys_t2d_scott2017	False	True
rs4790941	0.0474195	0.00778901	0.03	0.015	0.202729	50686.0	158182.0	37.063755130185555	1.14328e-09	0.051	ret_inl_left__sys_t2d_scott2017	ret_inl_left_to_sys_t2d_scott2017	ret_inl_left	sys_t2d_scott2017	False	True
rs11642954	-0.0475856	0.00794327	-0.0075	0.015	0.194654	50695.0	158182.0	35.888263871342645	2.08964e-09	0.62	ret_inl_left__sys_t2d_scott2017	ret_inl_left_to_sys_t2d_scott2017	ret_inl_left	sys_t2d_scott2017	False	True
rs2190989	0.0377558	0.00630521	0.0096	0.013	0.452324	50885.0	152599.0	35.856528663797846	2.12397e-09	0.45	ret_inl_left__sys_t2d_scott2017	ret_inl_left_to_sys_t2d_scott2017	ret_inl_left	sys_t2d_scott2017	False	True
rs17149785	-0.0957895	0.0161141	0.037	0.029	0.0396046	50537.0	152598.0	35.336514026847645	2.77374e-09	0.21	ret_inl_left__sys_t2d_scott2017	ret_inl_left_to_sys_t2d_scott2017	ret_inl_left	sys_t2d_scott2017	False	True
rs4839276	-0.0442757	0.00745406	0.027	0.014	0.228535	50548.0	158184.0	35.28134263114872	2.85359e-09	0.054	ret_inl_left__sys_t2d_scott2017	ret_inl_left_to_sys_t2d_scott2017	ret_inl_left	sys_t2d_scott2017	False	True
rs2028900	0.0373533	0.00629208	-0.0046	0.012	0.449255	50862.0	152599.0	35.242724924323184	2.91054e-09	0.71	ret_inl_left__sys_t2d_scott2017	ret_inl_left_to_sys_t2d_scott2017	ret_inl_left	sys_t2d_scott2017	False	True
rs4491516	0.0421464	0.00712531	0.011	0.014	0.260658	50480.0	158182.0	34.987542695039046	3.31843e-09	0.4	ret_inl_left__sys_t2d_scott2017	ret_inl_left_to_sys_t2d_scott2017	ret_inl_left	sys_t2d_scott2017	False	True
rs4449834	0.0418514	0.00707879	-0.011	0.014	0.269955	50425.0	158185.0	34.95440577400379	3.37513e-09	0.41	ret_inl_left__sys_t2d_scott2017	ret_inl_left_to_sys_t2d_scott2017	ret_inl_left	sys_t2d_scott2017	False	True
rs12575487	0.0406822	0.00690491	0.026	0.013	0.289051	50792.0	158185.0	34.7130534110735	3.8208e-09	0.046	ret_inl_left__sys_t2d_scott2017	ret_inl_left_to_sys_t2d_scott2017	ret_inl_left	sys_t2d_scott2017	False	True
rs2115597	0.0370101	0.00632981	-0.0058	0.012	0.499369	49914.0	158186.0	34.18685648571448	5.00649e-09	0.64	ret_inl_left__sys_t2d_scott2017	ret_inl_left_to_sys_t2d_scott2017	ret_inl_left	sys_t2d_scott2017	False	True
rs61779064	0.0669406	0.0114892	-0.0032	0.023	0.0809964	50885.0	158184.0	33.94686101379174	5.66349e-09	0.89	ret_inl_left__sys_t2d_scott2017	ret_inl_left_to_sys_t2d_scott2017	ret_inl_left	sys_t2d_scott2017	False	True
rs902415	0.041438	0.00719322	0.006	0.014	0.252238	50821.0	158185.0	33.18569259348178	8.37602e-09	0.67	ret_inl_left__sys_t2d_scott2017	ret_inl_left_to_sys_t2d_scott2017	ret_inl_left	sys_t2d_scott2017	False	True
rs2340768	-0.045597	0.0079334	-0.0062	0.016	0.194777	50504.0	152598.0	33.03344255579678	9.05873e-09	0.69	ret_inl_left__sys_t2d_scott2017	ret_inl_left_to_sys_t2d_scott2017	ret_inl_left	sys_t2d_scott2017	False	True
rs4838417	0.0375081	0.00658116	-0.0077	0.013	0.353029	50146.0	158186.0	32.48218470503643	1.20286e-08	0.55	ret_inl_left__sys_t2d_scott2017	ret_inl_left_to_sys_t2d_scott2017	ret_inl_left	sys_t2d_scott2017	False	True
rs3823729	-0.0377748	0.00667015	0.0033	0.013	0.341005	49750.0	152597.0	32.0725245442516	1.48529e-08	0.81	ret_inl_left__sys_t2d_scott2017	ret_inl_left_to_sys_t2d_scott2017	ret_inl_left	sys_t2d_scott2017	False	True
rs10019492	-0.0360483	0.00637517	-0.0021	0.012	0.412042	50467.0	158185.0	31.973195049675155	1.56318e-08	0.87	ret_inl_left__sys_t2d_scott2017	ret_inl_left_to_sys_t2d_scott2017	ret_inl_left	sys_t2d_scott2017	False	True
rs9952482	0.0357607	0.00632442	-0.019	0.012	0.477395	50254.0	158184.0	31.972059747522174	1.56415e-08	0.12	ret_inl_left__sys_t2d_scott2017	ret_inl_left_to_sys_t2d_scott2017	ret_inl_left	sys_t2d_scott2017	False	True
rs7168800	-0.0654482	0.0116147	-0.0099	0.028	0.0799038	50104.0	147430.0	31.752609333617066	1.75106e-08	0.73	ret_inl_left__sys_t2d_scott2017	ret_inl_left_to_sys_t2d_scott2017	ret_inl_left	sys_t2d_scott2017	False	True
rs2118752	-0.039593	0.00705962	0.009	0.014	0.270469	50821.0	158185.0	31.453875991603354	2.04236e-08	0.51	ret_inl_left__sys_t2d_scott2017	ret_inl_left_to_sys_t2d_scott2017	ret_inl_left	sys_t2d_scott2017	False	True
rs62023489	-0.054584	0.0099465	0.0057	0.021	0.112366	50883.0	158185.0	30.11550447687568	4.0705e-08	0.78	ret_inl_left__sys_t2d_scott2017	ret_inl_left_to_sys_t2d_scott2017	ret_inl_left	sys_t2d_scott2017	False	True
rs1779861	-0.0352911	0.0064382	0.027	0.013	0.391303	50222.0	158184.0	30.047023939582235	4.21681e-08	0.037	ret_inl_left__sys_t2d_scott2017	ret_inl_left_to_sys_t2d_scott2017	ret_inl_left	sys_t2d_scott2017	False	True
rs2070598	-0.0345242	0.00630236	-0.012	0.013	0.45917	50833.0	152598.0	30.00826134660078	4.30228e-08	0.33	ret_inl_left__sys_t2d_scott2017	ret_inl_left_to_sys_t2d_scott2017	ret_inl_left	sys_t2d_scott2017	False	True
rs7903146	0.29	0.013	-0.0187841	0.00687714	NA	158186.0	50885.0	497.6331360946745	9.3e-108	0.00630702	ret_inl_left__sys_t2d_scott2017	sys_t2d_scott2017_to_ret_inl_left	sys_t2d_scott2017	ret_inl_left	True	False
rs7451008	-0.17	0.013	0.00613594	0.00711941	NA	158185.0	50589.0	171.00591715976336	3.8e-37	0.388765	ret_inl_left__sys_t2d_scott2017	sys_t2d_scott2017_to_ret_inl_left	sys_t2d_scott2017	ret_inl_left	True	False
rs4402960	0.14	0.013	0.00262942	0.00677522	NA	152598.0	50885.0	115.97633136094676	2.7e-25	0.697947	ret_inl_left__sys_t2d_scott2017	sys_t2d_scott2017_to_ret_inl_left	sys_t2d_scott2017	ret_inl_left	True	False
rs3802177	-0.11	0.013	-0.00925113	0.00680347	NA	158185.0	50885.0	71.59763313609467	1.7e-17	0.173904	ret_inl_left__sys_t2d_scott2017	sys_t2d_scott2017_to_ret_inl_left	sys_t2d_scott2017	ret_inl_left	True	False
rs10965250	-0.14	0.016	0.00100156	0.00827422	NA	158183.0	50885.0	76.5625	2.7e-17	0.903655	ret_inl_left__sys_t2d_scott2017	sys_t2d_scott2017_to_ret_inl_left	sys_t2d_scott2017	ret_inl_left	True	False
rs3821943	0.1	0.012	0.00140591	0.00631705	NA	158185.0	50044.0	69.44444444444446	4.2e-16	0.82388	ret_inl_left__sys_t2d_scott2017	sys_t2d_scott2017_to_ret_inl_left	sys_t2d_scott2017	ret_inl_left	True	False
rs2237895	-0.097	0.013	0.0060994	0.00633392	NA	158185.0	50885.0	55.67455621301775	1.7e-13	0.335561	ret_inl_left__sys_t2d_scott2017	sys_t2d_scott2017_to_ret_inl_left	sys_t2d_scott2017	ret_inl_left	True	False
rs11708067	0.11	0.015	-0.0432093	0.00731129	NA	152598.0	50885.0	53.777777777777786	8.8e-13	3.42229e-09	ret_inl_left__sys_t2d_scott2017	sys_t2d_scott2017_to_ret_inl_left	sys_t2d_scott2017	ret_inl_left	True	False
rs810517	-0.089	0.013	-0.00420757	0.00626249	NA	152599.0	50874.0	46.869822485207095	1.3e-12	0.501667	ret_inl_left__sys_t2d_scott2017	sys_t2d_scott2017_to_ret_inl_left	sys_t2d_scott2017	ret_inl_left	True	False
rs11616380	-0.09	0.014	-0.00173665	0.00701117	NA	158184.0	50103.0	41.32653061224489	3.9e-11	0.804368	ret_inl_left__sys_t2d_scott2017	sys_t2d_scott2017_to_ret_inl_left	sys_t2d_scott2017	ret_inl_left	True	False
rs429358	0.12	0.019	-0.0482074	0.00866062	NA	152543.0	50885.0	39.88919667590028	1.4e-10	2.60242e-08	ret_inl_left__sys_t2d_scott2017	sys_t2d_scott2017_to_ret_inl_left	sys_t2d_scott2017	ret_inl_left	True	False
rs6757251	-0.13	0.021	0.00953789	0.0100364	NA	158186.0	50871.0	38.32199546485261	1.9e-10	0.341946	ret_inl_left__sys_t2d_scott2017	sys_t2d_scott2017_to_ret_inl_left	sys_t2d_scott2017	ret_inl_left	True	False
rs10965223	0.077	0.012	-0.0144041	0.00638985	NA	158183.0	50843.0	41.1736111111111	4e-10	0.0241825	ret_inl_left__sys_t2d_scott2017	sys_t2d_scott2017_to_ret_inl_left	sys_t2d_scott2017	ret_inl_left	True	False
rs11759026	-0.091	0.015	-0.00559128	0.00748393	NA	158185.0	50455.0	36.80444444444444	5.8e-10	0.455001	ret_inl_left__sys_t2d_scott2017	sys_t2d_scott2017_to_ret_inl_left	sys_t2d_scott2017	ret_inl_left	True	False
rs28650790	0.1	0.016	0.0086411	0.00794974	NA	158186.0	50823.0	39.0625	7.4e-10	0.277052	ret_inl_left__sys_t2d_scott2017	sys_t2d_scott2017_to_ret_inl_left	sys_t2d_scott2017	ret_inl_left	True	False
rs231360	0.079	0.013	-0.00219297	0.00648645	NA	158185.0	50218.0	36.92899408284024	9.5e-10	0.7353	ret_inl_left__sys_t2d_scott2017	sys_t2d_scott2017_to_ret_inl_left	sys_t2d_scott2017	ret_inl_left	True	False
rs4238013	-0.099	0.017	0.00778097	0.00783314	NA	158183.0	50321.0	33.91349480968858	3.6e-09	0.320544	ret_inl_left__sys_t2d_scott2017	sys_t2d_scott2017_to_ret_inl_left	sys_t2d_scott2017	ret_inl_left	True	False
rs76550717	0.096	0.016	-0.0170332	0.00863557	NA	158185.0	50117.0	36.0	3.8e-09	0.0485583	ret_inl_left__sys_t2d_scott2017	sys_t2d_scott2017_to_ret_inl_left	sys_t2d_scott2017	ret_inl_left	True	False
rs2023681	-0.12	0.021	0.0119793	0.0109949	NA	158183.0	50873.0	32.65306122448979	3.9e-09	0.275918	ret_inl_left__sys_t2d_scott2017	sys_t2d_scott2017_to_ret_inl_left	sys_t2d_scott2017	ret_inl_left	True	False
rs1061810	0.08	0.014	0.0160523	0.0068885	NA	158185.0	50885.0	32.6530612244898	5.3e-09	0.01979	ret_inl_left__sys_t2d_scott2017	sys_t2d_scott2017_to_ret_inl_left	sys_t2d_scott2017	ret_inl_left	True	False
rs4846569	-0.077	0.013	0.012502	0.00689758	NA	158184.0	50517.0	35.082840236686394	8.8e-09	0.0699056	ret_inl_left__sys_t2d_scott2017	sys_t2d_scott2017_to_ret_inl_left	sys_t2d_scott2017	ret_inl_left	True	False
rs10193447	0.071	0.012	0.00577323	0.0064326	NA	158186.0	49929.0	35.006944444444436	1.3e-08	0.369455	ret_inl_left__sys_t2d_scott2017	sys_t2d_scott2017_to_ret_inl_left	sys_t2d_scott2017	ret_inl_left	True	False
rs2215383	-0.069	0.012	0.00308874	0.00630995	NA	158184.0	50867.0	33.0625	1.4e-08	0.624485	ret_inl_left__sys_t2d_scott2017	sys_t2d_scott2017_to_ret_inl_left	sys_t2d_scott2017	ret_inl_left	True	False
rs35352848	0.083	0.015	-0.00328597	0.00780902	NA	158185.0	50826.0	30.617777777777786	1.5e-08	0.673907	ret_inl_left__sys_t2d_scott2017	sys_t2d_scott2017_to_ret_inl_left	sys_t2d_scott2017	ret_inl_left	True	False
rs62530366	-0.076	0.013	0.00140532	0.00655473	NA	158185.0	49099.0	34.177514792899416	1.9e-08	0.830237	ret_inl_left__sys_t2d_scott2017	sys_t2d_scott2017_to_ret_inl_left	sys_t2d_scott2017	ret_inl_left	True	False
rs9410573	0.073	0.013	0.00177769	0.00636882	NA	158183.0	50126.0	31.53254437869822	2e-08	0.78015	ret_inl_left__sys_t2d_scott2017	sys_t2d_scott2017_to_ret_inl_left	sys_t2d_scott2017	ret_inl_left	True	False
rs4774420	-0.075	0.013	0.0161838	0.00692512	NA	158185.0	49260.0	33.28402366863905	2.7e-08	0.0194407	ret_inl_left__sys_t2d_scott2017	sys_t2d_scott2017_to_ret_inl_left	sys_t2d_scott2017	ret_inl_left	True	False
rs5219	0.068	0.012	0.0126124	0.00654146	NA	158185.0	50885.0	32.111111111111114	4.3e-08	0.0538473	ret_inl_left__sys_t2d_scott2017	sys_t2d_scott2017_to_ret_inl_left	sys_t2d_scott2017	ret_inl_left	True	False
rs17421627	0.372732	0.0119873	0.0083	0.0193	0.0732043	50885.0	440290.0	966.8310972378503	2.91715e-212	0.6662	ret_inl_left__sys_ckd_wuttke2019	ret_inl_left_to_sys_ckd_wuttke2019	ret_inl_left	sys_ckd_wuttke2019	False	True
rs217343	0.0817853	0.00633297	-0.0083	0.0091	0.437904	50567.0	444921.0	166.77680155618543	3.74257e-38	0.364	ret_inl_left__sys_ckd_wuttke2019	ret_inl_left_to_sys_ckd_wuttke2019	ret_inl_left	sys_ckd_wuttke2019	False	True
rs74454622	-0.140523	0.0117842	-0.0085	0.0181	0.0766729	50885.0	402682.0	142.19836942394326	8.79488e-33	0.6399	ret_inl_left__sys_ckd_wuttke2019	ret_inl_left_to_sys_ckd_wuttke2019	ret_inl_left	sys_ckd_wuttke2019	False	True
rs887595	0.0948243	0.00822717	-0.0076	0.0127	0.178031	50494.0	402682.0	132.84290009682485	9.78505e-31	0.5482	ret_inl_left__sys_ckd_wuttke2019	ret_inl_left_to_sys_ckd_wuttke2019	ret_inl_left	sys_ckd_wuttke2019	False	True
rs9905786	-0.0744034	0.0065542	0.0036	0.0103	0.355441	50820.0	398911.0	128.86832522740474	7.2462e-30	0.7245	ret_inl_left__sys_ckd_wuttke2019	ret_inl_left_to_sys_ckd_wuttke2019	ret_inl_left	sys_ckd_wuttke2019	False	True
rs35661734	-0.171764	0.0161557	0.0032	0.0255	0.0390783	50885.0	384352.0	113.0349458333435	2.12038e-26	0.8986	ret_inl_left__sys_ckd_wuttke2019	ret_inl_left_to_sys_ckd_wuttke2019	ret_inl_left	sys_ckd_wuttke2019	False	True
rs16828071	0.0737443	0.00746455	0.0027	0.0107	0.229291	50883.0	444966.0	97.59996281959184	5.12096e-23	0.7997	ret_inl_left__sys_ckd_wuttke2019	ret_inl_left_to_sys_ckd_wuttke2019	ret_inl_left	sys_ckd_wuttke2019	False	True
rs1070768	-0.123107	0.0125747	0.0114	0.0197	0.0676172	50113.0	402682.0	95.84516972711343	1.24185e-22	0.5615	ret_inl_left__sys_ckd_wuttke2019	ret_inl_left_to_sys_ckd_wuttke2019	ret_inl_left	sys_ckd_wuttke2019	False	True
rs7807296	-0.0608106	0.00636838	0.0096	0.0102	0.429232	50093.0	383748.0	91.18022035686637	1.31162e-21	0.344	ret_inl_left__sys_ckd_wuttke2019	ret_inl_left_to_sys_ckd_wuttke2019	ret_inl_left	sys_ckd_wuttke2019	False	True
rs3138142	0.0672816	0.00733952	0.0095	0.0115	0.240002	50537.0	429344.0	84.0344389569514	4.8621e-20	0.4101	ret_inl_left__sys_ckd_wuttke2019	ret_inl_left_to_sys_ckd_wuttke2019	ret_inl_left	sys_ckd_wuttke2019	False	True
rs12193446	0.0930841	0.0106438	-0.0034	0.0162	0.0955291	50885.0	402682.0	76.4817113681703	2.22318e-18	0.8341	ret_inl_left__sys_ckd_wuttke2019	ret_inl_left_to_sys_ckd_wuttke2019	ret_inl_left	sys_ckd_wuttke2019	False	True
rs11704728	-0.0629894	0.00795176	0.0099	0.0113	0.193972	50180.0	440290.0	62.749232126516354	2.34776e-15	0.3791	ret_inl_left__sys_ckd_wuttke2019	ret_inl_left_to_sys_ckd_wuttke2019	ret_inl_left	sys_ckd_wuttke2019	False	True
rs690526	-0.049404	0.00627115	0.0624	0.0091	0.482579	50742.0	444860.0	62.06258325916058	3.32696e-15	8.202e-12	ret_inl_left__sys_ckd_wuttke2019	ret_inl_left_to_sys_ckd_wuttke2019	ret_inl_left	sys_ckd_wuttke2019	False	True
rs13156539	0.0498132	0.00632502	-0.0117	0.0097	0.467181	50002.0	402682.0	62.02475781721852	3.39151e-15	0.2254	ret_inl_left__sys_ckd_wuttke2019	ret_inl_left_to_sys_ckd_wuttke2019	ret_inl_left	sys_ckd_wuttke2019	False	True
rs75638145	-0.0702559	0.00893308	0.0081	0.0145	0.148111	49274.0	402682.0	61.8533400885851	3.70001e-15	0.5758	ret_inl_left__sys_ckd_wuttke2019	ret_inl_left_to_sys_ckd_wuttke2019	ret_inl_left	sys_ckd_wuttke2019	False	True
rs28446321	0.0805324	0.0110031	-0.0354	0.015	0.0894251	50601.0	444663.0	53.56870701773651	2.49764e-13	0.01831	ret_inl_left__sys_ckd_wuttke2019	ret_inl_left_to_sys_ckd_wuttke2019	ret_inl_left	sys_ckd_wuttke2019	False	True
rs1877119	0.0460285	0.00639935	-0.0186	0.0101	0.411651	50244.0	402682.0	51.73469782905342	6.35295e-13	0.06518	ret_inl_left__sys_ckd_wuttke2019	ret_inl_left_to_sys_ckd_wuttke2019	ret_inl_left	sys_ckd_wuttke2019	False	True
rs3811773	0.0482919	0.00675738	0.0166	0.0109	0.319619	50313.0	373827.0	51.07306260015222	8.89981e-13	0.1267	ret_inl_left__sys_ckd_wuttke2019	ret_inl_left_to_sys_ckd_wuttke2019	ret_inl_left	sys_ckd_wuttke2019	False	True
rs3026390	-0.0448269	0.00629486	-0.0138	0.0092	0.484144	50865.0	440290.0	50.711360402652055	1.06996e-12	0.1347	ret_inl_left__sys_ckd_wuttke2019	ret_inl_left_to_sys_ckd_wuttke2019	ret_inl_left	sys_ckd_wuttke2019	False	True
rs9767105	0.0466544	0.00660633	-0.0194	0.0101	0.352176	50885.0	399053.0	49.872907721072224	1.6403e-12	0.05513	ret_inl_left__sys_ckd_wuttke2019	ret_inl_left_to_sys_ckd_wuttke2019	ret_inl_left	sys_ckd_wuttke2019	False	True
rs72763825	0.0460114	0.00660816	0.0121	0.0101	0.341426	50579.0	396950.0	48.48080205889209	3.33548e-12	0.2317	ret_inl_left__sys_ckd_wuttke2019	ret_inl_left_to_sys_ckd_wuttke2019	ret_inl_left	sys_ckd_wuttke2019	False	True
rs17507554	0.0995851	0.0144041	0.0096	0.0303	0.0498477	50885.0	295885.0	47.798742587714024	4.72318e-12	0.7521	ret_inl_left__sys_ckd_wuttke2019	ret_inl_left_to_sys_ckd_wuttke2019	ret_inl_left	sys_ckd_wuttke2019	False	True
rs4803297	-0.0438055	0.00634659	0.0113	0.0097	0.431092	50306.0	402682.0	47.64050948789841	5.12026e-12	0.2466	ret_inl_left__sys_ckd_wuttke2019	ret_inl_left_to_sys_ckd_wuttke2019	ret_inl_left	sys_ckd_wuttke2019	False	True
rs2305041	-0.0568947	0.00825735	0.0342	0.012	0.175175	50561.0	444867.0	47.47470088577483	5.57186e-12	0.004257	ret_inl_left__sys_ckd_wuttke2019	ret_inl_left_to_sys_ckd_wuttke2019	ret_inl_left	sys_ckd_wuttke2019	False	True
rs6727356	0.0479607	0.00697435	-0.0186	0.01	0.306366	48194.0	440290.0	47.28937235429273	6.12407e-12	0.06292	ret_inl_left__sys_ckd_wuttke2019	ret_inl_left_to_sys_ckd_wuttke2019	ret_inl_left	sys_ckd_wuttke2019	False	True
rs17581439	0.0471796	0.00714022	-0.0035	0.0107	0.263823	50134.0	402682.0	43.660159971602	3.90655e-11	0.7463	ret_inl_left__sys_ckd_wuttke2019	ret_inl_left_to_sys_ckd_wuttke2019	ret_inl_left	sys_ckd_wuttke2019	False	True
rs187136683	0.0421551	0.00651791	-0.0084	0.0121	0.371143	50424.0	306905.0	41.82958240810057	9.95874e-11	0.4881	ret_inl_left__sys_ckd_wuttke2019	ret_inl_left_to_sys_ckd_wuttke2019	ret_inl_left	sys_ckd_wuttke2019	False	True
rs759460	-0.0729045	0.0114068	0.0046	0.016	0.081998	50861.0	444859.0	40.84896128375344	1.64472e-10	0.7734	ret_inl_left__sys_ckd_wuttke2019	ret_inl_left_to_sys_ckd_wuttke2019	ret_inl_left	sys_ckd_wuttke2019	False	True
rs4776131	0.0408649	0.00642842	0.0029	0.0097	0.42091	49412.0	402682.0	40.41032970298204	2.05842e-10	0.764	ret_inl_left__sys_ckd_wuttke2019	ret_inl_left_to_sys_ckd_wuttke2019	ret_inl_left	sys_ckd_wuttke2019	False	True
rs9967780	0.0485313	0.00768742	-0.0069	0.0114	0.212298	50130.0	444670.0	39.854983268720545	2.7353e-10	0.548	ret_inl_left__sys_ckd_wuttke2019	ret_inl_left_to_sys_ckd_wuttke2019	ret_inl_left	sys_ckd_wuttke2019	False	True
rs1983810	0.0433555	0.00689984	0.0088	0.01	0.3082	48978.0	440290.0	39.483019486373884	3.3094e-10	0.3794	ret_inl_left__sys_ckd_wuttke2019	ret_inl_left_to_sys_ckd_wuttke2019	ret_inl_left	sys_ckd_wuttke2019	False	True
rs7806594	0.0596194	0.00957853	-0.0153	0.015	0.124828	49528.0	349043.0	38.741593016929535	4.83793e-10	0.3068	ret_inl_left__sys_ckd_wuttke2019	ret_inl_left_to_sys_ckd_wuttke2019	ret_inl_left	sys_ckd_wuttke2019	False	True
rs71330995	0.043808	0.00709718	-0.0159	0.0114	0.270757	50464.0	402682.0	38.10089810295681	6.71788e-10	0.165	ret_inl_left__sys_ckd_wuttke2019	ret_inl_left_to_sys_ckd_wuttke2019	ret_inl_left	sys_ckd_wuttke2019	False	True
rs4767656	0.0454923	0.00739171	-0.003	0.0118	0.234139	50707.0	402682.0	37.8779048954073	7.53112e-10	0.799	ret_inl_left__sys_ckd_wuttke2019	ret_inl_left_to_sys_ckd_wuttke2019	ret_inl_left	sys_ckd_wuttke2019	False	True
rs28454055	-0.0513168	0.0083949	-0.0054	0.0122	0.168316	50221.0	444766.0	37.36698687301518	9.78604e-10	0.6566	ret_inl_left__sys_ckd_wuttke2019	ret_inl_left_to_sys_ckd_wuttke2019	ret_inl_left	sys_ckd_wuttke2019	False	True
rs4790941	0.0474195	0.00778901	-0.0091	0.0117	0.202729	50686.0	417813.0	37.063755130185555	1.14328e-09	0.4353	ret_inl_left__sys_ckd_wuttke2019	ret_inl_left_to_sys_ckd_wuttke2019	ret_inl_left	sys_ckd_wuttke2019	False	True
rs11642954	-0.0475856	0.00794327	0.0064	0.0114	0.194654	50695.0	444924.0	35.888263871342645	2.08964e-09	0.5734	ret_inl_left__sys_ckd_wuttke2019	ret_inl_left_to_sys_ckd_wuttke2019	ret_inl_left	sys_ckd_wuttke2019	False	True
rs2190989	0.0377558	0.00630521	0.0058	0.0093	0.452324	50885.0	440290.0	35.856528663797846	2.12397e-09	0.5295	ret_inl_left__sys_ckd_wuttke2019	ret_inl_left_to_sys_ckd_wuttke2019	ret_inl_left	sys_ckd_wuttke2019	False	True
rs17149785	-0.0957895	0.0161141	-0.0141	0.0219	0.0396046	50537.0	444709.0	35.336514026847645	2.77374e-09	0.52	ret_inl_left__sys_ckd_wuttke2019	ret_inl_left_to_sys_ckd_wuttke2019	ret_inl_left	sys_ckd_wuttke2019	False	True
rs4839276	-0.0442757	0.00745406	-0.0076	0.0111	0.228535	50548.0	402682.0	35.28134263114872	2.85359e-09	0.4931	ret_inl_left__sys_ckd_wuttke2019	ret_inl_left_to_sys_ckd_wuttke2019	ret_inl_left	sys_ckd_wuttke2019	False	True
rs2028900	0.0373533	0.00629208	0.0194	0.0092	0.449255	50862.0	440290.0	35.242724924323184	2.91054e-09	0.03551	ret_inl_left__sys_ckd_wuttke2019	ret_inl_left_to_sys_ckd_wuttke2019	ret_inl_left	sys_ckd_wuttke2019	False	True
rs4491516	0.0421464	0.00712531	0.0004	0.0108	0.260658	50480.0	396950.0	34.987542695039046	3.31843e-09	0.9705	ret_inl_left__sys_ckd_wuttke2019	ret_inl_left_to_sys_ckd_wuttke2019	ret_inl_left	sys_ckd_wuttke2019	False	True
rs4449834	0.0418514	0.00707879	-0.0043	0.0109	0.269955	50425.0	402682.0	34.95440577400379	3.37513e-09	0.6935	ret_inl_left__sys_ckd_wuttke2019	ret_inl_left_to_sys_ckd_wuttke2019	ret_inl_left	sys_ckd_wuttke2019	False	True
rs12575487	0.0406822	0.00690491	0.0007	0.0101	0.289051	50792.0	444901.0	34.7130534110735	3.8208e-09	0.9406	ret_inl_left__sys_ckd_wuttke2019	ret_inl_left_to_sys_ckd_wuttke2019	ret_inl_left	sys_ckd_wuttke2019	False	True
rs2115597	0.0370101	0.00632981	-0.0148	0.0097	0.499369	49914.0	402682.0	34.18685648571448	5.00649e-09	0.1265	ret_inl_left__sys_ckd_wuttke2019	ret_inl_left_to_sys_ckd_wuttke2019	ret_inl_left	sys_ckd_wuttke2019	False	True
rs61779064	0.0669406	0.0114892	0.0027	0.0176	0.0809964	50885.0	372648.0	33.94686101379174	5.66349e-09	0.8774	ret_inl_left__sys_ckd_wuttke2019	ret_inl_left_to_sys_ckd_wuttke2019	ret_inl_left	sys_ckd_wuttke2019	False	True
rs902415	0.041438	0.00719322	0.0231	0.0107	0.252238	50821.0	437840.0	33.18569259348178	8.37602e-09	0.0303	ret_inl_left__sys_ckd_wuttke2019	ret_inl_left_to_sys_ckd_wuttke2019	ret_inl_left	sys_ckd_wuttke2019	False	True
rs2340768	-0.045597	0.0079334	-0.0109	0.0115	0.194777	50504.0	444842.0	33.03344255579678	9.05873e-09	0.3464	ret_inl_left__sys_ckd_wuttke2019	ret_inl_left_to_sys_ckd_wuttke2019	ret_inl_left	sys_ckd_wuttke2019	False	True
rs4838417	0.0375081	0.00658116	-0.0037	0.0102	0.353029	50146.0	402682.0	32.48218470503643	1.20286e-08	0.7165	ret_inl_left__sys_ckd_wuttke2019	ret_inl_left_to_sys_ckd_wuttke2019	ret_inl_left	sys_ckd_wuttke2019	False	True
rs10255584	0.0388231	0.00681623	-0.0213	0.0105	0.318651	49551.0	402682.0	32.44082934466854	1.22881e-08	0.04303	ret_inl_left__sys_ckd_wuttke2019	ret_inl_left_to_sys_ckd_wuttke2019	ret_inl_left	sys_ckd_wuttke2019	False	True
rs3823729	-0.0377748	0.00667015	0.0095	0.0098	0.341005	49750.0	444951.0	32.0725245442516	1.48529e-08	0.3331	ret_inl_left__sys_ckd_wuttke2019	ret_inl_left_to_sys_ckd_wuttke2019	ret_inl_left	sys_ckd_wuttke2019	False	True
rs10019492	-0.0360483	0.00637517	0.0043	0.0093	0.412042	50467.0	444633.0	31.973195049675155	1.56318e-08	0.6479	ret_inl_left__sys_ckd_wuttke2019	ret_inl_left_to_sys_ckd_wuttke2019	ret_inl_left	sys_ckd_wuttke2019	False	True
rs9952482	0.0357607	0.00632442	-0.0045	0.0097	0.477395	50254.0	402682.0	31.972059747522174	1.56415e-08	0.6393	ret_inl_left__sys_ckd_wuttke2019	ret_inl_left_to_sys_ckd_wuttke2019	ret_inl_left	sys_ckd_wuttke2019	False	True
rs10942927	-0.0368618	0.00652498	0.0027	0.0102	0.368051	50455.0	379496.0	31.914989598849562	1.61064e-08	0.7908	ret_inl_left__sys_ckd_wuttke2019	ret_inl_left_to_sys_ckd_wuttke2019	ret_inl_left	sys_ckd_wuttke2019	False	True
rs7168800	-0.0654482	0.0116147	-0.0074	0.0218	0.0799038	50104.0	375010.0	31.752609333617066	1.75106e-08	0.7345	ret_inl_left__sys_ckd_wuttke2019	ret_inl_left_to_sys_ckd_wuttke2019	ret_inl_left	sys_ckd_wuttke2019	False	True
rs2118752	-0.039593	0.00705962	0.0001	0.0108	0.270469	50821.0	402682.0	31.453875991603354	2.04236e-08	0.9925	ret_inl_left__sys_ckd_wuttke2019	ret_inl_left_to_sys_ckd_wuttke2019	ret_inl_left	sys_ckd_wuttke2019	False	True
rs62023489	-0.054584	0.0099465	0.0098	0.0161	0.112366	50883.0	402682.0	30.11550447687568	4.0705e-08	0.5404	ret_inl_left__sys_ckd_wuttke2019	ret_inl_left_to_sys_ckd_wuttke2019	ret_inl_left	sys_ckd_wuttke2019	False	True
rs1779861	-0.0352911	0.0064382	0.0049	0.0101	0.391303	50222.0	397273.0	30.047023939582235	4.21681e-08	0.6249	ret_inl_left__sys_ckd_wuttke2019	ret_inl_left_to_sys_ckd_wuttke2019	ret_inl_left	sys_ckd_wuttke2019	False	True
rs2070598	-0.0345242	0.00630236	-0.0022	0.0092	0.45917	50833.0	444891.0	30.00826134660078	4.30228e-08	0.815	ret_inl_left__sys_ckd_wuttke2019	ret_inl_left_to_sys_ckd_wuttke2019	ret_inl_left	sys_ckd_wuttke2019	False	True
rs77924615	-0.2237	0.0128	-0.0183872	0.00802946	0.2	402682.0	49614.0	305.43023681640625	6.383e-69	0.0220231	ret_inl_left__sys_ckd_wuttke2019	sys_ckd_wuttke2019_to_ret_inl_left	sys_ckd_wuttke2019	ret_inl_left	True	False
rs10224002	-0.1083	0.0102	0.0113173	0.00688048	0.72	440290.0	50885.0	112.7344290657439	2.651e-26	0.100002	ret_inl_left__sys_ckd_wuttke2019	sys_ckd_wuttke2019_to_ret_inl_left	sys_ckd_wuttke2019	ret_inl_left	True	False
rs2484639	-0.0774	0.0092	-0.014222	0.00630716	0.51	438949.0	50585.0	70.77930056710774	2.95e-17	0.0241398	ret_inl_left__sys_ckd_wuttke2019	sys_ckd_wuttke2019_to_ret_inl_left	sys_ckd_wuttke2019	ret_inl_left	True	False
rs62300825	-0.0949	0.0116	0.0137844	0.00768662	0.2	444622.0	50386.0	66.92932520808561	2.629e-16	0.0729248	ret_inl_left__sys_ckd_wuttke2019	sys_ckd_wuttke2019_to_ret_inl_left	sys_ckd_wuttke2019	ret_inl_left	True	False
rs17730281	-0.0869	0.011	0.00615176	0.00746987	0.23	440290.0	50885.0	62.41000000000002	2.677e-15	0.4102	ret_inl_left__sys_ckd_wuttke2019	sys_ckd_wuttke2019_to_ret_inl_left	sys_ckd_wuttke2019	ret_inl_left	True	False
rs35716097	0.0785	0.0105	0.00995284	0.00682003	0.32	402682.0	50885.0	55.89342403628117	8.202e-14	0.144468	ret_inl_left__sys_ckd_wuttke2019	sys_ckd_wuttke2019_to_ret_inl_left	sys_ckd_wuttke2019	ret_inl_left	True	False
rs700221	-0.0719	0.0098	-0.00610725	0.00638486	0.59	402682.0	50540.0	53.82767596834653	2.192e-13	0.338809	ret_inl_left__sys_ckd_wuttke2019	sys_ckd_wuttke2019_to_ret_inl_left	sys_ckd_wuttke2019	ret_inl_left	True	False
rs7908590	-0.1343	0.0188	0.00883403	0.0119527	0.93	402682.0	50624.0	51.0312641466727	8.993e-13	0.459858	ret_inl_left__sys_ckd_wuttke2019	sys_ckd_wuttke2019_to_ret_inl_left	sys_ckd_wuttke2019	ret_inl_left	True	False
rs12205178	0.0931	0.014	-0.0145989	0.00929941	0.12	444904.0	50749.0	44.222500000000004	3.087e-11	0.116445	ret_inl_left__sys_ckd_wuttke2019	sys_ckd_wuttke2019_to_ret_inl_left	sys_ckd_wuttke2019	ret_inl_left	True	False
rs4871907	-0.0628	0.0097	0.0147264	0.00656414	0.55	402682.0	47302.0	41.91561271123391	9.909e-11	0.0248666	ret_inl_left__sys_ckd_wuttke2019	sys_ckd_wuttke2019_to_ret_inl_left	sys_ckd_wuttke2019	ret_inl_left	True	False
rs77713116	-0.0752	0.0116	-0.0205771	0.00657732	0.65	306905.0	50764.0	42.02615933412605	1.031e-10	0.00175702	ret_inl_left__sys_ckd_wuttke2019	sys_ckd_wuttke2019_to_ret_inl_left	sys_ckd_wuttke2019	ret_inl_left	True	False
rs187355703	-0.1987	0.0312	0.00117977	0.0204974	0.98	401575.0	50753.0	40.55893532215648	1.801e-10	0.954101	ret_inl_left__sys_ckd_wuttke2019	sys_ckd_wuttke2019_to_ret_inl_left	sys_ckd_wuttke2019	ret_inl_left	True	False
rs7178881	-0.0544	0.0092	-0.000765591	0.00632415	0.41	444846.0	50885.0	34.964083175803395	4.14e-09	0.903645	ret_inl_left__sys_ckd_wuttke2019	sys_ckd_wuttke2019_to_ret_inl_left	sys_ckd_wuttke2019	ret_inl_left	True	False
rs1458038	-0.059	0.01	0.00710654	0.00693676	0.31	440290.0	50083.0	34.809999999999995	4.206e-09	0.30561	ret_inl_left__sys_ckd_wuttke2019	sys_ckd_wuttke2019_to_ret_inl_left	sys_ckd_wuttke2019	ret_inl_left	True	False
rs2580350	0.055	0.0098	-0.00241189	0.00639516	0.55	402682.0	49336.0	31.49729279466889	1.691e-08	0.706068	ret_inl_left__sys_ckd_wuttke2019	sys_ckd_wuttke2019_to_ret_inl_left	sys_ckd_wuttke2019	ret_inl_left	True	False
rs9474801	0.0522	0.0096	-0.00444009	0.00661589	0.34	444725.0	50643.0	29.56640625000001	4.606e-08	0.50214	ret_inl_left__sys_ckd_wuttke2019	sys_ckd_wuttke2019_to_ret_inl_left	sys_ckd_wuttke2019	ret_inl_left	True	False
rs17421627	0.372732	0.0119873	-0.0281	0.0281	0.0732043	50885.0	63926.0	966.8310972378503	2.91715e-212	0.3188	ret_inl_left__sys_ad_kunkle2019	ret_inl_left_to_sys_ad_kunkle2019	ret_inl_left	sys_ad_kunkle2019	False	True
rs217343	0.0817853	0.00633297	-0.0058	0.0144	0.437904	50567.0	63926.0	166.77680155618543	3.74257e-38	0.6846	ret_inl_left__sys_ad_kunkle2019	ret_inl_left_to_sys_ad_kunkle2019	ret_inl_left	sys_ad_kunkle2019	False	True
rs74454622	-0.140523	0.0117842	0.0453	0.0268	0.0766729	50885.0	63926.0	142.19836942394326	8.79488e-33	0.09065	ret_inl_left__sys_ad_kunkle2019	ret_inl_left_to_sys_ad_kunkle2019	ret_inl_left	sys_ad_kunkle2019	False	True
rs887595	0.0948243	0.00822717	0.0064	0.0184	0.178031	50494.0	63926.0	132.84290009682485	9.78505e-31	0.7278	ret_inl_left__sys_ad_kunkle2019	ret_inl_left_to_sys_ad_kunkle2019	ret_inl_left	sys_ad_kunkle2019	False	True
rs9905786	-0.0744034	0.0065542	-0.0127	0.0159	0.355441	50820.0	63926.0	128.86832522740474	7.2462e-30	0.4245	ret_inl_left__sys_ad_kunkle2019	ret_inl_left_to_sys_ad_kunkle2019	ret_inl_left	sys_ad_kunkle2019	False	True
rs35661734	-0.171764	0.0161557	-0.0049	0.0394	0.0390783	50885.0	63926.0	113.0349458333435	2.12038e-26	0.9009	ret_inl_left__sys_ad_kunkle2019	ret_inl_left_to_sys_ad_kunkle2019	ret_inl_left	sys_ad_kunkle2019	False	True
rs16828071	0.0737443	0.00746455	0.0197	0.0169	0.229291	50883.0	63926.0	97.59996281959184	5.12096e-23	0.2432	ret_inl_left__sys_ad_kunkle2019	ret_inl_left_to_sys_ad_kunkle2019	ret_inl_left	sys_ad_kunkle2019	False	True
rs1070768	-0.123107	0.0125747	-0.0194	0.0311	0.0676172	50113.0	63926.0	95.84516972711343	1.24185e-22	0.5334	ret_inl_left__sys_ad_kunkle2019	ret_inl_left_to_sys_ad_kunkle2019	ret_inl_left	sys_ad_kunkle2019	False	True
rs7807296	-0.0608106	0.00636838	0.0025	0.015	0.429232	50093.0	63926.0	91.18022035686637	1.31162e-21	0.8679	ret_inl_left__sys_ad_kunkle2019	ret_inl_left_to_sys_ad_kunkle2019	ret_inl_left	sys_ad_kunkle2019	False	True
rs3138142	0.0672816	0.00733952	0.0368	0.0199	0.240002	50537.0	63926.0	84.0344389569514	4.8621e-20	0.06423	ret_inl_left__sys_ad_kunkle2019	ret_inl_left_to_sys_ad_kunkle2019	ret_inl_left	sys_ad_kunkle2019	False	True
rs12193446	0.0930841	0.0106438	-0.0179	0.0255	0.0955291	50885.0	63926.0	76.4817113681703	2.22318e-18	0.4831	ret_inl_left__sys_ad_kunkle2019	ret_inl_left_to_sys_ad_kunkle2019	ret_inl_left	sys_ad_kunkle2019	False	True
rs11704728	-0.0629894	0.00795176	-0.0061	0.0181	0.193972	50180.0	63926.0	62.749232126516354	2.34776e-15	0.7381	ret_inl_left__sys_ad_kunkle2019	ret_inl_left_to_sys_ad_kunkle2019	ret_inl_left	sys_ad_kunkle2019	False	True
rs690526	-0.049404	0.00627115	-0.0073	0.0143	0.482579	50742.0	63926.0	62.06258325916058	3.32696e-15	0.608	ret_inl_left__sys_ad_kunkle2019	ret_inl_left_to_sys_ad_kunkle2019	ret_inl_left	sys_ad_kunkle2019	False	True
rs13156539	0.0498132	0.00632502	-0.0327	0.0144	0.467181	50002.0	63926.0	62.02475781721852	3.39151e-15	0.02278	ret_inl_left__sys_ad_kunkle2019	ret_inl_left_to_sys_ad_kunkle2019	ret_inl_left	sys_ad_kunkle2019	False	True
rs75638145	-0.0702559	0.00893308	0.013	0.0221	0.148111	49274.0	63926.0	61.8533400885851	3.70001e-15	0.5567	ret_inl_left__sys_ad_kunkle2019	ret_inl_left_to_sys_ad_kunkle2019	ret_inl_left	sys_ad_kunkle2019	False	True
rs28446321	0.0805324	0.0110031	0.0431	0.0249	0.0894251	50601.0	63926.0	53.56870701773651	2.49764e-13	0.08354	ret_inl_left__sys_ad_kunkle2019	ret_inl_left_to_sys_ad_kunkle2019	ret_inl_left	sys_ad_kunkle2019	False	True
rs1877119	0.0460285	0.00639935	0.007	0.0149	0.411651	50244.0	63926.0	51.73469782905342	6.35295e-13	0.6395	ret_inl_left__sys_ad_kunkle2019	ret_inl_left_to_sys_ad_kunkle2019	ret_inl_left	sys_ad_kunkle2019	False	True
rs3811773	0.0482919	0.00675738	-0.0026	0.0183	0.319619	50313.0	63926.0	51.07306260015222	8.89981e-13	0.8866	ret_inl_left__sys_ad_kunkle2019	ret_inl_left_to_sys_ad_kunkle2019	ret_inl_left	sys_ad_kunkle2019	False	True
rs3026390	-0.0448269	0.00629486	0.0084	0.0144	0.484144	50865.0	63926.0	50.711360402652055	1.06996e-12	0.5589	ret_inl_left__sys_ad_kunkle2019	ret_inl_left_to_sys_ad_kunkle2019	ret_inl_left	sys_ad_kunkle2019	False	True
rs9767105	0.0466544	0.00660633	0.0038	0.0149	0.352176	50885.0	63926.0	49.872907721072224	1.6403e-12	0.796	ret_inl_left__sys_ad_kunkle2019	ret_inl_left_to_sys_ad_kunkle2019	ret_inl_left	sys_ad_kunkle2019	False	True
rs72763825	0.0460114	0.00660816	-0.0025	0.0154	0.341426	50579.0	63926.0	48.48080205889209	3.33548e-12	0.8692	ret_inl_left__sys_ad_kunkle2019	ret_inl_left_to_sys_ad_kunkle2019	ret_inl_left	sys_ad_kunkle2019	False	True
rs17507554	0.0995851	0.0144041	0.0369	0.0569	0.0498477	50885.0	63926.0	47.798742587714024	4.72318e-12	0.5159	ret_inl_left__sys_ad_kunkle2019	ret_inl_left_to_sys_ad_kunkle2019	ret_inl_left	sys_ad_kunkle2019	False	True
rs4803297	-0.0438055	0.00634659	-0.0338	0.0144	0.431092	50306.0	63926.0	47.64050948789841	5.12026e-12	0.01917	ret_inl_left__sys_ad_kunkle2019	ret_inl_left_to_sys_ad_kunkle2019	ret_inl_left	sys_ad_kunkle2019	False	True
rs2305041	-0.0568947	0.00825735	0.0151	0.0182	0.175175	50561.0	63926.0	47.47470088577483	5.57186e-12	0.4088	ret_inl_left__sys_ad_kunkle2019	ret_inl_left_to_sys_ad_kunkle2019	ret_inl_left	sys_ad_kunkle2019	False	True
rs6727356	0.0479607	0.00697435	-0.0197	0.0162	0.306366	48194.0	63926.0	47.28937235429273	6.12407e-12	0.2236	ret_inl_left__sys_ad_kunkle2019	ret_inl_left_to_sys_ad_kunkle2019	ret_inl_left	sys_ad_kunkle2019	False	True
rs181433574	0.168761	0.0254884	0.1562	0.0712	0.0152133	50778.0	63926.0	43.83883779851994	3.56535e-11	0.02822	ret_inl_left__sys_ad_kunkle2019	ret_inl_left_to_sys_ad_kunkle2019	ret_inl_left	sys_ad_kunkle2019	False	True
rs17581439	0.0471796	0.00714022	-0.0039	0.0163	0.263823	50134.0	63926.0	43.660159971602	3.90655e-11	0.813	ret_inl_left__sys_ad_kunkle2019	ret_inl_left_to_sys_ad_kunkle2019	ret_inl_left	sys_ad_kunkle2019	False	True
rs187136683	0.0421551	0.00651791	-0.0245	0.0177	0.371143	50424.0	63926.0	41.82958240810057	9.95874e-11	0.1676	ret_inl_left__sys_ad_kunkle2019	ret_inl_left_to_sys_ad_kunkle2019	ret_inl_left	sys_ad_kunkle2019	False	True
rs759460	-0.0729045	0.0114068	-0.035	0.0269	0.081998	50861.0	63926.0	40.84896128375344	1.64472e-10	0.1938	ret_inl_left__sys_ad_kunkle2019	ret_inl_left_to_sys_ad_kunkle2019	ret_inl_left	sys_ad_kunkle2019	False	True
rs4776131	0.0408649	0.00642842	-0.0205	0.0145	0.42091	49412.0	63926.0	40.41032970298204	2.05842e-10	0.1565	ret_inl_left__sys_ad_kunkle2019	ret_inl_left_to_sys_ad_kunkle2019	ret_inl_left	sys_ad_kunkle2019	False	True
rs9967780	0.0485313	0.00768742	0.0056	0.0175	0.212298	50130.0	63926.0	39.854983268720545	2.7353e-10	0.7504	ret_inl_left__sys_ad_kunkle2019	ret_inl_left_to_sys_ad_kunkle2019	ret_inl_left	sys_ad_kunkle2019	False	True
rs1983810	0.0433555	0.00689984	-0.011	0.0166	0.3082	48978.0	63926.0	39.483019486373884	3.3094e-10	0.5069	ret_inl_left__sys_ad_kunkle2019	ret_inl_left_to_sys_ad_kunkle2019	ret_inl_left	sys_ad_kunkle2019	False	True
rs7806594	0.0596194	0.00957853	0.0261	0.0214	0.124828	49528.0	63926.0	38.741593016929535	4.83793e-10	0.2223	ret_inl_left__sys_ad_kunkle2019	ret_inl_left_to_sys_ad_kunkle2019	ret_inl_left	sys_ad_kunkle2019	False	True
rs71330995	0.043808	0.00709718	-0.0171	0.0171	0.270757	50464.0	63926.0	38.10089810295681	6.71788e-10	0.3168	ret_inl_left__sys_ad_kunkle2019	ret_inl_left_to_sys_ad_kunkle2019	ret_inl_left	sys_ad_kunkle2019	False	True
rs4767656	0.0454923	0.00739171	0.0147	0.0184	0.234139	50707.0	63926.0	37.8779048954073	7.53112e-10	0.4227	ret_inl_left__sys_ad_kunkle2019	ret_inl_left_to_sys_ad_kunkle2019	ret_inl_left	sys_ad_kunkle2019	False	True
rs28454055	-0.0513168	0.0083949	-0.0465	0.019	0.168316	50221.0	63926.0	37.36698687301518	9.78604e-10	0.01417	ret_inl_left__sys_ad_kunkle2019	ret_inl_left_to_sys_ad_kunkle2019	ret_inl_left	sys_ad_kunkle2019	False	True
rs4790941	0.0474195	0.00778901	-0.0178	0.0182	0.202729	50686.0	63926.0	37.063755130185555	1.14328e-09	0.3291	ret_inl_left__sys_ad_kunkle2019	ret_inl_left_to_sys_ad_kunkle2019	ret_inl_left	sys_ad_kunkle2019	False	True
rs11642954	-0.0475856	0.00794327	0.0256	0.0179	0.194654	50695.0	63926.0	35.888263871342645	2.08964e-09	0.1519	ret_inl_left__sys_ad_kunkle2019	ret_inl_left_to_sys_ad_kunkle2019	ret_inl_left	sys_ad_kunkle2019	False	True
rs2190989	0.0377558	0.00630521	0.0094	0.0144	0.452324	50885.0	63926.0	35.856528663797846	2.12397e-09	0.5138	ret_inl_left__sys_ad_kunkle2019	ret_inl_left_to_sys_ad_kunkle2019	ret_inl_left	sys_ad_kunkle2019	False	True
rs17149785	-0.0957895	0.0161141	0.0153	0.0373	0.0396046	50537.0	63926.0	35.336514026847645	2.77374e-09	0.6816	ret_inl_left__sys_ad_kunkle2019	ret_inl_left_to_sys_ad_kunkle2019	ret_inl_left	sys_ad_kunkle2019	False	True
rs4839276	-0.0442757	0.00745406	-0.0114	0.0171	0.228535	50548.0	63926.0	35.28134263114872	2.85359e-09	0.5038	ret_inl_left__sys_ad_kunkle2019	ret_inl_left_to_sys_ad_kunkle2019	ret_inl_left	sys_ad_kunkle2019	False	True
rs2028900	0.0373533	0.00629208	0.0019	0.0142	0.449255	50862.0	63926.0	35.242724924323184	2.91054e-09	0.8958	ret_inl_left__sys_ad_kunkle2019	ret_inl_left_to_sys_ad_kunkle2019	ret_inl_left	sys_ad_kunkle2019	False	True
rs4491516	0.0421464	0.00712531	0.0039	0.0161	0.260658	50480.0	63926.0	34.987542695039046	3.31843e-09	0.8068	ret_inl_left__sys_ad_kunkle2019	ret_inl_left_to_sys_ad_kunkle2019	ret_inl_left	sys_ad_kunkle2019	False	True
rs4449834	0.0418514	0.00707879	0.0129	0.0162	0.269955	50425.0	63926.0	34.95440577400379	3.37513e-09	0.428	ret_inl_left__sys_ad_kunkle2019	ret_inl_left_to_sys_ad_kunkle2019	ret_inl_left	sys_ad_kunkle2019	False	True
rs12575487	0.0406822	0.00690491	-0.0291	0.0161	0.289051	50792.0	63926.0	34.7130534110735	3.8208e-09	0.07042	ret_inl_left__sys_ad_kunkle2019	ret_inl_left_to_sys_ad_kunkle2019	ret_inl_left	sys_ad_kunkle2019	False	True
rs2115597	0.0370101	0.00632981	0.0002	0.0144	0.499369	49914.0	63926.0	34.18685648571448	5.00649e-09	0.9914	ret_inl_left__sys_ad_kunkle2019	ret_inl_left_to_sys_ad_kunkle2019	ret_inl_left	sys_ad_kunkle2019	False	True
rs61779064	0.0669406	0.0114892	-0.0534	0.0264	0.0809964	50885.0	63926.0	33.94686101379174	5.66349e-09	0.04336	ret_inl_left__sys_ad_kunkle2019	ret_inl_left_to_sys_ad_kunkle2019	ret_inl_left	sys_ad_kunkle2019	False	True
rs902415	0.041438	0.00719322	-0.0244	0.0167	0.252238	50821.0	63926.0	33.18569259348178	8.37602e-09	0.1435	ret_inl_left__sys_ad_kunkle2019	ret_inl_left_to_sys_ad_kunkle2019	ret_inl_left	sys_ad_kunkle2019	False	True
rs2340768	-0.045597	0.0079334	-0.0042	0.0179	0.194777	50504.0	63926.0	33.03344255579678	9.05873e-09	0.8138	ret_inl_left__sys_ad_kunkle2019	ret_inl_left_to_sys_ad_kunkle2019	ret_inl_left	sys_ad_kunkle2019	False	True
rs4838417	0.0375081	0.00658116	-0.0162	0.015	0.353029	50146.0	63926.0	32.48218470503643	1.20286e-08	0.2804	ret_inl_left__sys_ad_kunkle2019	ret_inl_left_to_sys_ad_kunkle2019	ret_inl_left	sys_ad_kunkle2019	False	True
rs10255584	0.0388231	0.00681623	-0.0073	0.0162	0.318651	49551.0	63926.0	32.44082934466854	1.22881e-08	0.6534	ret_inl_left__sys_ad_kunkle2019	ret_inl_left_to_sys_ad_kunkle2019	ret_inl_left	sys_ad_kunkle2019	False	True
rs3823729	-0.0377748	0.00667015	-0.0212	0.015	0.341005	49750.0	63926.0	32.0725245442516	1.48529e-08	0.158	ret_inl_left__sys_ad_kunkle2019	ret_inl_left_to_sys_ad_kunkle2019	ret_inl_left	sys_ad_kunkle2019	False	True
rs10019492	-0.0360483	0.00637517	0.0145	0.0144	0.412042	50467.0	63926.0	31.973195049675155	1.56318e-08	0.3131	ret_inl_left__sys_ad_kunkle2019	ret_inl_left_to_sys_ad_kunkle2019	ret_inl_left	sys_ad_kunkle2019	False	True
rs9952482	0.0357607	0.00632442	-0.0225	0.0143	0.477395	50254.0	63926.0	31.972059747522174	1.56415e-08	0.1171	ret_inl_left__sys_ad_kunkle2019	ret_inl_left_to_sys_ad_kunkle2019	ret_inl_left	sys_ad_kunkle2019	False	True
rs10942927	-0.0368618	0.00652498	0.0221	0.0151	0.368051	50455.0	63926.0	31.914989598849562	1.61064e-08	0.143	ret_inl_left__sys_ad_kunkle2019	ret_inl_left_to_sys_ad_kunkle2019	ret_inl_left	sys_ad_kunkle2019	False	True
rs7168800	-0.0654482	0.0116147	0.012	0.0275	0.0799038	50104.0	63926.0	31.752609333617066	1.75106e-08	0.6636	ret_inl_left__sys_ad_kunkle2019	ret_inl_left_to_sys_ad_kunkle2019	ret_inl_left	sys_ad_kunkle2019	False	True
rs2118752	-0.039593	0.00705962	-0.0194	0.0165	0.270469	50821.0	63926.0	31.453875991603354	2.04236e-08	0.2391	ret_inl_left__sys_ad_kunkle2019	ret_inl_left_to_sys_ad_kunkle2019	ret_inl_left	sys_ad_kunkle2019	False	True
rs62023489	-0.054584	0.0099465	0.0226	0.0235	0.112366	50883.0	63926.0	30.11550447687568	4.0705e-08	0.3365	ret_inl_left__sys_ad_kunkle2019	ret_inl_left_to_sys_ad_kunkle2019	ret_inl_left	sys_ad_kunkle2019	False	True
rs1779861	-0.0352911	0.0064382	0.0043	0.015	0.391303	50222.0	63926.0	30.047023939582235	4.21681e-08	0.7715	ret_inl_left__sys_ad_kunkle2019	ret_inl_left_to_sys_ad_kunkle2019	ret_inl_left	sys_ad_kunkle2019	False	True
rs2070598	-0.0345242	0.00630236	0.0022	0.0142	0.45917	50833.0	63926.0	30.00826134660078	4.30228e-08	0.8765	ret_inl_left__sys_ad_kunkle2019	ret_inl_left_to_sys_ad_kunkle2019	ret_inl_left	sys_ad_kunkle2019	False	True
rs12972156	-0.9653	0.0189	-0.0323627	0.0089662	0.864811	63926.0	50209.0	2608.5610425240056	0.0	0.00030689	ret_inl_left__sys_ad_kunkle2019	sys_ad_kunkle2019_to_ret_inl_left	sys_ad_kunkle2019	ret_inl_left	True	False
rs117310449	0.9879	0.0691	0.0231921	0.0297076	0.0149105	63926.0	50828.0	204.3948157099445	2.275e-46	0.434991	ret_inl_left__sys_ad_kunkle2019	sys_ad_kunkle2019_to_ret_inl_left	sys_ad_kunkle2019	ret_inl_left	True	False
rs6733839	0.1693	0.0154	-0.00910564	0.00662648	0.379722	63926.0	47758.0	120.85718502276946	4.022e-28	0.169402	ret_inl_left__sys_ad_kunkle2019	sys_ad_kunkle2019_to_ret_inl_left	sys_ad_kunkle2019	ret_inl_left	True	False
rs867230	0.1333	0.0158	-0.00573052	0.00647675	0.59841	63926.0	49094.0	71.17805640121775	3.492e-17	0.376274	ret_inl_left__sys_ad_kunkle2019	sys_ad_kunkle2019_to_ret_inl_left	sys_ad_kunkle2019	ret_inl_left	True	False
rs1582763	-0.1232	0.0149	0.00133023	0.00646946	0.362823	63926.0	50770.0	68.36737083915139	1.186e-16	0.83709	ret_inl_left__sys_ad_kunkle2019	sys_ad_kunkle2019_to_ret_inl_left	sys_ad_kunkle2019	ret_inl_left	True	False
rs679515	0.1508	0.0183	-0.00325059	0.00820734	0.171968	63926.0	50777.0	67.90480456269222	1.555e-16	0.692062	ret_inl_left__sys_ad_kunkle2019	sys_ad_kunkle2019_to_ret_inl_left	sys_ad_kunkle2019	ret_inl_left	True	False
rs3851179	-0.1198	0.0148	-0.000659389	0.00646412	0.37077499999999997	63926.0	50885.0	65.52246165084003	5.809e-16	0.918751	ret_inl_left__sys_ad_kunkle2019	sys_ad_kunkle2019_to_ret_inl_left	sys_ad_kunkle2019	ret_inl_left	True	False
rs117316645	0.2709	0.0349	0.0014602	0.0156186	0.0397614	63926.0	50802.0	60.25140187683186	8.946e-15	0.925513	ret_inl_left__sys_ad_kunkle2019	sys_ad_kunkle2019_to_ret_inl_left	sys_ad_kunkle2019	ret_inl_left	True	False
rs114812713	0.298	0.0431	0.0117979	0.0202427	0.027833	63926.0	50561.0	47.805513536210505	4.467e-12	0.560013	ret_inl_left__sys_ad_kunkle2019	sys_ad_kunkle2019_to_ret_inl_left	sys_ad_kunkle2019	ret_inl_left	True	False
rs3740688	0.0935	0.0144	0.00444703	0.00629748	0.542744	63926.0	50453.0	42.15977044753086	9.702e-11	0.480089	ret_inl_left__sys_ad_kunkle2019	sys_ad_kunkle2019_to_ret_inl_left	sys_ad_kunkle2019	ret_inl_left	True	False
rs12151021	0.1071	0.0169	0.00113016	0.00675805	0.33797200000000005	63926.0	49850.0	40.16109379923674	2.562e-10	0.867188	ret_inl_left__sys_ad_kunkle2019	sys_ad_kunkle2019_to_ret_inl_left	sys_ad_kunkle2019	ret_inl_left	True	False
rs73223431	0.0936	0.0153	0.00160624	0.00653717	0.345924	63926.0	50332.0	37.425605536332185	8.342e-10	0.805908	ret_inl_left__sys_ad_kunkle2019	sys_ad_kunkle2019_to_ret_inl_left	sys_ad_kunkle2019	ret_inl_left	True	False
rs34665982	0.0967	0.0166	-0.00344407	0.00633015	0.5099400000000001	63926.0	50153.0	33.93413412686892	5.798e-09	0.58639	ret_inl_left__sys_ad_kunkle2019	sys_ad_kunkle2019_to_ret_inl_left	sys_ad_kunkle2019	ret_inl_left	True	False
rs12590654	-0.0906	0.0157	-0.0137221	0.00668268	0.336978	63926.0	49548.0	33.3009858412106	8.729e-09	0.0400361	ret_inl_left__sys_ad_kunkle2019	sys_ad_kunkle2019_to_ret_inl_left	sys_ad_kunkle2019	ret_inl_left	True	False
rs11767557	0.1028	0.0182	0.00987939	0.00767008	0.782306	63926.0	50885.0	31.903876343436778	1.561e-08	0.197731	ret_inl_left__sys_ad_kunkle2019	sys_ad_kunkle2019_to_ret_inl_left	sys_ad_kunkle2019	ret_inl_left	True	False
rs1385742	0.0876	0.0157	0.00439848	0.0066723	0.324056	63926.0	48976.0	31.13213517789769	2.232e-08	0.509757	ret_inl_left__sys_ad_kunkle2019	sys_ad_kunkle2019_to_ret_inl_left	sys_ad_kunkle2019	ret_inl_left	True	False
rs11218343	0.2053	0.0369	0.00266191	0.0161734	0.9572565	63926.0	50849.0	30.95459786576185	2.633e-08	0.86927	ret_inl_left__sys_ad_kunkle2019	sys_ad_kunkle2019_to_ret_inl_left	sys_ad_kunkle2019	ret_inl_left	True	False
rs12416487	-0.085	0.0154	-0.0215921	0.00660909	0.34890699999999997	63926.0	50594.0	30.46466520492495	3.417e-08	0.00108682	ret_inl_left__sys_ad_kunkle2019	sys_ad_kunkle2019_to_ret_inl_left	sys_ad_kunkle2019	ret_inl_left	True	False
rs17421627	0.372732	0.0119873	0.0037	0.0357	0.0732043	50885.0	27693.0	966.8310972378503	2.91715e-212	0.9169	ret_inl_left__sys_pd_nalls2019_clinical	ret_inl_left_to_sys_pd_nalls2019_clinical	ret_inl_left	sys_pd_nalls2019_clinical	False	True
rs217343	0.0817853	0.00633297	0.027	0.0272	0.437904	50567.0	27693.0	166.77680155618543	3.74257e-38	0.3207	ret_inl_left__sys_pd_nalls2019_clinical	ret_inl_left_to_sys_pd_nalls2019_clinical	ret_inl_left	sys_pd_nalls2019_clinical	False	True
rs74454622	-0.140523	0.0117842	0.0378	0.0523	0.0766729	50885.0	27693.0	142.19836942394326	8.79488e-33	0.4701	ret_inl_left__sys_pd_nalls2019_clinical	ret_inl_left_to_sys_pd_nalls2019_clinical	ret_inl_left	sys_pd_nalls2019_clinical	False	True
rs887595	0.0948243	0.00822717	-0.0275	0.026	0.178031	50494.0	27693.0	132.84290009682485	9.78505e-31	0.2912	ret_inl_left__sys_pd_nalls2019_clinical	ret_inl_left_to_sys_pd_nalls2019_clinical	ret_inl_left	sys_pd_nalls2019_clinical	False	True
rs9905786	-0.0744034	0.0065542	0.0195	0.0216	0.355441	50820.0	27693.0	128.86832522740474	7.2462e-30	0.366	ret_inl_left__sys_pd_nalls2019_clinical	ret_inl_left_to_sys_pd_nalls2019_clinical	ret_inl_left	sys_pd_nalls2019_clinical	False	True
rs35661734	-0.171764	0.0161557	-0.1203	0.0603	0.0390783	50885.0	27693.0	113.0349458333435	2.12038e-26	0.04597	ret_inl_left__sys_pd_nalls2019_clinical	ret_inl_left_to_sys_pd_nalls2019_clinical	ret_inl_left	sys_pd_nalls2019_clinical	False	True
rs16828071	0.0737443	0.00746455	0.0118	0.0271	0.229291	50883.0	27693.0	97.59996281959184	5.12096e-23	0.6636	ret_inl_left__sys_pd_nalls2019_clinical	ret_inl_left_to_sys_pd_nalls2019_clinical	ret_inl_left	sys_pd_nalls2019_clinical	False	True
rs1070768	-0.123107	0.0125747	0.0416	0.0609	0.0676172	50113.0	27693.0	95.84516972711343	1.24185e-22	0.494	ret_inl_left__sys_pd_nalls2019_clinical	ret_inl_left_to_sys_pd_nalls2019_clinical	ret_inl_left	sys_pd_nalls2019_clinical	False	True
rs7807296	-0.0608106	0.00636838	-0.0252	0.0288	0.429232	50093.0	27693.0	91.18022035686637	1.31162e-21	0.382	ret_inl_left__sys_pd_nalls2019_clinical	ret_inl_left_to_sys_pd_nalls2019_clinical	ret_inl_left	sys_pd_nalls2019_clinical	False	True
rs3138142	0.0672816	0.00733952	-0.0058	0.0271	0.240002	50537.0	27693.0	84.0344389569514	4.8621e-20	0.829	ret_inl_left__sys_pd_nalls2019_clinical	ret_inl_left_to_sys_pd_nalls2019_clinical	ret_inl_left	sys_pd_nalls2019_clinical	False	True
rs12193446	0.0930841	0.0106438	0.0668	0.0404	0.0955291	50885.0	27693.0	76.4817113681703	2.22318e-18	0.09849	ret_inl_left__sys_pd_nalls2019_clinical	ret_inl_left_to_sys_pd_nalls2019_clinical	ret_inl_left	sys_pd_nalls2019_clinical	False	True
rs11704728	-0.0629894	0.00795176	-0.0311	0.036	0.193972	50180.0	27693.0	62.749232126516354	2.34776e-15	0.388	ret_inl_left__sys_pd_nalls2019_clinical	ret_inl_left_to_sys_pd_nalls2019_clinical	ret_inl_left	sys_pd_nalls2019_clinical	False	True
rs690526	-0.049404	0.00627115	0.0104	0.0192	0.482579	50742.0	27693.0	62.06258325916058	3.32696e-15	0.5867	ret_inl_left__sys_pd_nalls2019_clinical	ret_inl_left_to_sys_pd_nalls2019_clinical	ret_inl_left	sys_pd_nalls2019_clinical	False	True
rs13156539	0.0498132	0.00632502	-0.0063	0.0228	0.467181	50002.0	27693.0	62.02475781721852	3.39151e-15	0.7807	ret_inl_left__sys_pd_nalls2019_clinical	ret_inl_left_to_sys_pd_nalls2019_clinical	ret_inl_left	sys_pd_nalls2019_clinical	False	True
rs75638145	-0.0702559	0.00893308	0.005	0.0385	0.148111	49274.0	27693.0	61.8533400885851	3.70001e-15	0.8973	ret_inl_left__sys_pd_nalls2019_clinical	ret_inl_left_to_sys_pd_nalls2019_clinical	ret_inl_left	sys_pd_nalls2019_clinical	False	True
rs28446321	0.0805324	0.0110031	0.0312	0.0344	0.0894251	50601.0	27693.0	53.56870701773651	2.49764e-13	0.3655	ret_inl_left__sys_pd_nalls2019_clinical	ret_inl_left_to_sys_pd_nalls2019_clinical	ret_inl_left	sys_pd_nalls2019_clinical	False	True
rs1877119	0.0460285	0.00639935	0.0088	0.0288	0.411651	50244.0	27693.0	51.73469782905342	6.35295e-13	0.7593	ret_inl_left__sys_pd_nalls2019_clinical	ret_inl_left_to_sys_pd_nalls2019_clinical	ret_inl_left	sys_pd_nalls2019_clinical	False	True
rs3811773	0.0482919	0.00675738	0.0144	0.0295	0.319619	50313.0	27693.0	51.07306260015222	8.89981e-13	0.6258	ret_inl_left__sys_pd_nalls2019_clinical	ret_inl_left_to_sys_pd_nalls2019_clinical	ret_inl_left	sys_pd_nalls2019_clinical	False	True
rs3026390	-0.0448269	0.00629486	0.0254	0.0273	0.484144	50865.0	27693.0	50.711360402652055	1.06996e-12	0.3513	ret_inl_left__sys_pd_nalls2019_clinical	ret_inl_left_to_sys_pd_nalls2019_clinical	ret_inl_left	sys_pd_nalls2019_clinical	False	True
rs9767105	0.0466544	0.00660633	0.0205	0.0209	0.352176	50885.0	27693.0	49.872907721072224	1.6403e-12	0.3284	ret_inl_left__sys_pd_nalls2019_clinical	ret_inl_left_to_sys_pd_nalls2019_clinical	ret_inl_left	sys_pd_nalls2019_clinical	False	True
rs72763825	0.0460114	0.00660816	0.0286	0.023	0.341426	50579.0	27693.0	48.48080205889209	3.33548e-12	0.2131	ret_inl_left__sys_pd_nalls2019_clinical	ret_inl_left_to_sys_pd_nalls2019_clinical	ret_inl_left	sys_pd_nalls2019_clinical	False	True
rs17507554	0.0995851	0.0144041	-0.0365	0.084	0.0498477	50885.0	27693.0	47.798742587714024	4.72318e-12	0.6641	ret_inl_left__sys_pd_nalls2019_clinical	ret_inl_left_to_sys_pd_nalls2019_clinical	ret_inl_left	sys_pd_nalls2019_clinical	False	True
rs4803297	-0.0438055	0.00634659	-0.0855	0.0266	0.431092	50306.0	27693.0	47.64050948789841	5.12026e-12	0.001297	ret_inl_left__sys_pd_nalls2019_clinical	ret_inl_left_to_sys_pd_nalls2019_clinical	ret_inl_left	sys_pd_nalls2019_clinical	False	True
rs2305041	-0.0568947	0.00825735	-0.0176	0.035	0.175175	50561.0	27693.0	47.47470088577483	5.57186e-12	0.6144	ret_inl_left__sys_pd_nalls2019_clinical	ret_inl_left_to_sys_pd_nalls2019_clinical	ret_inl_left	sys_pd_nalls2019_clinical	False	True
rs6727356	0.0479607	0.00697435	0.0313	0.0246	0.306366	48194.0	27693.0	47.28937235429273	6.12407e-12	0.2024	ret_inl_left__sys_pd_nalls2019_clinical	ret_inl_left_to_sys_pd_nalls2019_clinical	ret_inl_left	sys_pd_nalls2019_clinical	False	True
rs17581439	0.0471796	0.00714022	-0.0226	0.0309	0.263823	50134.0	27693.0	43.660159971602	3.90655e-11	0.4656	ret_inl_left__sys_pd_nalls2019_clinical	ret_inl_left_to_sys_pd_nalls2019_clinical	ret_inl_left	sys_pd_nalls2019_clinical	False	True
rs759460	-0.0729045	0.0114068	0.0205	0.0353	0.081998	50861.0	27693.0	40.84896128375344	1.64472e-10	0.5612	ret_inl_left__sys_pd_nalls2019_clinical	ret_inl_left_to_sys_pd_nalls2019_clinical	ret_inl_left	sys_pd_nalls2019_clinical	False	True
rs4776131	0.0408649	0.00642842	0.021	0.0274	0.42091	49412.0	27693.0	40.41032970298204	2.05842e-10	0.4444	ret_inl_left__sys_pd_nalls2019_clinical	ret_inl_left_to_sys_pd_nalls2019_clinical	ret_inl_left	sys_pd_nalls2019_clinical	False	True
rs9967780	0.0485313	0.00768742	0.02	0.0328	0.212298	50130.0	27693.0	39.854983268720545	2.7353e-10	0.5414	ret_inl_left__sys_pd_nalls2019_clinical	ret_inl_left_to_sys_pd_nalls2019_clinical	ret_inl_left	sys_pd_nalls2019_clinical	False	True
rs1983810	0.0433555	0.00689984	-0.0125	0.0221	0.3082	48978.0	27693.0	39.483019486373884	3.3094e-10	0.5728	ret_inl_left__sys_pd_nalls2019_clinical	ret_inl_left_to_sys_pd_nalls2019_clinical	ret_inl_left	sys_pd_nalls2019_clinical	False	True
rs71330995	0.043808	0.00709718	0.0148	0.0232	0.270757	50464.0	27693.0	38.10089810295681	6.71788e-10	0.5248	ret_inl_left__sys_pd_nalls2019_clinical	ret_inl_left_to_sys_pd_nalls2019_clinical	ret_inl_left	sys_pd_nalls2019_clinical	False	True
rs4767656	0.0454923	0.00739171	-0.0555	0.0326	0.234139	50707.0	27693.0	37.8779048954073	7.53112e-10	0.08827	ret_inl_left__sys_pd_nalls2019_clinical	ret_inl_left_to_sys_pd_nalls2019_clinical	ret_inl_left	sys_pd_nalls2019_clinical	False	True
rs28454055	-0.0513168	0.0083949	-0.0114	0.0349	0.168316	50221.0	27693.0	37.36698687301518	9.78604e-10	0.7448	ret_inl_left__sys_pd_nalls2019_clinical	ret_inl_left_to_sys_pd_nalls2019_clinical	ret_inl_left	sys_pd_nalls2019_clinical	False	True
rs4790941	0.0474195	0.00778901	-0.0139	0.0274	0.202729	50686.0	27693.0	37.063755130185555	1.14328e-09	0.6108	ret_inl_left__sys_pd_nalls2019_clinical	ret_inl_left_to_sys_pd_nalls2019_clinical	ret_inl_left	sys_pd_nalls2019_clinical	False	True
rs11642954	-0.0475856	0.00794327	0.0149	0.0242	0.194654	50695.0	27693.0	35.888263871342645	2.08964e-09	0.5377	ret_inl_left__sys_pd_nalls2019_clinical	ret_inl_left_to_sys_pd_nalls2019_clinical	ret_inl_left	sys_pd_nalls2019_clinical	False	True
rs2190989	0.0377558	0.00630521	0.0317	0.0277	0.452324	50885.0	27693.0	35.856528663797846	2.12397e-09	0.2526	ret_inl_left__sys_pd_nalls2019_clinical	ret_inl_left_to_sys_pd_nalls2019_clinical	ret_inl_left	sys_pd_nalls2019_clinical	False	True
rs17149785	-0.0957895	0.0161141	-0.0048	0.0569	0.0396046	50537.0	27693.0	35.336514026847645	2.77374e-09	0.9325	ret_inl_left__sys_pd_nalls2019_clinical	ret_inl_left_to_sys_pd_nalls2019_clinical	ret_inl_left	sys_pd_nalls2019_clinical	False	True
rs4839276	-0.0442757	0.00745406	0.0099	0.0329	0.228535	50548.0	27693.0	35.28134263114872	2.85359e-09	0.763	ret_inl_left__sys_pd_nalls2019_clinical	ret_inl_left_to_sys_pd_nalls2019_clinical	ret_inl_left	sys_pd_nalls2019_clinical	False	True
rs2028900	0.0373533	0.00629208	-0.0402	0.019	0.449255	50862.0	27693.0	35.242724924323184	2.91054e-09	0.03453	ret_inl_left__sys_pd_nalls2019_clinical	ret_inl_left_to_sys_pd_nalls2019_clinical	ret_inl_left	sys_pd_nalls2019_clinical	False	True
rs4491516	0.0421464	0.00712531	0.0215	0.0314	0.260658	50480.0	27693.0	34.987542695039046	3.31843e-09	0.494	ret_inl_left__sys_pd_nalls2019_clinical	ret_inl_left_to_sys_pd_nalls2019_clinical	ret_inl_left	sys_pd_nalls2019_clinical	False	True
rs4449834	0.0418514	0.00707879	0.0489	0.0307	0.269955	50425.0	27693.0	34.95440577400379	3.37513e-09	0.1114	ret_inl_left__sys_pd_nalls2019_clinical	ret_inl_left_to_sys_pd_nalls2019_clinical	ret_inl_left	sys_pd_nalls2019_clinical	False	True
rs12575487	0.0406822	0.00690491	0.0105	0.0262	0.289051	50792.0	27693.0	34.7130534110735	3.8208e-09	0.6883	ret_inl_left__sys_pd_nalls2019_clinical	ret_inl_left_to_sys_pd_nalls2019_clinical	ret_inl_left	sys_pd_nalls2019_clinical	False	True
rs2115597	0.0370101	0.00632981	-0.0344	0.0203	0.499369	49914.0	27693.0	34.18685648571448	5.00649e-09	0.09046	ret_inl_left__sys_pd_nalls2019_clinical	ret_inl_left_to_sys_pd_nalls2019_clinical	ret_inl_left	sys_pd_nalls2019_clinical	False	True
rs61779064	0.0669406	0.0114892	0.062	0.0509	0.0809964	50885.0	27693.0	33.94686101379174	5.66349e-09	0.2233	ret_inl_left__sys_pd_nalls2019_clinical	ret_inl_left_to_sys_pd_nalls2019_clinical	ret_inl_left	sys_pd_nalls2019_clinical	False	True
rs902415	0.041438	0.00719322	0.0128	0.022	0.252238	50821.0	27693.0	33.18569259348178	8.37602e-09	0.5619	ret_inl_left__sys_pd_nalls2019_clinical	ret_inl_left_to_sys_pd_nalls2019_clinical	ret_inl_left	sys_pd_nalls2019_clinical	False	True
rs2340768	-0.045597	0.0079334	0.0484	0.0279	0.194777	50504.0	27693.0	33.03344255579678	9.05873e-09	0.08292	ret_inl_left__sys_pd_nalls2019_clinical	ret_inl_left_to_sys_pd_nalls2019_clinical	ret_inl_left	sys_pd_nalls2019_clinical	False	True
rs4838417	0.0375081	0.00658116	0.0338	0.0227	0.353029	50146.0	27693.0	32.48218470503643	1.20286e-08	0.1362	ret_inl_left__sys_pd_nalls2019_clinical	ret_inl_left_to_sys_pd_nalls2019_clinical	ret_inl_left	sys_pd_nalls2019_clinical	False	True
rs10255584	0.0388231	0.00681623	0.0002	0.0293	0.318651	49551.0	27693.0	32.44082934466854	1.22881e-08	0.9942	ret_inl_left__sys_pd_nalls2019_clinical	ret_inl_left_to_sys_pd_nalls2019_clinical	ret_inl_left	sys_pd_nalls2019_clinical	False	True
rs3823729	-0.0377748	0.00667015	0.0192	0.0291	0.341005	49750.0	27693.0	32.0725245442516	1.48529e-08	0.5102	ret_inl_left__sys_pd_nalls2019_clinical	ret_inl_left_to_sys_pd_nalls2019_clinical	ret_inl_left	sys_pd_nalls2019_clinical	False	True
rs10019492	-0.0360483	0.00637517	0.0176	0.0276	0.412042	50467.0	27693.0	31.973195049675155	1.56318e-08	0.5243	ret_inl_left__sys_pd_nalls2019_clinical	ret_inl_left_to_sys_pd_nalls2019_clinical	ret_inl_left	sys_pd_nalls2019_clinical	False	True
rs9952482	0.0357607	0.00632442	-0.0172	0.028	0.477395	50254.0	27693.0	31.972059747522174	1.56415e-08	0.5394	ret_inl_left__sys_pd_nalls2019_clinical	ret_inl_left_to_sys_pd_nalls2019_clinical	ret_inl_left	sys_pd_nalls2019_clinical	False	True
rs10942927	-0.0368618	0.00652498	-0.0054	0.0199	0.368051	50455.0	27693.0	31.914989598849562	1.61064e-08	0.7879	ret_inl_left__sys_pd_nalls2019_clinical	ret_inl_left_to_sys_pd_nalls2019_clinical	ret_inl_left	sys_pd_nalls2019_clinical	False	True
rs7168800	-0.0654482	0.0116147	-0.0157	0.0378	0.0799038	50104.0	27693.0	31.752609333617066	1.75106e-08	0.6787	ret_inl_left__sys_pd_nalls2019_clinical	ret_inl_left_to_sys_pd_nalls2019_clinical	ret_inl_left	sys_pd_nalls2019_clinical	False	True
rs2118752	-0.039593	0.00705962	0.0211	0.024	0.270469	50821.0	27693.0	31.453875991603354	2.04236e-08	0.3803	ret_inl_left__sys_pd_nalls2019_clinical	ret_inl_left_to_sys_pd_nalls2019_clinical	ret_inl_left	sys_pd_nalls2019_clinical	False	True
rs62023489	-0.054584	0.0099465	-0.0169	0.0481	0.112366	50883.0	27693.0	30.11550447687568	4.0705e-08	0.726	ret_inl_left__sys_pd_nalls2019_clinical	ret_inl_left_to_sys_pd_nalls2019_clinical	ret_inl_left	sys_pd_nalls2019_clinical	False	True
rs1779861	-0.0352911	0.0064382	-0.0575	0.0277	0.391303	50222.0	27693.0	30.047023939582235	4.21681e-08	0.0382	ret_inl_left__sys_pd_nalls2019_clinical	ret_inl_left_to_sys_pd_nalls2019_clinical	ret_inl_left	sys_pd_nalls2019_clinical	False	True
rs2070598	-0.0345242	0.00630236	-0.0058	0.0189	0.45917	50833.0	27693.0	30.00826134660078	4.30228e-08	0.7591	ret_inl_left__sys_pd_nalls2019_clinical	ret_inl_left_to_sys_pd_nalls2019_clinical	ret_inl_left	sys_pd_nalls2019_clinical	False	True
rs356182	-0.2615	0.0215	0.005324	0.00684957	0.6159	27693.0	47972.0	147.93347755543542	4.933e-34	0.436996	ret_inl_left__sys_pd_nalls2019_clinical	sys_pd_nalls2019_clinical_to_ret_inl_left	sys_pd_nalls2019_clinical	ret_inl_left	True	False
rs35749011	0.6977	0.0806	0.0449488	0.0256285	0.0212	27693.0	50873.0	74.93200653904645	4.713e-18	0.079455	ret_inl_left__sys_pd_nalls2019_clinical	sys_pd_nalls2019_clinical_to_ret_inl_left	sys_pd_nalls2019_clinical	ret_inl_left	True	False
rs6599388	0.1774	0.0215	-0.00362679	0.00700206	0.3201	27693.0	50564.0	68.08168739859384	1.497e-16	0.604487	ret_inl_left__sys_pd_nalls2019_clinical	sys_pd_nalls2019_clinical_to_ret_inl_left	sys_pd_nalls2019_clinical	ret_inl_left	True	False
rs4630591	-0.2203	0.0309	0.0109433	0.00786517	0.1954	27693.0	49565.0	50.82905499523464	1.043e-12	0.164117	ret_inl_left__sys_pd_nalls2019_clinical	sys_pd_nalls2019_clinical_to_ret_inl_left	sys_pd_nalls2019_clinical	ret_inl_left	True	False
rs12637471	-0.1659	0.0244	-0.0196243	0.00797446	0.1801	27693.0	50842.0	46.22885313087879	9.784e-12	0.0138593	ret_inl_left__sys_pd_nalls2019_clinical	sys_pd_nalls2019_clinical_to_ret_inl_left	sys_pd_nalls2019_clinical	ret_inl_left	True	False
rs10847864	0.1317	0.0199	-0.0122833	0.00655904	0.365	27693.0	50885.0	43.799121234312274	3.775e-11	0.0611054	ret_inl_left__sys_pd_nalls2019_clinical	sys_pd_nalls2019_clinical_to_ret_inl_left	sys_pd_nalls2019_clinical	ret_inl_left	True	False
rs4613239	-0.1808	0.0276	0.00995404	0.00970684	0.8643	27693.0	50425.0	42.91199327872295	5.964e-11	0.305143	ret_inl_left__sys_pd_nalls2019_clinical	sys_pd_nalls2019_clinical_to_ret_inl_left	sys_pd_nalls2019_clinical	ret_inl_left	True	False
rs75646569	-0.184	0.0295	0.00859723	0.0107506	0.8847	27693.0	50787.0	38.90376328641195	4.386e-10	0.423888	ret_inl_left__sys_pd_nalls2019_clinical	sys_pd_nalls2019_clinical_to_ret_inl_left	sys_pd_nalls2019_clinical	ret_inl_left	True	False
rs4588066	0.1148	0.0198	-0.00179278	0.00675832	0.3285	27693.0	50835.0	33.61656973778185	6.863e-09	0.790802	ret_inl_left__sys_pd_nalls2019_clinical	sys_pd_nalls2019_clinical_to_ret_inl_left	sys_pd_nalls2019_clinical	ret_inl_left	True	False
rs510306	0.1054	0.0187	-0.00252726	0.00634941	0.472	27693.0	49801.0	31.768595041322307	1.814e-08	0.690607	ret_inl_left__sys_pd_nalls2019_clinical	sys_pd_nalls2019_clinical_to_ret_inl_left	sys_pd_nalls2019_clinical	ret_inl_left	True	False
rs17421627	0.372732	0.0119873	0.009950330853168092	0.04578600681170599	0.0732043	50885.0	14267.0	966.8310972378503	2.91715e-212	0.8279569999999999	ret_inl_left__sys_sle_bentham2015	ret_inl_left_to_sys_sle_bentham2015	ret_inl_left	sys_sle_bentham2015	False	True
rs217343	0.0817853	0.00633297	-0.030459207484708574	0.03235113703377233	0.437904	50567.0	14267.0	166.77680155618543	3.74257e-38	0.346439	ret_inl_left__sys_sle_bentham2015	ret_inl_left_to_sys_sle_bentham2015	ret_inl_left	sys_sle_bentham2015	False	True
rs74454622	-0.140523	0.0117842	-0.07257069283483537	0.05948431916412437	0.0766729	50885.0	14267.0	142.19836942394326	8.79488e-33	0.222466	ret_inl_left__sys_sle_bentham2015	ret_inl_left_to_sys_sle_bentham2015	ret_inl_left	sys_sle_bentham2015	False	True
rs887595	0.0948243	0.00822717	0.02955880224154443	0.03841825274208216	0.178031	50494.0	14267.0	132.84290009682485	9.78505e-31	0.441659	ret_inl_left__sys_sle_bentham2015	ret_inl_left_to_sys_sle_bentham2015	ret_inl_left	sys_sle_bentham2015	False	True
rs9905786	-0.0744034	0.0065542	-0.01005033585350145	0.031560088597235705	0.355441	50820.0	14267.0	128.86832522740474	7.2462e-30	0.750143	ret_inl_left__sys_sle_bentham2015	ret_inl_left_to_sys_sle_bentham2015	ret_inl_left	sys_sle_bentham2015	False	True
rs35661734	-0.171764	0.0161557	-0.11653381625595151	0.06994908812636123	0.0390783	50885.0	14267.0	113.0349458333435	2.12038e-26	0.0957173	ret_inl_left__sys_sle_bentham2015	ret_inl_left_to_sys_sle_bentham2015	ret_inl_left	sys_sle_bentham2015	False	True
rs16828071	0.0737443	0.00746455	-0.040821994520255166	0.032032062633727536	0.229291	50883.0	14267.0	97.59996281959184	5.12096e-23	0.202518	ret_inl_left__sys_sle_bentham2015	ret_inl_left_to_sys_sle_bentham2015	ret_inl_left	sys_sle_bentham2015	False	True
rs1070768	-0.123107	0.0125747	0.01980262729617973	0.05258211099526313	0.0676172	50113.0	14267.0	95.84516972711343	1.24185e-22	0.706468	ret_inl_left__sys_sle_bentham2015	ret_inl_left_to_sys_sle_bentham2015	ret_inl_left	sys_sle_bentham2015	False	True
rs7807296	-0.0608106	0.00636838	-0.020202707317519466	0.02948189039092592	0.429232	50093.0	14267.0	91.18022035686637	1.31162e-21	0.49318100000000004	ret_inl_left__sys_sle_bentham2015	ret_inl_left_to_sys_sle_bentham2015	ret_inl_left	sys_sle_bentham2015	False	True
rs3138142	0.0672816	0.00733952	0.02955880224154443	0.033764896488226406	0.240002	50537.0	14267.0	84.0344389569514	4.8621e-20	0.38134	ret_inl_left__sys_sle_bentham2015	ret_inl_left_to_sys_sle_bentham2015	ret_inl_left	sys_sle_bentham2015	False	True
rs12193446	0.0930841	0.0106438	-0.020202707317519466	0.048377085491849894	0.0955291	50885.0	14267.0	76.4817113681703	2.22318e-18	0.676233	ret_inl_left__sys_sle_bentham2015	ret_inl_left_to_sys_sle_bentham2015	ret_inl_left	sys_sle_bentham2015	False	True
rs11704728	-0.0629894	0.00795176	-0.020202707317519466	0.03466243749884212	0.193972	50180.0	14267.0	62.749232126516354	2.34776e-15	0.56	ret_inl_left__sys_sle_bentham2015	ret_inl_left_to_sys_sle_bentham2015	ret_inl_left	sys_sle_bentham2015	False	True
rs690526	-0.049404	0.00627115	-0.040821994520255166	0.026882303560787763	0.482579	50742.0	14267.0	62.06258325916058	3.32696e-15	0.128877	ret_inl_left__sys_sle_bentham2015	ret_inl_left_to_sys_sle_bentham2015	ret_inl_left	sys_sle_bentham2015	False	True
rs13156539	0.0498132	0.00632502	0.03922071315328133	0.027175068721286208	0.467181	50002.0	14267.0	62.02475781721852	3.39151e-15	0.148947	ret_inl_left__sys_sle_bentham2015	ret_inl_left_to_sys_sle_bentham2015	ret_inl_left	sys_sle_bentham2015	False	True
rs75638145	-0.0702559	0.00893308	0.009950330853168092	0.05596760463200985	0.148111	49274.0	14267.0	61.8533400885851	3.70001e-15	0.8588899999999999	ret_inl_left__sys_sle_bentham2015	ret_inl_left_to_sys_sle_bentham2015	ret_inl_left	sys_sle_bentham2015	False	True
rs28446321	0.0805324	0.0110031	0.02955880224154443	0.05141926637129685	0.0894251	50601.0	14267.0	53.56870701773651	2.49764e-13	0.565387	ret_inl_left__sys_sle_bentham2015	ret_inl_left_to_sys_sle_bentham2015	ret_inl_left	sys_sle_bentham2015	False	True
rs1877119	0.0460285	0.00639935	0.12221763272424911	0.030164852331080287	0.411651	50244.0	14267.0	51.73469782905342	6.35295e-13	5.0856199999999996e-05	ret_inl_left__sys_sle_bentham2015	ret_inl_left_to_sys_sle_bentham2015	ret_inl_left	sys_sle_bentham2015	False	True
rs3811773	0.0482919	0.00675738	0.009950330853168092	0.016412641425145414	0.319619	50313.0	14267.0	51.07306260015222	8.89981e-13	0.544342	ret_inl_left__sys_sle_bentham2015	ret_inl_left_to_sys_sle_bentham2015	ret_inl_left	sys_sle_bentham2015	False	True
rs3026390	-0.0448269	0.00629486	-0.01005033585350145	0.04336709826284998	0.484144	50865.0	14267.0	50.711360402652055	1.06996e-12	0.816732	ret_inl_left__sys_sle_bentham2015	ret_inl_left_to_sys_sle_bentham2015	ret_inl_left	sys_sle_bentham2015	False	True
rs9767105	0.0466544	0.00660633	-0.030459207484708574	0.03296661288296076	0.352176	50885.0	14267.0	49.872907721072224	1.6403e-12	0.355517	ret_inl_left__sys_sle_bentham2015	ret_inl_left_to_sys_sle_bentham2015	ret_inl_left	sys_sle_bentham2015	False	True
rs72763825	0.0460114	0.00660816	0.04879016416943205	0.027478393571248472	0.341426	50579.0	14267.0	48.48080205889209	3.33548e-12	0.0758017	ret_inl_left__sys_sle_bentham2015	ret_inl_left_to_sys_sle_bentham2015	ret_inl_left	sys_sle_bentham2015	False	True
rs4803297	-0.0438055	0.00634659	0.01980262729617973	0.023043851734849553	0.431092	50306.0	14267.0	47.64050948789841	5.12026e-12	0.39015	ret_inl_left__sys_sle_bentham2015	ret_inl_left_to_sys_sle_bentham2015	ret_inl_left	sys_sle_bentham2015	False	True
rs6727356	0.0479607	0.00697435	0.03922071315328133	0.03246920632393486	0.306366	48194.0	14267.0	47.28937235429273	6.12407e-12	0.22707199999999997	ret_inl_left__sys_sle_bentham2015	ret_inl_left_to_sys_sle_bentham2015	ret_inl_left	sys_sle_bentham2015	False	True
rs181433574	0.168761	0.0254884	0.02955880224154443	0.11155332645852582	0.0152133	50778.0	14267.0	43.83883779851994	3.56535e-11	0.791029	ret_inl_left__sys_sle_bentham2015	ret_inl_left_to_sys_sle_bentham2015	ret_inl_left	sys_sle_bentham2015	False	True
rs17581439	0.0471796	0.00714022	-0.020202707317519466	0.026634098173298842	0.263823	50134.0	14267.0	43.660159971602	3.90655e-11	0.44813500000000006	ret_inl_left__sys_sle_bentham2015	ret_inl_left_to_sys_sle_bentham2015	ret_inl_left	sys_sle_bentham2015	False	True
rs187136683	0.0421551	0.00651791	-0.10536051565782628	0.03439431887091217	0.371143	50424.0	14267.0	41.82958240810057	9.95874e-11	0.00218902	ret_inl_left__sys_sle_bentham2015	ret_inl_left_to_sys_sle_bentham2015	ret_inl_left	sys_sle_bentham2015	False	True
rs759460	-0.0729045	0.0114068	0.02955880224154443	0.0518471273665477	0.081998	50861.0	14267.0	40.84896128375344	1.64472e-10	0.5686	ret_inl_left__sys_sle_bentham2015	ret_inl_left_to_sys_sle_bentham2015	ret_inl_left	sys_sle_bentham2015	False	True
rs9967780	0.0485313	0.00768742	-0.01005033585350145	0.041137692710976094	0.212298	50130.0	14267.0	39.854983268720545	2.7353e-10	0.806991	ret_inl_left__sys_sle_bentham2015	ret_inl_left_to_sys_sle_bentham2015	ret_inl_left	sys_sle_bentham2015	False	True
rs7806594	0.0596194	0.00957853	0.01980262729617973	0.03473869293681059	0.124828	49528.0	14267.0	38.741593016929535	4.83793e-10	0.568647	ret_inl_left__sys_sle_bentham2015	ret_inl_left_to_sys_sle_bentham2015	ret_inl_left	sys_sle_bentham2015	False	True
rs71330995	0.043808	0.00709718	-0.10536051565782628	0.03722833549092759	0.270757	50464.0	14267.0	38.10089810295681	6.71788e-10	0.00465311	ret_inl_left__sys_sle_bentham2015	ret_inl_left_to_sys_sle_bentham2015	ret_inl_left	sys_sle_bentham2015	False	True
rs4767656	0.0454923	0.00739171	0.03922071315328133	0.032423594469674764	0.234139	50707.0	14267.0	37.8779048954073	7.53112e-10	0.226419	ret_inl_left__sys_sle_bentham2015	ret_inl_left_to_sys_sle_bentham2015	ret_inl_left	sys_sle_bentham2015	False	True
rs28454055	-0.0513168	0.0083949	-0.01005033585350145	0.029651335678791645	0.168316	50221.0	14267.0	37.36698687301518	9.78604e-10	0.734647	ret_inl_left__sys_sle_bentham2015	ret_inl_left_to_sys_sle_bentham2015	ret_inl_left	sys_sle_bentham2015	False	True
rs4790941	0.0474195	0.00778901	-0.07257069283483537	0.038805179265633614	0.202729	50686.0	14267.0	37.063755130185555	1.14328e-09	0.0614659	ret_inl_left__sys_sle_bentham2015	ret_inl_left_to_sys_sle_bentham2015	ret_inl_left	sys_sle_bentham2015	False	True
rs11642954	-0.0475856	0.00794327	0.058268908123975824	0.0345928587042313	0.194654	50695.0	14267.0	35.888263871342645	2.08964e-09	0.0921005	ret_inl_left__sys_sle_bentham2015	ret_inl_left_to_sys_sle_bentham2015	ret_inl_left	sys_sle_bentham2015	False	True
rs2190989	0.0377558	0.00630521	0.01980262729617973	0.03201170019480421	0.452324	50885.0	14267.0	35.856528663797846	2.12397e-09	0.536176	ret_inl_left__sys_sle_bentham2015	ret_inl_left_to_sys_sle_bentham2015	ret_inl_left	sys_sle_bentham2015	False	True
rs17149785	-0.0957895	0.0161141	-0.08338160893905101	0.07817230506622184	0.0396046	50537.0	14267.0	35.336514026847645	2.77374e-09	0.286135	ret_inl_left__sys_sle_bentham2015	ret_inl_left_to_sys_sle_bentham2015	ret_inl_left	sys_sle_bentham2015	False	True
rs4839276	-0.0442757	0.00745406	-0.01005033585350145	0.027852397603233936	0.228535	50548.0	14267.0	35.28134263114872	2.85359e-09	0.718217	ret_inl_left__sys_sle_bentham2015	ret_inl_left_to_sys_sle_bentham2015	ret_inl_left	sys_sle_bentham2015	False	True
rs2028900	0.0373533	0.00629208	-0.020202707317519466	0.03675982984478822	0.449255	50862.0	14267.0	35.242724924323184	2.91054e-09	0.582603	ret_inl_left__sys_sle_bentham2015	ret_inl_left_to_sys_sle_bentham2015	ret_inl_left	sys_sle_bentham2015	False	True
rs4491516	0.0421464	0.00712531	0.02955880224154443	0.03299519762747244	0.260658	50480.0	14267.0	34.987542695039046	3.31843e-09	0.370332	ret_inl_left__sys_sle_bentham2015	ret_inl_left_to_sys_sle_bentham2015	ret_inl_left	sys_sle_bentham2015	False	True
rs4449834	0.0418514	0.00707879	0.01980262729617973	0.03650487320486344	0.269955	50425.0	14267.0	34.95440577400379	3.37513e-09	0.587498	ret_inl_left__sys_sle_bentham2015	ret_inl_left_to_sys_sle_bentham2015	ret_inl_left	sys_sle_bentham2015	False	True
rs12575487	0.0406822	0.00690491	-0.07257069283483537	0.03484951793501945	0.289051	50792.0	14267.0	34.7130534110735	3.8208e-09	0.03730580000000001	ret_inl_left__sys_sle_bentham2015	ret_inl_left_to_sys_sle_bentham2015	ret_inl_left	sys_sle_bentham2015	False	True
rs2115597	0.0370101	0.00632981	-0.009950330853168092	0.02917115341490513	0.499369	49914.0	14267.0	34.18685648571448	5.00649e-09	0.7330270000000001	ret_inl_left__sys_sle_bentham2015	ret_inl_left_to_sys_sle_bentham2015	ret_inl_left	sys_sle_bentham2015	False	True
rs61779064	0.0669406	0.0114892	0.009950330853168092	0.05071272476642735	0.0809964	50885.0	14267.0	33.94686101379174	5.66349e-09	0.8444459999999999	ret_inl_left__sys_sle_bentham2015	ret_inl_left_to_sys_sle_bentham2015	ret_inl_left	sys_sle_bentham2015	False	True
rs902415	0.041438	0.00719322	0.03922071315328133	0.03370398520808087	0.252238	50821.0	14267.0	33.18569259348178	8.37602e-09	0.24455300000000002	ret_inl_left__sys_sle_bentham2015	ret_inl_left_to_sys_sle_bentham2015	ret_inl_left	sys_sle_bentham2015	False	True
rs2340768	-0.045597	0.0079334	0.03922071315328133	0.03275555072871226	0.194777	50504.0	14267.0	33.03344255579678	9.05873e-09	0.23116	ret_inl_left__sys_sle_bentham2015	ret_inl_left_to_sys_sle_bentham2015	ret_inl_left	sys_sle_bentham2015	False	True
rs4838417	0.0375081	0.00658116	-0.01005033585350145	0.027823516381957406	0.353029	50146.0	14267.0	32.48218470503643	1.20286e-08	0.7179369999999999	ret_inl_left__sys_sle_bentham2015	ret_inl_left_to_sys_sle_bentham2015	ret_inl_left	sys_sle_bentham2015	False	True
rs10255584	0.0388231	0.00681623	0.009950330853168092	0.03441474593647136	0.318651	49551.0	14267.0	32.44082934466854	1.22881e-08	0.772482	ret_inl_left__sys_sle_bentham2015	ret_inl_left_to_sys_sle_bentham2015	ret_inl_left	sys_sle_bentham2015	False	True
rs3823729	-0.0377748	0.00667015	0.04879016416943205	0.03165142144657426	0.341005	49750.0	14267.0	32.0725245442516	1.48529e-08	0.123199	ret_inl_left__sys_sle_bentham2015	ret_inl_left_to_sys_sle_bentham2015	ret_inl_left	sys_sle_bentham2015	False	True
rs10019492	-0.0360483	0.00637517	-0.01005033585350145	0.02745158344642226	0.412042	50467.0	14267.0	31.973195049675155	1.56318e-08	0.714282	ret_inl_left__sys_sle_bentham2015	ret_inl_left_to_sys_sle_bentham2015	ret_inl_left	sys_sle_bentham2015	False	True
rs7168800	-0.0654482	0.0116147	0.009950330853168092	0.040067088679803214	0.0799038	50104.0	14267.0	31.752609333617066	1.75106e-08	0.80387	ret_inl_left__sys_sle_bentham2015	ret_inl_left_to_sys_sle_bentham2015	ret_inl_left	sys_sle_bentham2015	False	True
rs2118752	-0.039593	0.00705962	-0.01005033585350145	0.039135801257988115	0.270469	50821.0	14267.0	31.453875991603354	2.04236e-08	0.7973279999999999	ret_inl_left__sys_sle_bentham2015	ret_inl_left_to_sys_sle_bentham2015	ret_inl_left	sys_sle_bentham2015	False	True
rs62023489	-0.054584	0.0099465	-0.01005033585350145	0.04723728501367174	0.112366	50883.0	14267.0	30.11550447687568	4.0705e-08	0.831512	ret_inl_left__sys_sle_bentham2015	ret_inl_left_to_sys_sle_bentham2015	ret_inl_left	sys_sle_bentham2015	False	True
rs1779861	-0.0352911	0.0064382	0.01980262729617973	0.03363401469379815	0.391303	50222.0	14267.0	30.047023939582235	4.21681e-08	0.556017	ret_inl_left__sys_sle_bentham2015	ret_inl_left_to_sys_sle_bentham2015	ret_inl_left	sys_sle_bentham2015	False	True
rs2070598	-0.0345242	0.00630236	-0.020202707317519466	0.03232952867880236	0.45917	50833.0	14267.0	30.00826134660078	4.30228e-08	0.532037	ret_inl_left__sys_sle_bentham2015	ret_inl_left_to_sys_sle_bentham2015	ret_inl_left	sys_sle_bentham2015	False	True
rs1270942	0.9282193027394288	0.04338217483584476	-0.0134186	0.0093199	0.0725646	14267.0	50885.0	457.80291165846535	1.4455e-101	0.149931	ret_inl_left__sys_sle_bentham2015	sys_sle_bentham2015_to_ret_inl_left	sys_sle_bentham2015	ret_inl_left	True	False
rs4274624	0.5596157879354227	0.032679116321158	-0.00385153	0.0074692	0.23160999999999998	14267.0	50705.0	293.25086934119986	9.73273e-66	0.606096	ret_inl_left__sys_sle_bentham2015	sys_sle_bentham2015_to_ret_inl_left	sys_sle_bentham2015	ret_inl_left	True	False
rs17849501	0.8109302162163288	0.04986423265496375	-0.00836388	0.0141221	0.0596421	14267.0	50885.0	264.47747237775303	1.8137e-59	0.55368	ret_inl_left__sys_sle_bentham2015	sys_sle_bentham2015_to_ret_inl_left	sys_sle_bentham2015	ret_inl_left	True	False
rs1143679	0.5822156198526637	0.03998663420667575	-0.00258772	0.0106748	0.131213	14267.0	50057.0	212.0010469386546	5.02694e-48	0.808459	ret_inl_left__sys_sle_bentham2015	sys_sle_bentham2015_to_ret_inl_left	sys_sle_bentham2015	ret_inl_left	True	False
rs35000415	0.5877866649021191	0.041538954697302115	-0.0049989	0.0101181	0.100398	14267.0	50857.0	200.22962356877744	1.8609e-45	0.621267	ret_inl_left__sys_sle_bentham2015	sys_sle_bentham2015_to_ret_inl_left	sys_sle_bentham2015	ret_inl_left	True	False
rs2573219	0.5877866649021191	0.042929166291107275	0.0293988	0.0108897	0.0864811	14267.0	50791.0	187.471195730151	1.13327e-42	0.00694039	ret_inl_left__sys_sle_bentham2015	sys_sle_bentham2015_to_ret_inl_left	sys_sle_bentham2015	ret_inl_left	True	False
rs150180633	0.9282193027394288	0.06895732862779987	0.0131786	0.0289136	0.0168986	14267.0	50867.0	181.192548506574	2.66099e-41	0.648538	ret_inl_left__sys_sle_bentham2015	sys_sle_bentham2015_to_ret_inl_left	sys_sle_bentham2015	ret_inl_left	True	False
rs7823055	0.35065687161316933	0.028620839404419996	0.0100338	0.00641973	0.42345900000000003	14267.0	49028.0	150.10666436715803	1.64303e-34	0.11806	ret_inl_left__sys_sle_bentham2015	sys_sle_bentham2015_to_ret_inl_left	sys_sle_bentham2015	ret_inl_left	True	False
rs1078324	-0.7133498878774648	0.07816646901246015	0.010067	0.0135612	0.0497018	14267.0	50877.0	83.28450451053207	7.10544e-20	0.457882	ret_inl_left__sys_sle_bentham2015	sys_sle_bentham2015_to_ret_inl_left	sys_sle_bentham2015	ret_inl_left	True	False
rs58721818	0.6575200029167941	0.07559406697400173	0.00669964	0.0180524	0.0248509	14267.0	50591.0	75.65585027597527	3.37674e-18	0.710547	ret_inl_left__sys_sle_bentham2015	sys_sle_bentham2015_to_ret_inl_left	sys_sle_bentham2015	ret_inl_left	True	False
rs13332649	-0.31471074483970024	0.037568252338112514	0.00679007	0.007481	0.197813	14267.0	50885.0	70.17479571574411	5.42755e-17	0.364068	ret_inl_left__sys_sle_bentham2015	sys_sle_bentham2015_to_ret_inl_left	sys_sle_bentham2015	ret_inl_left	True	False
rs1464446	-0.3285040669720361	0.04014972755246729	0.00518512	0.00801537	0.178926	14267.0	50582.0	66.94471485209834	2.79229e-16	0.517699	ret_inl_left__sys_sle_bentham2015	sys_sle_bentham2015_to_ret_inl_left	sys_sle_bentham2015	ret_inl_left	True	False
rs10912578	0.2468600779315258	0.030991798852376563	0.0167249	0.00684749	0.30119300000000004	14267.0	48861.0	63.446570822076126	1.64776e-15	0.0145867	ret_inl_left__sys_sle_bentham2015	sys_sle_bentham2015_to_ret_inl_left	sys_sle_bentham2015	ret_inl_left	True	False
rs2431697	-0.2231435513142097	0.029296428709987537	0.00788901	0.00632485	0.431412	14267.0	50885.0	58.01486909043906	2.60144e-14	0.212286	ret_inl_left__sys_sle_bentham2015	sys_sle_bentham2015_to_ret_inl_left	sys_sle_bentham2015	ret_inl_left	True	False
rs35251378	-0.23572233352106983	0.03242655973320144	0.00465961	0.00694702	0.269384	14267.0	50251.0	52.844490301182496	3.6103e-13	0.50239	ret_inl_left__sys_sle_bentham2015	sys_sle_bentham2015_to_ret_inl_left	sys_sle_bentham2015	ret_inl_left	True	False
rs6679677	0.3364722366212129	0.046485380374858505	-0.00948157	0.0103293	0.0914513	14267.0	50885.0	52.392086214081615	4.54552e-13	0.358657	ret_inl_left__sys_sle_bentham2015	sys_sle_bentham2015_to_ret_inl_left	sys_sle_bentham2015	ret_inl_left	True	False
rs7768653	0.20701416938432612	0.0296890709490796	0.00373872	0.00645265	0.40159	14267.0	50481.0	48.619101611474605	3.10827e-12	0.562314	ret_inl_left__sys_sle_bentham2015	sys_sle_bentham2015_to_ret_inl_left	sys_sle_bentham2015	ret_inl_left	True	False
rs6671847	0.19885085874516517	0.02896508081722554	0.000401361	0.00632758	0.487078	14267.0	50193.0	47.13086955850739	6.64016e-12	0.949424	ret_inl_left__sys_sle_bentham2015	sys_sle_bentham2015_to_ret_inl_left	sys_sle_bentham2015	ret_inl_left	True	False
rs4916215	-0.2231435513142097	0.03396932281463995	-0.00439811	0.00705556	0.25447299999999995	14267.0	50756.0	43.15140121458759	5.06636e-11	0.533052	ret_inl_left__sys_sle_bentham2015	sys_sle_bentham2015_to_ret_inl_left	sys_sle_bentham2015	ret_inl_left	True	False
rs7097397	-0.18632957819149348	0.028711836349021032	0.0043562	0.00650028	0.395626	14267.0	50885.0	42.115470974195595	8.60398e-11	0.502758	ret_inl_left__sys_sle_bentham2015	sys_sle_bentham2015_to_ret_inl_left	sys_sle_bentham2015	ret_inl_left	True	False
rs4661543	-0.2744368457017603	0.04237545624860243	-0.0136043	0.00949611	0.12723700000000004	14267.0	50542.0	41.94266905156497	9.39891e-11	0.151968	ret_inl_left__sys_sle_bentham2015	sys_sle_bentham2015_to_ret_inl_left	sys_sle_bentham2015	ret_inl_left	True	False
rs13136219	-0.1743533871447778	0.027786960712837545	-0.00154798	0.00647871	0.379722	14267.0	50444.0	39.37120286398545	3.50427e-10	0.811158	ret_inl_left__sys_sle_bentham2015	sys_sle_bentham2015_to_ret_inl_left	sys_sle_bentham2015	ret_inl_left	True	False
rs10200680	-0.2484613592984996	0.042483496013878894	-0.0101298	0.00883154	0.144135	14267.0	50623.0	34.20402518048219	4.96262e-09	0.251381	ret_inl_left__sys_sle_bentham2015	sys_sle_bentham2015_to_ret_inl_left	sys_sle_bentham2015	ret_inl_left	True	False
rs73050535	-0.7133498878774648	0.1241341633444946	0.0285309	0.0207648	0.0298211	14267.0	50797.0	33.0234582980788	9.10536e-09	0.16944	ret_inl_left__sys_sle_bentham2015	sys_sle_bentham2015_to_ret_inl_left	sys_sle_bentham2015	ret_inl_left	True	False
rs143123127	0.47000362924573563	0.08403420051666054	0.00994634	0.0174123	0.0308151	14267.0	50797.0	31.281695024459218	2.23174e-08	0.567848	ret_inl_left__sys_sle_bentham2015	sys_sle_bentham2015_to_ret_inl_left	sys_sle_bentham2015	ret_inl_left	True	False
rs7899626	0.1823215567939546	0.03325318638695583	0.00453709	0.00699996	0.362823	14267.0	48921.0	30.061421140607337	4.18576e-08	0.516882	ret_inl_left__sys_sle_bentham2015	sys_sle_bentham2015_to_ret_inl_left	sys_sle_bentham2015	ret_inl_left	True	False
rs73068668	-0.31471074483970024	0.057490346033111685	-0.0271573	0.0120462	0.0954274	14267.0	50221.0	29.966311957600823	4.39618e-08	0.0241693	ret_inl_left__sys_sle_bentham2015	sys_sle_bentham2015_to_ret_inl_left	sys_sle_bentham2015	ret_inl_left	True	False
rs143810596	-0.616186139423817	0.11257379615769905	-0.00848211	0.0204661	0.0258449	14267.0	50850.0	29.960511751951863	4.40935e-08	0.678546	ret_inl_left__sys_sle_bentham2015	sys_sle_bentham2015_to_ret_inl_left	sys_sle_bentham2015	ret_inl_left	True	False
rs17421627	0.372732	0.0119873	-0.0101	0.0238	0.0732043	50885.0	59957.0	966.8310972378503	2.91715e-212	0.6708	ret_inl_left__sys_ibd_delange2017	ret_inl_left_to_sys_ibd_delange2017	ret_inl_left	sys_ibd_delange2017	False	True
rs217343	0.0817853	0.00633297	-0.0035	0.0124	0.437904	50567.0	59957.0	166.77680155618543	3.74257e-38	0.7765	ret_inl_left__sys_ibd_delange2017	ret_inl_left_to_sys_ibd_delange2017	ret_inl_left	sys_ibd_delange2017	False	True
rs74454622	-0.140523	0.0117842	-0.0009	0.0234	0.0766729	50885.0	59957.0	142.19836942394326	8.79488e-33	0.9697	ret_inl_left__sys_ibd_delange2017	ret_inl_left_to_sys_ibd_delange2017	ret_inl_left	sys_ibd_delange2017	False	True
rs887595	0.0948243	0.00822717	-0.0083	0.0159	0.178031	50494.0	59957.0	132.84290009682485	9.78505e-31	0.6003	ret_inl_left__sys_ibd_delange2017	ret_inl_left_to_sys_ibd_delange2017	ret_inl_left	sys_ibd_delange2017	False	True
rs35661734	-0.171764	0.0161557	0.0265	0.0342	0.0390783	50885.0	59957.0	113.0349458333435	2.12038e-26	0.4384	ret_inl_left__sys_ibd_delange2017	ret_inl_left_to_sys_ibd_delange2017	ret_inl_left	sys_ibd_delange2017	False	True
rs16828071	0.0737443	0.00746455	-0.0313	0.0146	0.229291	50883.0	59957.0	97.59996281959184	5.12096e-23	0.03171	ret_inl_left__sys_ibd_delange2017	ret_inl_left_to_sys_ibd_delange2017	ret_inl_left	sys_ibd_delange2017	False	True
rs1070768	-0.123107	0.0125747	0.0348	0.0256	0.0676172	50113.0	59957.0	95.84516972711343	1.24185e-22	0.173	ret_inl_left__sys_ibd_delange2017	ret_inl_left_to_sys_ibd_delange2017	ret_inl_left	sys_ibd_delange2017	False	True
rs7807296	-0.0608106	0.00636838	0.0001	0.0132	0.429232	50093.0	59957.0	91.18022035686637	1.31162e-21	0.9942	ret_inl_left__sys_ibd_delange2017	ret_inl_left_to_sys_ibd_delange2017	ret_inl_left	sys_ibd_delange2017	False	True
rs3138142	0.0672816	0.00733952	0.0178	0.0164	0.240002	50537.0	59957.0	84.0344389569514	4.8621e-20	0.278	ret_inl_left__sys_ibd_delange2017	ret_inl_left_to_sys_ibd_delange2017	ret_inl_left	sys_ibd_delange2017	False	True
rs12193446	0.0930841	0.0106438	-0.0144	0.022	0.0955291	50885.0	59957.0	76.4817113681703	2.22318e-18	0.5136	ret_inl_left__sys_ibd_delange2017	ret_inl_left_to_sys_ibd_delange2017	ret_inl_left	sys_ibd_delange2017	False	True
rs11704728	-0.0629894	0.00795176	0.0026	0.0158	0.193972	50180.0	59957.0	62.749232126516354	2.34776e-15	0.8676	ret_inl_left__sys_ibd_delange2017	ret_inl_left_to_sys_ibd_delange2017	ret_inl_left	sys_ibd_delange2017	False	True
rs13156539	0.0498132	0.00632502	0.0025	0.0125	0.467181	50002.0	59957.0	62.02475781721852	3.39151e-15	0.8396	ret_inl_left__sys_ibd_delange2017	ret_inl_left_to_sys_ibd_delange2017	ret_inl_left	sys_ibd_delange2017	False	True
rs75638145	-0.0702559	0.00893308	-0.0111	0.0183	0.148111	49274.0	59957.0	61.8533400885851	3.70001e-15	0.5444	ret_inl_left__sys_ibd_delange2017	ret_inl_left_to_sys_ibd_delange2017	ret_inl_left	sys_ibd_delange2017	False	True
rs3811773	0.0482919	0.00675738	0.0173	0.0141	0.319619	50313.0	59957.0	51.07306260015222	8.89981e-13	0.2193	ret_inl_left__sys_ibd_delange2017	ret_inl_left_to_sys_ibd_delange2017	ret_inl_left	sys_ibd_delange2017	False	True
rs3026390	-0.0448269	0.00629486	-0.0289	0.0125	0.484144	50865.0	59957.0	50.711360402652055	1.06996e-12	0.02059	ret_inl_left__sys_ibd_delange2017	ret_inl_left_to_sys_ibd_delange2017	ret_inl_left	sys_ibd_delange2017	False	True
rs9767105	0.0466544	0.00660633	-0.0111	0.0129	0.352176	50885.0	59957.0	49.872907721072224	1.6403e-12	0.3913	ret_inl_left__sys_ibd_delange2017	ret_inl_left_to_sys_ibd_delange2017	ret_inl_left	sys_ibd_delange2017	False	True
rs17507554	0.0995851	0.0144041	0.0237	0.0367	0.0498477	50885.0	59957.0	47.798742587714024	4.72318e-12	0.5182	ret_inl_left__sys_ibd_delange2017	ret_inl_left_to_sys_ibd_delange2017	ret_inl_left	sys_ibd_delange2017	False	True
rs4803297	-0.0438055	0.00634659	0.0022	0.0125	0.431092	50306.0	59957.0	47.64050948789841	5.12026e-12	0.8595	ret_inl_left__sys_ibd_delange2017	ret_inl_left_to_sys_ibd_delange2017	ret_inl_left	sys_ibd_delange2017	False	True
rs2305041	-0.0568947	0.00825735	0.0109	0.0161	0.175175	50561.0	59957.0	47.47470088577483	5.57186e-12	0.4984	ret_inl_left__sys_ibd_delange2017	ret_inl_left_to_sys_ibd_delange2017	ret_inl_left	sys_ibd_delange2017	False	True
rs6727356	0.0479607	0.00697435	-0.0173	0.0142	0.306366	48194.0	59957.0	47.28937235429273	6.12407e-12	0.2242	ret_inl_left__sys_ibd_delange2017	ret_inl_left_to_sys_ibd_delange2017	ret_inl_left	sys_ibd_delange2017	False	True
rs17581439	0.0471796	0.00714022	-0.0257	0.0141	0.263823	50134.0	59957.0	43.660159971602	3.90655e-11	0.06939	ret_inl_left__sys_ibd_delange2017	ret_inl_left_to_sys_ibd_delange2017	ret_inl_left	sys_ibd_delange2017	False	True
rs759460	-0.0729045	0.0114068	-0.0329	0.0226	0.081998	50861.0	59957.0	40.84896128375344	1.64472e-10	0.1463	ret_inl_left__sys_ibd_delange2017	ret_inl_left_to_sys_ibd_delange2017	ret_inl_left	sys_ibd_delange2017	False	True
rs4776131	0.0408649	0.00642842	-0.0109	0.0126	0.42091	49412.0	59957.0	40.41032970298204	2.05842e-10	0.3847	ret_inl_left__sys_ibd_delange2017	ret_inl_left_to_sys_ibd_delange2017	ret_inl_left	sys_ibd_delange2017	False	True
rs9967780	0.0485313	0.00768742	-0.0178	0.0151	0.212298	50130.0	59957.0	39.854983268720545	2.7353e-10	0.2382	ret_inl_left__sys_ibd_delange2017	ret_inl_left_to_sys_ibd_delange2017	ret_inl_left	sys_ibd_delange2017	False	True
rs71330995	0.043808	0.00709718	0.0229	0.0145	0.270757	50464.0	59957.0	38.10089810295681	6.71788e-10	0.1146	ret_inl_left__sys_ibd_delange2017	ret_inl_left_to_sys_ibd_delange2017	ret_inl_left	sys_ibd_delange2017	False	True
rs4767656	0.0454923	0.00739171	0.0096	0.0151	0.234139	50707.0	59957.0	37.8779048954073	7.53112e-10	0.5244	ret_inl_left__sys_ibd_delange2017	ret_inl_left_to_sys_ibd_delange2017	ret_inl_left	sys_ibd_delange2017	False	True
rs28454055	-0.0513168	0.0083949	0.0217	0.0165	0.168316	50221.0	59957.0	37.36698687301518	9.78604e-10	0.1882	ret_inl_left__sys_ibd_delange2017	ret_inl_left_to_sys_ibd_delange2017	ret_inl_left	sys_ibd_delange2017	False	True
rs4790941	0.0474195	0.00778901	0.0316	0.0153	0.202729	50686.0	59957.0	37.063755130185555	1.14328e-09	0.03962	ret_inl_left__sys_ibd_delange2017	ret_inl_left_to_sys_ibd_delange2017	ret_inl_left	sys_ibd_delange2017	False	True
rs11642954	-0.0475856	0.00794327	0.0307	0.0159	0.194654	50695.0	59957.0	35.888263871342645	2.08964e-09	0.05287	ret_inl_left__sys_ibd_delange2017	ret_inl_left_to_sys_ibd_delange2017	ret_inl_left	sys_ibd_delange2017	False	True
rs2190989	0.0377558	0.00630521	-0.0032	0.0127	0.452324	50885.0	59957.0	35.856528663797846	2.12397e-09	0.7998	ret_inl_left__sys_ibd_delange2017	ret_inl_left_to_sys_ibd_delange2017	ret_inl_left	sys_ibd_delange2017	False	True
rs17149785	-0.0957895	0.0161141	0.0161	0.0325	0.0396046	50537.0	59957.0	35.336514026847645	2.77374e-09	0.6215	ret_inl_left__sys_ibd_delange2017	ret_inl_left_to_sys_ibd_delange2017	ret_inl_left	sys_ibd_delange2017	False	True
rs4839276	-0.0442757	0.00745406	0.0106	0.0148	0.228535	50548.0	59957.0	35.28134263114872	2.85359e-09	0.4735	ret_inl_left__sys_ibd_delange2017	ret_inl_left_to_sys_ibd_delange2017	ret_inl_left	sys_ibd_delange2017	False	True
rs2028900	0.0373533	0.00629208	-0.031	0.0124	0.449255	50862.0	59957.0	35.242724924323184	2.91054e-09	0.01205	ret_inl_left__sys_ibd_delange2017	ret_inl_left_to_sys_ibd_delange2017	ret_inl_left	sys_ibd_delange2017	False	True
rs4491516	0.0421464	0.00712531	-0.0113	0.0141	0.260658	50480.0	59957.0	34.987542695039046	3.31843e-09	0.4247	ret_inl_left__sys_ibd_delange2017	ret_inl_left_to_sys_ibd_delange2017	ret_inl_left	sys_ibd_delange2017	False	True
rs4449834	0.0418514	0.00707879	0.0118	0.0141	0.269955	50425.0	59957.0	34.95440577400379	3.37513e-09	0.4015	ret_inl_left__sys_ibd_delange2017	ret_inl_left_to_sys_ibd_delange2017	ret_inl_left	sys_ibd_delange2017	False	True
rs12575487	0.0406822	0.00690491	0.0427	0.0138	0.289051	50792.0	59957.0	34.7130534110735	3.8208e-09	0.002043	ret_inl_left__sys_ibd_delange2017	ret_inl_left_to_sys_ibd_delange2017	ret_inl_left	sys_ibd_delange2017	False	True
rs2115597	0.0370101	0.00632981	0.0104	0.0125	0.499369	49914.0	59957.0	34.18685648571448	5.00649e-09	0.4075	ret_inl_left__sys_ibd_delange2017	ret_inl_left_to_sys_ibd_delange2017	ret_inl_left	sys_ibd_delange2017	False	True
rs61779064	0.0669406	0.0114892	0.0518	0.0227	0.0809964	50885.0	59957.0	33.94686101379174	5.66349e-09	0.02224	ret_inl_left__sys_ibd_delange2017	ret_inl_left_to_sys_ibd_delange2017	ret_inl_left	sys_ibd_delange2017	False	True
rs902415	0.041438	0.00719322	-0.0147	0.0143	0.252238	50821.0	59957.0	33.18569259348178	8.37602e-09	0.3029	ret_inl_left__sys_ibd_delange2017	ret_inl_left_to_sys_ibd_delange2017	ret_inl_left	sys_ibd_delange2017	False	True
rs2340768	-0.045597	0.0079334	0.0118	0.0156	0.194777	50504.0	59957.0	33.03344255579678	9.05873e-09	0.4496	ret_inl_left__sys_ibd_delange2017	ret_inl_left_to_sys_ibd_delange2017	ret_inl_left	sys_ibd_delange2017	False	True
rs4838417	0.0375081	0.00658116	0.036	0.0131	0.353029	50146.0	59957.0	32.48218470503643	1.20286e-08	0.005991	ret_inl_left__sys_ibd_delange2017	ret_inl_left_to_sys_ibd_delange2017	ret_inl_left	sys_ibd_delange2017	False	True
rs3823729	-0.0377748	0.00667015	0.0167	0.0131	0.341005	49750.0	59957.0	32.0725245442516	1.48529e-08	0.2039	ret_inl_left__sys_ibd_delange2017	ret_inl_left_to_sys_ibd_delange2017	ret_inl_left	sys_ibd_delange2017	False	True
rs10019492	-0.0360483	0.00637517	-0.0055	0.0125	0.412042	50467.0	59957.0	31.973195049675155	1.56318e-08	0.6602	ret_inl_left__sys_ibd_delange2017	ret_inl_left_to_sys_ibd_delange2017	ret_inl_left	sys_ibd_delange2017	False	True
rs9952482	0.0357607	0.00632442	0.0146	0.0128	0.477395	50254.0	59957.0	31.972059747522174	1.56415e-08	0.2525	ret_inl_left__sys_ibd_delange2017	ret_inl_left_to_sys_ibd_delange2017	ret_inl_left	sys_ibd_delange2017	False	True
rs7168800	-0.0654482	0.0116147	-0.0024	0.0238	0.0799038	50104.0	59957.0	31.752609333617066	1.75106e-08	0.9212	ret_inl_left__sys_ibd_delange2017	ret_inl_left_to_sys_ibd_delange2017	ret_inl_left	sys_ibd_delange2017	False	True
rs2118752	-0.039593	0.00705962	0.0233	0.0142	0.270469	50821.0	59957.0	31.453875991603354	2.04236e-08	0.1012	ret_inl_left__sys_ibd_delange2017	ret_inl_left_to_sys_ibd_delange2017	ret_inl_left	sys_ibd_delange2017	False	True
rs62023489	-0.054584	0.0099465	0.0098	0.0204	0.112366	50883.0	59957.0	30.11550447687568	4.0705e-08	0.6322	ret_inl_left__sys_ibd_delange2017	ret_inl_left_to_sys_ibd_delange2017	ret_inl_left	sys_ibd_delange2017	False	True
rs1779861	-0.0352911	0.0064382	0.0149	0.0131	0.391303	50222.0	59957.0	30.047023939582235	4.21681e-08	0.254	ret_inl_left__sys_ibd_delange2017	ret_inl_left_to_sys_ibd_delange2017	ret_inl_left	sys_ibd_delange2017	False	True
rs2070598	-0.0345242	0.00630236	0.0195	0.0124	0.45917	50833.0	59957.0	30.00826134660078	4.30228e-08	0.1158	ret_inl_left__sys_ibd_delange2017	ret_inl_left_to_sys_ibd_delange2017	ret_inl_left	sys_ibd_delange2017	False	True
rs11581607	0.6578	0.0294	-0.00581842	0.0125992	NA	59957.0	50876.0	500.6025730019901	4.59e-111	0.644219	ret_inl_left__sys_ibd_delange2017	sys_ibd_delange2017_to_ret_inl_left	sys_ibd_delange2017	ret_inl_left	True	False
rs145568234	0.86	0.0476	0.0688296	0.0339744	NA	59957.0	48809.0	326.42468752206764	4.731e-73	0.0427723	ret_inl_left__sys_ibd_delange2017	sys_ibd_delange2017_to_ret_inl_left	sys_ibd_delange2017	ret_inl_left	True	False
rs749910	-0.1961	0.0138	-0.00358486	0.0071763	NA	59957.0	50874.0	201.9282188615837	7.828e-46	0.617398	ret_inl_left__sys_ibd_delange2017	sys_ibd_delange2017_to_ret_inl_left	sys_ibd_delange2017	ret_inl_left	True	False
rs1445004	-0.1689	0.0127	-0.00424369	0.00640766	NA	59957.0	50885.0	176.86905573811146	3.484e-40	0.507789	ret_inl_left__sys_ibd_delange2017	sys_ibd_delange2017_to_ret_inl_left	sys_ibd_delange2017	ret_inl_left	True	False
rs755374	-0.1767	0.0134	0.00694937	0.00687148	NA	59957.0	47873.0	173.88555357540653	1.586e-39	0.311856	ret_inl_left__sys_ibd_delange2017	sys_ibd_delange2017_to_ret_inl_left	sys_ibd_delange2017	ret_inl_left	True	False
rs3829110	0.1574	0.0125	-0.00877302	0.00632848	NA	59957.0	50882.0	158.55846400000001	3.52e-36	0.165662	ret_inl_left__sys_ibd_delange2017	sys_ibd_delange2017_to_ret_inl_left	sys_ibd_delange2017	ret_inl_left	True	False
rs1131095	0.1635	0.0131	-0.0011732	0.00687304	NA	59957.0	50881.0	155.77326496124934	1.219e-35	0.864463	ret_inl_left__sys_ibd_delange2017	sys_ibd_delange2017_to_ret_inl_left	sys_ibd_delange2017	ret_inl_left	True	False
rs6584282	-0.152	0.0124	-0.00538949	0.00625844	NA	59957.0	50851.0	150.2601456815817	1.194e-34	0.389153	ret_inl_left__sys_ibd_delange2017	sys_ibd_delange2017_to_ret_inl_left	sys_ibd_delange2017	ret_inl_left	True	False
rs11236797	-0.1488	0.0125	0.012829	0.00629018	NA	59957.0	50761.0	141.70521599999995	7.188e-33	0.0413974	ret_inl_left__sys_ibd_delange2017	sys_ibd_delange2017_to_ret_inl_left	sys_ibd_delange2017	ret_inl_left	True	False
rs1297264	-0.1462	0.0126	0.00320446	0.00630388	NA	59957.0	50611.0	134.6336608717561	3.98e-31	0.611221	ret_inl_left__sys_ibd_delange2017	sys_ibd_delange2017_to_ret_inl_left	sys_ibd_delange2017	ret_inl_left	True	False
rs3024493	-0.1911	0.0165	0.00509837	0.00867983	NA	59957.0	50885.0	134.13851239669418	4.041e-31	0.556948	ret_inl_left__sys_ibd_delange2017	sys_ibd_delange2017_to_ret_inl_left	sys_ibd_delange2017	ret_inl_left	True	False
rs2836881	0.1643	0.0146	-0.00284007	0.00706055	NA	59957.0	50586.0	126.63956652279977	1.959e-29	0.687503	ret_inl_left__sys_ibd_delange2017	sys_ibd_delange2017_to_ret_inl_left	sys_ibd_delange2017	ret_inl_left	True	False
rs3792111	-0.1391	0.0124	-0.000745856	0.00627323	NA	59957.0	50878.0	125.83773413111345	5.122e-29	0.905359	ret_inl_left__sys_ibd_delange2017	sys_ibd_delange2017_to_ret_inl_left	sys_ibd_delange2017	ret_inl_left	True	False
rs6457681	0.1687	0.0153	0.000482845	0.00736976	NA	59957.0	50871.0	121.5758468964928	3.75e-28	0.947762	ret_inl_left__sys_ibd_delange2017	sys_ibd_delange2017_to_ret_inl_left	sys_ibd_delange2017	ret_inl_left	True	False
rs10114470	0.1475	0.0137	-0.00179061	0.00671989	NA	59957.0	50754.0	115.91587191645796	4.098e-27	0.789882	ret_inl_left__sys_ibd_delange2017	sys_ibd_delange2017_to_ret_inl_left	sys_ibd_delange2017	ret_inl_left	True	False
rs6062496	-0.137	0.0129	-0.00907008	0.00629737	NA	59957.0	50483.0	112.78769304729285	2.826e-26	0.149783	ret_inl_left__sys_ibd_delange2017	sys_ibd_delange2017_to_ret_inl_left	sys_ibd_delange2017	ret_inl_left	True	False
rs2838517	-0.128	0.0125	0.0053135	0.00642778	NA	59957.0	50836.0	104.8576	1.835e-24	0.408437	ret_inl_left__sys_ibd_delange2017	sys_ibd_delange2017_to_ret_inl_left	sys_ibd_delange2017	ret_inl_left	True	False
rs2413583	0.1732	0.0171	-0.0133926	0.00846501	NA	59957.0	50885.0	102.589651516706	4.595e-24	0.113623	ret_inl_left__sys_ibd_delange2017	sys_ibd_delange2017_to_ret_inl_left	sys_ibd_delange2017	ret_inl_left	True	False
rs56062135	-0.1382	0.0145	0.00376749	0.00735338	0.214712	59957.0	50773.0	90.84061831153386	1.371e-21	0.608408	ret_inl_left__sys_ibd_delange2017	sys_ibd_delange2017_to_ret_inl_left	sys_ibd_delange2017	ret_inl_left	True	False
rs10800309	-0.123	0.0133	-0.00459169	0.00671989	NA	59957.0	50885.0	85.52772909717905	1.942e-20	0.494418	ret_inl_left__sys_ibd_delange2017	sys_ibd_delange2017_to_ret_inl_left	sys_ibd_delange2017	ret_inl_left	True	False
rs6674040	0.1129	0.0124	-0.00044076	0.00627043	NA	59957.0	50564.0	82.89808792924039	6.307e-20	0.943961	ret_inl_left__sys_ibd_delange2017	sys_ibd_delange2017_to_ret_inl_left	sys_ibd_delange2017	ret_inl_left	True	False
rs35171809	0.1088	0.0123	0.00226507	0.00628068	NA	59957.0	50877.0	78.24337365324872	1.156e-18	0.718368	ret_inl_left__sys_ibd_delange2017	sys_ibd_delange2017_to_ret_inl_left	sys_ibd_delange2017	ret_inl_left	True	False
rs744166	-0.1109	0.0126	-0.00543369	0.00631446	NA	59957.0	50643.0	77.46793902746285	1.34e-18	0.389505	ret_inl_left__sys_ibd_delange2017	sys_ibd_delange2017_to_ret_inl_left	sys_ibd_delange2017	ret_inl_left	True	False
rs6017342	0.1156	0.0135	0.0092773	0.0062491	NA	59957.0	50885.0	73.32433470507546	1.071e-17	0.137655	ret_inl_left__sys_ibd_delange2017	sys_ibd_delange2017_to_ret_inl_left	sys_ibd_delange2017	ret_inl_left	True	False
rs62126610	0.1407	0.0166	-0.00227773	0.0085456	NA	59957.0	50230.0	71.84094208157933	2.6e-17	0.789825	ret_inl_left__sys_ibd_delange2017	sys_ibd_delange2017_to_ret_inl_left	sys_ibd_delange2017	ret_inl_left	True	False
rs4807569	0.1281	0.0152	-0.00535849	0.00777023	NA	59957.0	50632.0	71.02497403047091	4.239e-17	0.490434	ret_inl_left__sys_ibd_delange2017	sys_ibd_delange2017_to_ret_inl_left	sys_ibd_delange2017	ret_inl_left	True	False
rs80262450	-0.1581	0.019	-0.000780984	0.00973936	NA	59957.0	50518.0	69.23991689750693	1.041e-16	0.936087	ret_inl_left__sys_ibd_delange2017	sys_ibd_delange2017_to_ret_inl_left	sys_ibd_delange2017	ret_inl_left	True	False
rs28374519	0.1105	0.0137	-0.00833767	0.00661388	NA	59957.0	47156.0	65.05541051734241	6.547e-16	0.207441	ret_inl_left__sys_ibd_delange2017	sys_ibd_delange2017_to_ret_inl_left	sys_ibd_delange2017	ret_inl_left	True	False
rs5754100	0.1293	0.016	0.0122237	0.00800883	NA	59957.0	50652.0	65.30660156249998	7.14e-16	0.126942	ret_inl_left__sys_ibd_delange2017	sys_ibd_delange2017_to_ret_inl_left	sys_ibd_delange2017	ret_inl_left	True	False
rs143210366	0.2836	0.036	-0.00189947	0.0215626	NA	59957.0	48746.0	62.059382716049406	3.139e-15	0.929804	ret_inl_left__sys_ibd_delange2017	sys_ibd_delange2017_to_ret_inl_left	sys_ibd_delange2017	ret_inl_left	True	False
rs4676408	-0.1011	0.013	0.00532008	0.00628875	NA	59957.0	50094.0	60.4805325443787	7.629e-15	0.397571	ret_inl_left__sys_ibd_delange2017	sys_ibd_delange2017_to_ret_inl_left	sys_ibd_delange2017	ret_inl_left	True	False
rs11152949	0.1019	0.0133	-0.0102251	0.00669254	NA	59957.0	50458.0	58.700944089547185	1.563e-14	0.126552	ret_inl_left__sys_ibd_delange2017	sys_ibd_delange2017_to_ret_inl_left	sys_ibd_delange2017	ret_inl_left	True	False
rs4957256	0.1179	0.0155	0.0136638	0.00771827	NA	59957.0	50862.0	57.858106139438085	3.367e-14	0.0766751	ret_inl_left__sys_ibd_delange2017	sys_ibd_delange2017_to_ret_inl_left	sys_ibd_delange2017	ret_inl_left	True	False
rs3850378	0.1536	0.0207	0.00469472	0.010608	NA	59957.0	50513.0	55.060701533291315	1.1e-13	0.658082	ret_inl_left__sys_ibd_delange2017	sys_ibd_delange2017_to_ret_inl_left	sys_ibd_delange2017	ret_inl_left	True	False
rs6740847	-0.0924	0.0125	0.00536923	0.00636458	NA	59957.0	50583.0	54.64166399999999	1.218e-13	0.398887	ret_inl_left__sys_ibd_delange2017	sys_ibd_delange2017_to_ret_inl_left	sys_ibd_delange2017	ret_inl_left	True	False
rs11677002	-0.0931	0.0126	-0.00720028	0.00633109	NA	59957.0	50102.0	54.595679012345684	1.371e-13	0.255417	ret_inl_left__sys_ibd_delange2017	sys_ibd_delange2017_to_ret_inl_left	sys_ibd_delange2017	ret_inl_left	True	False
rs2384352	0.0951	0.0131	0.0109801	0.00669132	NA	59957.0	50763.0	52.7009498280986	3.118e-13	0.100809	ret_inl_left__sys_ibd_delange2017	sys_ibd_delange2017_to_ret_inl_left	sys_ibd_delange2017	ret_inl_left	True	False
rs10826797	0.099	0.0136	-0.0115283	0.00681264	NA	59957.0	50196.0	52.989835640138416	3.986e-13	0.0906099	ret_inl_left__sys_ibd_delange2017	sys_ibd_delange2017_to_ret_inl_left	sys_ibd_delange2017	ret_inl_left	True	False
rs55946629	-0.1298	0.018	0.0220486	0.00919557	NA	59957.0	49214.0	52.00012345679013	5.454e-13	0.0164966	ret_inl_left__sys_ibd_delange2017	sys_ibd_delange2017_to_ret_inl_left	sys_ibd_delange2017	ret_inl_left	True	False
rs6873866	-0.0919	0.0128	-0.00504716	0.00633394	NA	59957.0	50885.0	51.547912597656236	6.148e-13	0.425541	ret_inl_left__sys_ibd_delange2017	sys_ibd_delange2017_to_ret_inl_left	sys_ibd_delange2017	ret_inl_left	True	False
rs4072601	0.1264	0.0177	0.0112907	0.00890418	NA	59957.0	50575.0	50.99735069743689	8.433e-13	0.204788	ret_inl_left__sys_ibd_delange2017	sys_ibd_delange2017_to_ret_inl_left	sys_ibd_delange2017	ret_inl_left	True	False
rs1250573	0.098	0.0138	0.00228589	0.00669022	NA	59957.0	50486.0	50.43058181054401	1.107e-12	0.732594	ret_inl_left__sys_ibd_delange2017	sys_ibd_delange2017_to_ret_inl_left	sys_ibd_delange2017	ret_inl_left	True	False
rs11669299	0.1107	0.0157	-0.00210176	0.00785861	NA	59957.0	50454.0	49.715972250395566	1.836e-12	0.789126	ret_inl_left__sys_ibd_delange2017	sys_ibd_delange2017_to_ret_inl_left	sys_ibd_delange2017	ret_inl_left	True	False
rs62324212	-0.0886	0.0127	0.000408966	0.00631115	NA	59957.0	50743.0	48.66984933969868	2.674e-12	0.948333	ret_inl_left__sys_ibd_delange2017	sys_ibd_delange2017_to_ret_inl_left	sys_ibd_delange2017	ret_inl_left	True	False
rs1558619	0.0843	0.0123	-0.00687428	0.00627665	NA	59957.0	50816.0	46.972635336109455	8.897e-12	0.273423	ret_inl_left__sys_ibd_delange2017	sys_ibd_delange2017_to_ret_inl_left	sys_ibd_delange2017	ret_inl_left	True	False
rs194746	-0.0833	0.0124	0.00939065	0.00626219	NA	59957.0	50360.0	45.12805671175858	1.836e-11	0.133724	ret_inl_left__sys_ibd_delange2017	sys_ibd_delange2017_to_ret_inl_left	sys_ibd_delange2017	ret_inl_left	True	False
rs3897234	0.0971	0.0145	0.00261018	0.00748321	NA	59957.0	50646.0	44.8438049940547	1.899e-11	0.727236	ret_inl_left__sys_ibd_delange2017	sys_ibd_delange2017_to_ret_inl_left	sys_ibd_delange2017	ret_inl_left	True	False
rs34140409	0.1583	0.0237	-0.00589492	0.0113071	NA	59957.0	50884.0	44.61338104648472	2.284e-11	0.602126	ret_inl_left__sys_ibd_delange2017	sys_ibd_delange2017_to_ret_inl_left	sys_ibd_delange2017	ret_inl_left	True	False
rs16940202	0.113	0.0169	-0.00610389	0.00851296	NA	59957.0	50885.0	44.70781835369911	2.505e-11	0.473367	ret_inl_left__sys_ibd_delange2017	sys_ibd_delange2017_to_ret_inl_left	sys_ibd_delange2017	ret_inl_left	True	False
rs1336900	0.0848	0.0128	-0.015101	0.00642564	NA	59957.0	50885.0	43.890625	2.984e-11	0.0187676	ret_inl_left__sys_ibd_delange2017	sys_ibd_delange2017_to_ret_inl_left	sys_ibd_delange2017	ret_inl_left	True	False
rs1456896	-0.0879	0.0133	0.00127164	0.00663361	NA	59957.0	50885.0	43.67917915088474	4.504e-11	0.84798	ret_inl_left__sys_ibd_delange2017	sys_ibd_delange2017_to_ret_inl_left	sys_ibd_delange2017	ret_inl_left	True	False
rs76286777	0.0996	0.0151	-0.0193441	0.00764163	NA	59957.0	50684.0	43.50756545765535	4.655e-11	0.0113606	ret_inl_left__sys_ibd_delange2017	sys_ibd_delange2017_to_ret_inl_left	sys_ibd_delange2017	ret_inl_left	True	False
rs11548656	-0.2374	0.0362	0.0136207	0.0167957	NA	59957.0	50885.0	43.00750892829888	5.184e-11	0.417387	ret_inl_left__sys_ibd_delange2017	sys_ibd_delange2017_to_ret_inl_left	sys_ibd_delange2017	ret_inl_left	True	False
rs7543680	0.1001	0.0153	-0.00739802	0.00768754	NA	59957.0	50575.0	42.804092443077444	5.508e-11	0.33588	ret_inl_left__sys_ibd_delange2017	sys_ibd_delange2017_to_ret_inl_left	sys_ibd_delange2017	ret_inl_left	True	False
rs2529269	0.1042	0.0163	-0.00810423	0.00715619	NA	59957.0	48043.0	40.86582106966766	1.697e-10	0.257433	ret_inl_left__sys_ibd_delange2017	sys_ibd_delange2017_to_ret_inl_left	sys_ibd_delange2017	ret_inl_left	True	False
rs3820330	0.0892	0.014	-0.0011931	0.00680764	NA	59957.0	50649.0	40.59510204081632	1.722e-10	0.860876	ret_inl_left__sys_ibd_delange2017	sys_ibd_delange2017_to_ret_inl_left	sys_ibd_delange2017	ret_inl_left	True	False
rs56235845	0.0877	0.0138	-0.00583398	0.00672704	NA	59957.0	49838.0	40.38694601974375	1.771e-10	0.385809	ret_inl_left__sys_ibd_delange2017	sys_ibd_delange2017_to_ret_inl_left	sys_ibd_delange2017	ret_inl_left	True	False
rs10041497	0.0819	0.0129	0.00350101	0.00642964	NA	59957.0	50882.0	40.307733910221735	1.946e-10	0.58609	ret_inl_left__sys_ibd_delange2017	sys_ibd_delange2017_to_ret_inl_left	sys_ibd_delange2017	ret_inl_left	True	False
rs62408218	0.0818	0.0129	-0.00618702	0.00652194	NA	59957.0	50707.0	40.20936241812391	2.402e-10	0.3428	ret_inl_left__sys_ibd_delange2017	sys_ibd_delange2017_to_ret_inl_left	sys_ibd_delange2017	ret_inl_left	True	False
rs243505	-0.0805	0.0128	0.000286469	0.00645998	NA	59957.0	50684.0	39.55230712890625	3.038e-10	0.964629	ret_inl_left__sys_ibd_delange2017	sys_ibd_delange2017_to_ret_inl_left	sys_ibd_delange2017	ret_inl_left	True	False
rs4276914	-0.0783	0.0125	-0.00103759	0.00626238	NA	59957.0	50878.0	39.23769599999999	3.154e-10	0.868404	ret_inl_left__sys_ibd_delange2017	sys_ibd_delange2017_to_ret_inl_left	sys_ibd_delange2017	ret_inl_left	True	False
rs11209013	0.0773	0.0124	-0.00302701	0.00627267	NA	59957.0	50803.0	38.86114724245577	4.46e-10	0.6294	ret_inl_left__sys_ibd_delange2017	sys_ibd_delange2017_to_ret_inl_left	sys_ibd_delange2017	ret_inl_left	True	False
rs62183956	0.078	0.0125	0.0062068	0.00624997	NA	59957.0	50714.0	38.93759999999999	4.489e-10	0.320664	ret_inl_left__sys_ibd_delange2017	sys_ibd_delange2017_to_ret_inl_left	sys_ibd_delange2017	ret_inl_left	True	False
rs2301127	-0.0783	0.0126	-0.00623938	0.00633112	NA	59957.0	49991.0	38.6173469387755	4.961e-10	0.324374	ret_inl_left__sys_ibd_delange2017	sys_ibd_delange2017_to_ret_inl_left	sys_ibd_delange2017	ret_inl_left	True	False
rs56116661	0.1	0.0163	0.0030546	0.00788156	NA	59957.0	50062.0	37.63784862057286	9.271e-10	0.69834	ret_inl_left__sys_ibd_delange2017	sys_ibd_delange2017_to_ret_inl_left	sys_ibd_delange2017	ret_inl_left	True	False
rs12136659	0.087	0.0142	0.0109432	0.00727814	NA	59957.0	48991.0	37.53719500099186	1.02e-09	0.132693	ret_inl_left__sys_ibd_delange2017	sys_ibd_delange2017_to_ret_inl_left	sys_ibd_delange2017	ret_inl_left	True	False
rs140933577	-0.1857	0.0305	0.0105806	0.0164645	NA	59957.0	49065.0	37.070131685030915	1.13e-09	0.520465	ret_inl_left__sys_ibd_delange2017	sys_ibd_delange2017_to_ret_inl_left	sys_ibd_delange2017	ret_inl_left	True	False
rs111456533	0.1031	0.017	0.00955523	0.00849637	NA	59957.0	50737.0	36.780657439446365	1.179e-09	0.260748	ret_inl_left__sys_ibd_delange2017	sys_ibd_delange2017_to_ret_inl_left	sys_ibd_delange2017	ret_inl_left	True	False
rs7256518	0.1665	0.0276	-0.0329599	0.0137099	NA	59957.0	49891.0	36.392367674858235	1.632e-09	0.0162129	ret_inl_left__sys_ibd_delange2017	sys_ibd_delange2017_to_ret_inl_left	sys_ibd_delange2017	ret_inl_left	True	False
rs2593855	0.0832	0.014	0.0179133	0.00662657	NA	59957.0	50509.0	35.31755102040815	2.541e-09	0.00686649	ret_inl_left__sys_ibd_delange2017	sys_ibd_delange2017_to_ret_inl_left	sys_ibd_delange2017	ret_inl_left	True	False
rs11195128	-0.0792	0.0133	0.00547388	0.00662297	NA	59957.0	50231.0	35.46068177963708	2.744e-09	0.408521	ret_inl_left__sys_ibd_delange2017	sys_ibd_delange2017_to_ret_inl_left	sys_ibd_delange2017	ret_inl_left	True	False
rs7532133	0.0789	0.0134	-0.00250792	0.0067288	NA	59957.0	50858.0	34.66924704834039	3.832e-09	0.709361	ret_inl_left__sys_ibd_delange2017	sys_ibd_delange2017_to_ret_inl_left	sys_ibd_delange2017	ret_inl_left	True	False
rs6933404	0.0863	0.0149	-0.0113831	0.00765735	NA	59957.0	50014.0	33.546642043151216	6.641e-09	0.137132	ret_inl_left__sys_ibd_delange2017	sys_ibd_delange2017_to_ret_inl_left	sys_ibd_delange2017	ret_inl_left	True	False
rs78771661	0.3848	0.0669	0.0154261	0.0225941	NA	59957.0	50885.0	33.08399078561357	8.949e-09	0.494766	ret_inl_left__sys_ibd_delange2017	sys_ibd_delange2017_to_ret_inl_left	sys_ibd_delange2017	ret_inl_left	True	False
rs212402	0.0743	0.013	0.00473459	0.00660983	NA	59957.0	49714.0	32.66562130177516	1.059e-08	0.473809	ret_inl_left__sys_ibd_delange2017	sys_ibd_delange2017_to_ret_inl_left	sys_ibd_delange2017	ret_inl_left	True	False
rs4256018	0.0786	0.0138	0.00274716	0.00702872	NA	59957.0	50760.0	32.440453686200385	1.23e-08	0.69591	ret_inl_left__sys_ibd_delange2017	sys_ibd_delange2017_to_ret_inl_left	sys_ibd_delange2017	ret_inl_left	True	False
rs7918084	-0.071	0.0125	0.00528589	0.00632361	NA	59957.0	50342.0	32.262399999999985	1.383e-08	0.403213	ret_inl_left__sys_ibd_delange2017	sys_ibd_delange2017_to_ret_inl_left	sys_ibd_delange2017	ret_inl_left	True	False
rs938650	0.1074	0.0189	0.00175559	0.00937171	NA	59957.0	50743.0	32.29125724363819	1.413e-08	0.851403	ret_inl_left__sys_ibd_delange2017	sys_ibd_delange2017_to_ret_inl_left	sys_ibd_delange2017	ret_inl_left	True	False
rs341295	-0.0702	0.0124	0.012528	0.00638638	NA	59957.0	49073.0	32.050208116545264	1.451e-08	0.0498003	ret_inl_left__sys_ibd_delange2017	sys_ibd_delange2017_to_ret_inl_left	sys_ibd_delange2017	ret_inl_left	True	False
rs5763793	-0.0734	0.013	-0.0113889	0.00654065	NA	59957.0	50725.0	31.879053254437874	1.467e-08	0.0816398	ret_inl_left__sys_ibd_delange2017	sys_ibd_delange2017_to_ret_inl_left	sys_ibd_delange2017	ret_inl_left	True	False
rs62482552	0.0737	0.0131	-0.00267046	0.00660721	NA	59957.0	47274.0	31.651360643319155	1.971e-08	0.686085	ret_inl_left__sys_ibd_delange2017	sys_ibd_delange2017_to_ret_inl_left	sys_ibd_delange2017	ret_inl_left	True	False
rs7190426	-0.0872	0.0155	0.00482696	0.00782653	NA	59957.0	50757.0	31.649698231009367	2.057e-08	0.537404	ret_inl_left__sys_ibd_delange2017	sys_ibd_delange2017_to_ret_inl_left	sys_ibd_delange2017	ret_inl_left	True	False
rs72852162	-0.1129	0.0202	0.0180015	0.0102428	NA	59957.0	49636.0	31.238138417802176	2.298e-08	0.0788345	ret_inl_left__sys_ibd_delange2017	sys_ibd_delange2017_to_ret_inl_left	sys_ibd_delange2017	ret_inl_left	True	False
rs11221335	0.0827	0.0148	-0.003647	0.0076481	NA	59957.0	50737.0	31.22393170197224	2.44e-08	0.633469	ret_inl_left__sys_ibd_delange2017	sys_ibd_delange2017_to_ret_inl_left	sys_ibd_delange2017	ret_inl_left	True	False
rs13422838	-0.1143	0.0205	0.00332204	0.0100534	NA	59957.0	50662.0	31.0874241522903	2.557e-08	0.741067	ret_inl_left__sys_ibd_delange2017	sys_ibd_delange2017_to_ret_inl_left	sys_ibd_delange2017	ret_inl_left	True	False
rs503734	-0.0692	0.0124	0.015649	0.0062929	NA	59957.0	50411.0	31.143600416233095	2.674e-08	0.0128909	ret_inl_left__sys_ibd_delange2017	sys_ibd_delange2017_to_ret_inl_left	sys_ibd_delange2017	ret_inl_left	True	False
rs112936798	-0.1844	0.0332	-0.0190925	0.0187679	NA	59957.0	50885.0	30.84932501088692	2.889e-08	0.309013	ret_inl_left__sys_ibd_delange2017	sys_ibd_delange2017_to_ret_inl_left	sys_ibd_delange2017	ret_inl_left	True	False
rs149169037	0.1338	0.0242	0.00505421	0.0110687	NA	59957.0	50202.0	30.56901850966464	3.261e-08	0.647942	ret_inl_left__sys_ibd_delange2017	sys_ibd_delange2017_to_ret_inl_left	sys_ibd_delange2017	ret_inl_left	True	False
rs11768365	-0.0837	0.0152	-0.0108488	0.00746637	NA	59957.0	50776.0	30.32241170360111	3.879e-08	0.146218	ret_inl_left__sys_ibd_delange2017	sys_ibd_delange2017_to_ret_inl_left	sys_ibd_delange2017	ret_inl_left	True	False
rs11734570	-0.0694	0.0127	0.00578404	0.00645733	NA	59957.0	50094.0	29.86149172298345	4.801e-08	0.370396	ret_inl_left__sys_ibd_delange2017	sys_ibd_delange2017_to_ret_inl_left	sys_ibd_delange2017	ret_inl_left	True	False
rs887595	-0.289382	0.00825258	-0.00904	0.0110605	0.17798	50559.0	184305.0	1229.5991141231693	2.25331e-269	0.4137432	ret_inl_elm_left__sys_cad_nikpay2015	ret_inl_elm_left_to_sys_cad_nikpay2015	ret_inl_elm_left	sys_cad_nikpay2015	False	True
rs3138142	0.179594	0.00736339	0.013291	0.0133091	0.239847	50601.0	184305.0	594.8781807965383	2.17307e-131	0.3179683	ret_inl_elm_left__sys_cad_nikpay2015	ret_inl_elm_left_to_sys_cad_nikpay2015	ret_inl_elm_left	sys_cad_nikpay2015	False	True
rs375646	0.12702	0.00723761	0.01051	0.0106292	0.25524	50664.0	184305.0	308.0022308435278	5.94978e-69	0.3227695	ret_inl_elm_left__sys_cad_nikpay2015	ret_inl_elm_left_to_sys_cad_nikpay2015	ret_inl_elm_left	sys_cad_nikpay2015	False	True
rs118186707	0.287453	0.0189209	-0.012957	0.036286	0.0285994	50473.0	184305.0	230.8076027200531	3.97304e-52	0.7210323	ret_inl_elm_left__sys_cad_nikpay2015	ret_inl_elm_left_to_sys_cad_nikpay2015	ret_inl_elm_left	sys_cad_nikpay2015	False	True
rs17421627	0.176971	0.012019	-0.003859	0.0188437	0.0732777	50950.0	184305.0	216.80412426421287	4.50846e-49	0.837736	ret_inl_elm_left__sys_cad_nikpay2015	ret_inl_elm_left_to_sys_cad_nikpay2015	ret_inl_elm_left	sys_cad_nikpay2015	False	True
rs116350483	-0.286424	0.0246047	-0.058996	0.0449676	0.0165653	50950.0	184305.0	135.51353135289187	2.54994e-31	0.189531	ret_inl_elm_left__sys_cad_nikpay2015	ret_inl_elm_left_to_sys_cad_nikpay2015	ret_inl_elm_left	sys_cad_nikpay2015	False	True
rs62054372	0.0820883	0.00759275	0.039295	0.0141227	0.22156	50298.0	184305.0	116.88649141963712	3.03982e-27	0.0053959	ret_inl_elm_left__sys_cad_nikpay2015	ret_inl_elm_left_to_sys_cad_nikpay2015	ret_inl_elm_left	sys_cad_nikpay2015	False	True
rs9905786	-0.0704186	0.00657502	0.015379	0.0110149	0.35552	50886.0	184305.0	114.70454240759798	9.13434e-27	0.1626528	ret_inl_elm_left__sys_cad_nikpay2015	ret_inl_elm_left_to_sys_cad_nikpay2015	ret_inl_elm_left	sys_cad_nikpay2015	False	True
rs4668035	-0.0883495	0.00831672	-0.000693	0.0113364	0.174116	50564.0	184305.0	112.85064132246973	2.32645e-26	0.9512553	ret_inl_elm_left__sys_cad_nikpay2015	ret_inl_elm_left_to_sys_cad_nikpay2015	ret_inl_elm_left	sys_cad_nikpay2015	False	True
rs9398063	-0.183053	0.0172324	0.053259	0.0228314	0.0345905	50722.0	184305.0	112.83976361342876	2.33921e-26	0.0196634	ret_inl_elm_left__sys_cad_nikpay2015	ret_inl_elm_left_to_sys_cad_nikpay2015	ret_inl_elm_left	sys_cad_nikpay2015	False	True
rs929271	0.0720471	0.00694495	0.021846	0.0099373	0.306468	49103.0	184305.0	107.62043974095238	3.25499e-25	0.0279213	ret_inl_elm_left__sys_cad_nikpay2015	ret_inl_elm_left_to_sys_cad_nikpay2015	ret_inl_elm_left	sys_cad_nikpay2015	False	True
rs9964861	0.0703081	0.00685784	0.001062	0.0106444	0.304415	50528.0	184305.0	105.1080615569125	1.1565e-24	0.9205266	ret_inl_elm_left__sys_cad_nikpay2015	ret_inl_elm_left_to_sys_cad_nikpay2015	ret_inl_elm_left	sys_cad_nikpay2015	False	True
rs148388367	-0.176337	0.0175255	0.023944	0.0275925	0.0337294	50075.0	184305.0	101.2385838449933	8.15729e-24	0.38552	ret_inl_elm_left__sys_cad_nikpay2015	ret_inl_elm_left_to_sys_cad_nikpay2015	ret_inl_elm_left	sys_cad_nikpay2015	False	True
rs9298816	0.0655484	0.00688433	-0.000496	0.0105021	0.311245	49633.0	184305.0	90.65689292854212	1.70868e-21	0.9623311	ret_inl_elm_left__sys_cad_nikpay2015	ret_inl_elm_left_to_sys_cad_nikpay2015	ret_inl_elm_left	sys_cad_nikpay2015	False	True
rs12891131	-0.0594779	0.00631987	-0.002623	0.0092507	0.462987	50941.0	184305.0	88.57169644099329	4.90279e-21	0.7767593	ret_inl_elm_left__sys_cad_nikpay2015	ret_inl_elm_left_to_sys_cad_nikpay2015	ret_inl_elm_left	sys_cad_nikpay2015	False	True
rs56238729	0.0691819	0.00739917	0.028197	0.010438	0.23612	50936.0	184305.0	87.42164198019204	8.76896e-21	0.0069055	ret_inl_elm_left__sys_cad_nikpay2015	ret_inl_elm_left_to_sys_cad_nikpay2015	ret_inl_elm_left	sys_cad_nikpay2015	False	True
rs17370487	-0.0707956	0.00796138	-0.03641	0.0126475	0.192542	50950.0	184305.0	79.07438568702416	5.98155e-19	0.0039916	ret_inl_elm_left__sys_cad_nikpay2015	ret_inl_elm_left_to_sys_cad_nikpay2015	ret_inl_elm_left	sys_cad_nikpay2015	False	True
rs6564760	0.0619204	0.00732262	0.017401	0.0107237	0.243934	50526.0	184305.0	71.50468725430645	2.76598e-17	0.1046617	ret_inl_elm_left__sys_cad_nikpay2015	ret_inl_elm_left_to_sys_cad_nikpay2015	ret_inl_elm_left	sys_cad_nikpay2015	False	True
rs8132685	0.0525259	0.0062841	-0.005598	0.0091345	0.47639	50783.0	184305.0	69.86518770209459	6.3501e-17	0.5399817	ret_inl_elm_left__sys_cad_nikpay2015	ret_inl_elm_left_to_sys_cad_nikpay2015	ret_inl_elm_left	sys_cad_nikpay2015	False	True
rs112109204	0.135048	0.0161913	0.033547	0.038212	0.0401357	49831.0	184305.0	69.5685376381147	7.38311e-17	0.3799883	ret_inl_elm_left__sys_cad_nikpay2015	ret_inl_elm_left_to_sys_cad_nikpay2015	ret_inl_elm_left	sys_cad_nikpay2015	False	True
rs7589104	-0.103489	0.012427	0.023468	0.0199745	0.0689341	50512.0	184305.0	69.35148808107505	8.23923e-17	0.2400351	ret_inl_elm_left__sys_cad_nikpay2015	ret_inl_elm_left_to_sys_cad_nikpay2015	ret_inl_elm_left	sys_cad_nikpay2015	False	True
rs11606813	-0.128155	0.015545	0.024135	0.0211781	0.0427268	50542.0	184305.0	67.96567855532258	1.66419e-16	0.2544439	ret_inl_elm_left__sys_cad_nikpay2015	ret_inl_elm_left_to_sys_cad_nikpay2015	ret_inl_elm_left	sys_cad_nikpay2015	False	True
rs9639276	0.0681921	0.00828562	-0.005723	0.0122565	0.173778	50950.0	184305.0	67.73577539820118	1.86937e-16	0.6405451	ret_inl_elm_left__sys_cad_nikpay2015	ret_inl_elm_left_to_sys_cad_nikpay2015	ret_inl_elm_left	sys_cad_nikpay2015	False	True
rs1232180	-0.0561765	0.00685878	0.000544	0.010526	0.300964	50923.0	184305.0	67.08348397757636	2.60238e-16	0.9587826	ret_inl_elm_left__sys_cad_nikpay2015	ret_inl_elm_left_to_sys_cad_nikpay2015	ret_inl_elm_left	sys_cad_nikpay2015	False	True
rs11662962	0.0765031	0.00941261	-0.02251	0.0132265	0.127697	50796.0	184305.0	66.05990398334562	4.37412e-16	0.0887772	ret_inl_elm_left__sys_cad_nikpay2015	ret_inl_elm_left_to_sys_cad_nikpay2015	ret_inl_elm_left	sys_cad_nikpay2015	False	True
rs9837054	0.0713577	0.00879912	0.016859	0.0117144	0.150461	50857.0	184305.0	65.76626919341254	5.07693e-16	0.1501034	ret_inl_elm_left__sys_cad_nikpay2015	ret_inl_elm_left_to_sys_cad_nikpay2015	ret_inl_elm_left	sys_cad_nikpay2015	False	True
rs1513617	0.0537479	0.0066616	-0.003033	0.010311	0.335916	50852.0	184305.0	65.09773793543343	7.12773e-16	0.7686408	ret_inl_elm_left__sys_cad_nikpay2015	ret_inl_elm_left_to_sys_cad_nikpay2015	ret_inl_elm_left	sys_cad_nikpay2015	False	True
rs62391698	-0.0629046	0.00782054	-0.001644	0.012087	0.199984	50894.0	184305.0	64.69807020284303	8.73002e-16	0.8918104	ret_inl_elm_left__sys_cad_nikpay2015	ret_inl_elm_left_to_sys_cad_nikpay2015	ret_inl_elm_left	sys_cad_nikpay2015	False	True
rs2240093	-0.0568478	0.00706965	0.012679	0.0096885	0.279804	49876.0	184305.0	64.659374254273	8.90305e-16	0.1906485	ret_inl_elm_left__sys_cad_nikpay2015	ret_inl_elm_left_to_sys_cad_nikpay2015	ret_inl_elm_left	sys_cad_nikpay2015	False	True
rs113958504	-0.0733692	0.00917928	-0.01312	0.0133949	0.136872	50295.0	184305.0	63.8866818358759	1.31785e-15	0.327344	ret_inl_elm_left__sys_cad_nikpay2015	ret_inl_elm_left_to_sys_cad_nikpay2015	ret_inl_elm_left	sys_cad_nikpay2015	False	True
rs28896238	0.0686786	0.00889135	0.069336	0.0137545	0.147131	50720.0	184305.0	59.66332528715198	1.12552e-14	4.63e-07	ret_inl_elm_left__sys_cad_nikpay2015	ret_inl_elm_left_to_sys_cad_nikpay2015	ret_inl_elm_left	sys_cad_nikpay2015	False	True
rs30373	0.050917	0.00664372	0.016988	0.0103468	0.365385	48832.0	184305.0	58.73581146408048	1.80322e-14	0.1006189	ret_inl_elm_left__sys_cad_nikpay2015	ret_inl_elm_left_to_sys_cad_nikpay2015	ret_inl_elm_left	sys_cad_nikpay2015	False	True
rs7752728	-0.0585254	0.00768777	0.006644	0.0109964	0.210546	50711.0	184305.0	57.954614009649504	2.68241e-14	0.5457119	ret_inl_elm_left__sys_cad_nikpay2015	ret_inl_elm_left_to_sys_cad_nikpay2015	ret_inl_elm_left	sys_cad_nikpay2015	False	True
rs7179450	-0.0469008	0.00631288	-0.007034	0.0103272	0.493144	50245.0	184305.0	55.19572386856449	1.0911e-13	0.4958013	ret_inl_elm_left__sys_cad_nikpay2015	ret_inl_elm_left_to_sys_cad_nikpay2015	ret_inl_elm_left	sys_cad_nikpay2015	False	True
rs2930972	0.0581167	0.0081671	-0.001413	0.0126703	0.182466	50393.0	184305.0	50.636787540304056	1.11144e-12	0.9112038	ret_inl_elm_left__sys_cad_nikpay2015	ret_inl_elm_left_to_sys_cad_nikpay2015	ret_inl_elm_left	sys_cad_nikpay2015	False	True
rs9585141	-0.045004	0.00637667	-0.001805	0.0092714	0.479296	49484.0	184305.0	49.809748324967536	1.69394e-12	0.8456395	ret_inl_elm_left__sys_cad_nikpay2015	ret_inl_elm_left_to_sys_cad_nikpay2015	ret_inl_elm_left	sys_cad_nikpay2015	False	True
rs4490572	0.0457642	0.00649001	0.00737	0.009216	0.460809	47945.0	184305.0	49.723422962783246	1.77016e-12	0.423886	ret_inl_elm_left__sys_cad_nikpay2015	ret_inl_elm_left_to_sys_cad_nikpay2015	ret_inl_elm_left	sys_cad_nikpay2015	False	True
rs10869406	0.0457603	0.00650894	-0.010504	0.0095364	0.37726	50497.0	184305.0	49.4261962896491	2.05963e-12	0.2706966	ret_inl_elm_left__sys_cad_nikpay2015	ret_inl_elm_left_to_sys_cad_nikpay2015	ret_inl_elm_left	sys_cad_nikpay2015	False	True
rs7183832	0.0446401	0.00651023	-0.011272	0.0099644	0.405276	48826.0	184305.0	47.01729650299733	7.03653e-12	0.2579609	ret_inl_elm_left__sys_cad_nikpay2015	ret_inl_elm_left_to_sys_cad_nikpay2015	ret_inl_elm_left	sys_cad_nikpay2015	False	True
rs7325207	0.058484	0.00856916	0.018458	0.0115102	0.159962	50787.0	184305.0	46.57980146317633	8.79606e-12	0.1087977	ret_inl_elm_left__sys_cad_nikpay2015	ret_inl_elm_left_to_sys_cad_nikpay2015	ret_inl_elm_left	sys_cad_nikpay2015	False	True
rs1947075	0.0450304	0.00661788	0.005904	0.0095582	0.351901	50068.0	184305.0	46.29923695692368	1.01502e-11	0.5367783	ret_inl_elm_left__sys_cad_nikpay2015	ret_inl_elm_left_to_sys_cad_nikpay2015	ret_inl_elm_left	sys_cad_nikpay2015	False	True
rs4134898	-0.0635832	0.00940508	0.002942	0.015121	0.128996	50482.0	184305.0	45.70458546897417	1.37507e-11	0.8457343	ret_inl_elm_left__sys_cad_nikpay2015	ret_inl_elm_left_to_sys_cad_nikpay2015	ret_inl_elm_left	sys_cad_nikpay2015	False	True
rs729257	0.0434323	0.00644744	0.019323	0.0093648	0.397262	50468.0	184305.0	45.37859428145894	1.62397e-11	0.039078	ret_inl_elm_left__sys_cad_nikpay2015	ret_inl_elm_left_to_sys_cad_nikpay2015	ret_inl_elm_left	sys_cad_nikpay2015	False	True
rs7742431	-0.0423741	0.00630325	-0.030397	0.0093409	0.498553	50802.0	184305.0	45.193076769071126	1.78534e-11	0.0011372	ret_inl_elm_left__sys_cad_nikpay2015	ret_inl_elm_left_to_sys_cad_nikpay2015	ret_inl_elm_left	sys_cad_nikpay2015	False	True
rs34926272	-0.140361	0.0210313	0.0172	0.0222513	0.023696	49692.0	184305.0	44.541072541029955	2.49095e-11	0.4395295	ret_inl_elm_left__sys_cad_nikpay2015	ret_inl_elm_left_to_sys_cad_nikpay2015	ret_inl_elm_left	sys_cad_nikpay2015	False	True
rs142963458	0.121736	0.0183321	0.005107	0.0299161	0.0310611	49789.0	184305.0	44.097464571367354	3.12487e-11	0.8644512	ret_inl_elm_left__sys_cad_nikpay2015	ret_inl_elm_left_to_sys_cad_nikpay2015	ret_inl_elm_left	sys_cad_nikpay2015	False	True
rs2177599	0.0417856	0.00629885	0.023384	0.0095658	0.479312	50874.0	184305.0	44.00791090422121	3.27058e-11	0.0145032	ret_inl_elm_left__sys_cad_nikpay2015	ret_inl_elm_left_to_sys_cad_nikpay2015	ret_inl_elm_left	sys_cad_nikpay2015	False	True
rs58628422	0.0452996	0.0069654	0.017165	0.0099449	0.286687	50583.0	184305.0	42.29573838917441	7.84636e-11	0.0843448	ret_inl_elm_left__sys_cad_nikpay2015	ret_inl_elm_left_to_sys_cad_nikpay2015	ret_inl_elm_left	sys_cad_nikpay2015	False	True
rs11070445	0.0446213	0.00687334	-0.025603	0.0096396	0.300024	50766.0	184305.0	42.14526441181533	8.47424e-11	0.007907	ret_inl_elm_left__sys_cad_nikpay2015	ret_inl_elm_left_to_sys_cad_nikpay2015	ret_inl_elm_left	sys_cad_nikpay2015	False	True
rs4298013	0.0410886	0.00636003	0.019363	0.009178	0.428495	50388.0	184305.0	41.737300813072224	1.04396e-10	0.0348818	ret_inl_elm_left__sys_cad_nikpay2015	ret_inl_elm_left_to_sys_cad_nikpay2015	ret_inl_elm_left	sys_cad_nikpay2015	False	True
rs16956241	0.0496179	0.00769353	4.2e-05	0.0110844	0.211216	50801.0	184305.0	41.593498942762004	1.1236e-10	0.9969767	ret_inl_elm_left__sys_cad_nikpay2015	ret_inl_elm_left_to_sys_cad_nikpay2015	ret_inl_elm_left	sys_cad_nikpay2015	False	True
rs12193446	0.0687205	0.0106791	-0.017365	0.0184548	0.0954858	50950.0	184305.0	41.409817337146485	1.2342e-10	0.3467311	ret_inl_elm_left__sys_cad_nikpay2015	ret_inl_elm_left_to_sys_cad_nikpay2015	ret_inl_elm_left	sys_cad_nikpay2015	False	True
rs17384293	-0.0583194	0.00922212	0.018669	0.0139217	0.13277	50919.0	184305.0	39.99121108275047	2.55117e-10	0.1799217	ret_inl_elm_left__sys_cad_nikpay2015	ret_inl_elm_left_to_sys_cad_nikpay2015	ret_inl_elm_left	sys_cad_nikpay2015	False	True
rs9513095	-0.0429941	0.00680134	0.041675	0.0100513	0.305649	50913.0	184305.0	39.96030117925156	2.59172e-10	3.38e-05	ret_inl_elm_left__sys_cad_nikpay2015	ret_inl_elm_left_to_sys_cad_nikpay2015	ret_inl_elm_left	sys_cad_nikpay2015	False	True
rs4752581	0.0428542	0.00679602	-0.003842	0.0097352	0.321782	49678.0	184305.0	39.762848426475	2.86742e-10	0.6931016	ret_inl_elm_left__sys_cad_nikpay2015	ret_inl_elm_left_to_sys_cad_nikpay2015	ret_inl_elm_left	sys_cad_nikpay2015	False	True
rs6751857	0.0393776	0.0063059	-0.035279	0.0093898	0.445486	50950.0	184305.0	38.99458721956453	4.24957e-10	0.0001718	ret_inl_elm_left__sys_cad_nikpay2015	ret_inl_elm_left_to_sys_cad_nikpay2015	ret_inl_elm_left	sys_cad_nikpay2015	False	True
rs12531825	0.0603069	0.00970358	0.002859	0.0133417	0.120465	50330.0	184305.0	38.625136567009754	5.13524e-10	0.8303201	ret_inl_elm_left__sys_cad_nikpay2015	ret_inl_elm_left_to_sys_cad_nikpay2015	ret_inl_elm_left	sys_cad_nikpay2015	False	True
rs8068292	0.0435431	0.00701134	0.028686	0.0100144	0.279891	50868.0	184305.0	38.56884506090529	5.28576e-10	0.004177	ret_inl_elm_left__sys_cad_nikpay2015	ret_inl_elm_left_to_sys_cad_nikpay2015	ret_inl_elm_left	sys_cad_nikpay2015	False	True
rs61817379	-0.0447674	0.00723644	0.010184	0.010626	0.281705	47161.0	184305.0	38.27135275237602	6.1558e-10	0.3378578	ret_inl_elm_left__sys_cad_nikpay2015	ret_inl_elm_left_to_sys_cad_nikpay2015	ret_inl_elm_left	sys_cad_nikpay2015	False	True
rs11620670	-0.0389733	0.00638131	-0.006358	0.0095028	0.416964	50936.0	184305.0	37.300501877178654	1.01265e-09	0.5034516	ret_inl_elm_left__sys_cad_nikpay2015	ret_inl_elm_left_to_sys_cad_nikpay2015	ret_inl_elm_left	sys_cad_nikpay2015	False	True
rs2076765	0.0416143	0.00683007	-0.029119	0.010878	0.304165	50706.0	184305.0	37.1223001606616	1.10945e-09	0.0074313	ret_inl_elm_left__sys_cad_nikpay2015	ret_inl_elm_left_to_sys_cad_nikpay2015	ret_inl_elm_left	sys_cad_nikpay2015	False	True
rs9379084	0.0634363	0.0105325	0.016634	0.0158629	0.104872	48497.0	184305.0	36.27544535416442	1.71327e-09	0.294358	ret_inl_elm_left__sys_cad_nikpay2015	ret_inl_elm_left_to_sys_cad_nikpay2015	ret_inl_elm_left	sys_cad_nikpay2015	False	True
rs920221	0.0379773	0.00631126	0.010136	0.0092703	0.496469	50550.0	184305.0	36.20895798237369	1.77256e-09	0.2742249	ret_inl_elm_left__sys_cad_nikpay2015	ret_inl_elm_left_to_sys_cad_nikpay2015	ret_inl_elm_left	sys_cad_nikpay2015	False	True
rs11689553	-0.0439992	0.00734079	-0.011174	0.0133558	0.243003	50950.0	184305.0	35.92559418211562	2.05002e-09	0.4027944	ret_inl_elm_left__sys_cad_nikpay2015	ret_inl_elm_left_to_sys_cad_nikpay2015	ret_inl_elm_left	sys_cad_nikpay2015	False	True
rs75159625	0.0402917	0.00680195	0.00583	0.0151699	0.313597	50533.0	184305.0	35.08846041297528	3.15067e-09	0.7007455	ret_inl_elm_left__sys_cad_nikpay2015	ret_inl_elm_left_to_sys_cad_nikpay2015	ret_inl_elm_left	sys_cad_nikpay2015	False	True
rs4855836	-0.0374804	0.00634549	0.031319	0.0095701	0.431151	50930.0	184305.0	34.88816328004119	3.4921e-09	0.0010657	ret_inl_elm_left__sys_cad_nikpay2015	ret_inl_elm_left_to_sys_cad_nikpay2015	ret_inl_elm_left	sys_cad_nikpay2015	False	True
rs919655	0.057172	0.00968628	-0.009824	0.0153046	0.120786	50403.0	184305.0	34.83796127787565	3.58306e-09	0.5209383	ret_inl_elm_left__sys_cad_nikpay2015	ret_inl_elm_left_to_sys_cad_nikpay2015	ret_inl_elm_left	sys_cad_nikpay2015	False	True
rs575770	-0.0505091	0.00862259	-0.00166	0.0132428	0.158741	50529.0	184305.0	34.313402763462605	4.69148e-09	0.9002457	ret_inl_elm_left__sys_cad_nikpay2015	ret_inl_elm_left_to_sys_cad_nikpay2015	ret_inl_elm_left	sys_cad_nikpay2015	False	True
rs63338061	0.0386406	0.00661825	0.004154	0.0103229	0.362173	49486.0	184305.0	34.087989400423965	5.26786e-09	0.687385	ret_inl_elm_left__sys_cad_nikpay2015	ret_inl_elm_left_to_sys_cad_nikpay2015	ret_inl_elm_left	sys_cad_nikpay2015	False	True
rs13162470	-0.0366625	0.0063311	0.006266	0.0094843	0.495997	50208.0	184305.0	33.5340343935285	7.00282e-09	0.5088232	ret_inl_elm_left__sys_cad_nikpay2015	ret_inl_elm_left_to_sys_cad_nikpay2015	ret_inl_elm_left	sys_cad_nikpay2015	False	True
rs11221653	0.0365966	0.00642138	0.006834	0.0098949	0.391698	50950.0	184305.0	32.48065184096006	1.20384e-08	0.4897803	ret_inl_elm_left__sys_cad_nikpay2015	ret_inl_elm_left_to_sys_cad_nikpay2015	ret_inl_elm_left	sys_cad_nikpay2015	False	True
rs4680287	-0.0399188	0.00702759	-0.004508	0.0104098	0.273859	50778.0	184305.0	32.2657766040493	1.34459e-08	0.664976	ret_inl_elm_left__sys_cad_nikpay2015	ret_inl_elm_left_to_sys_cad_nikpay2015	ret_inl_elm_left	sys_cad_nikpay2015	False	True
rs12547986	0.0387887	0.00689631	0.003398	0.0098362	0.294916	50428.0	184305.0	31.635659903577007	1.85986e-08	0.7297509	ret_inl_elm_left__sys_cad_nikpay2015	ret_inl_elm_left_to_sys_cad_nikpay2015	ret_inl_elm_left	sys_cad_nikpay2015	False	True
rs34733940	0.0457563	0.00823352	-0.028132	0.0129137	0.176951	50771.0	184305.0	30.88379833815931	2.73956e-08	0.0293714	ret_inl_elm_left__sys_cad_nikpay2015	ret_inl_elm_left_to_sys_cad_nikpay2015	ret_inl_elm_left	sys_cad_nikpay2015	False	True
rs11218350	0.0418793	0.00755618	-0.000346	0.0104522	0.223385	50657.0	184305.0	30.718092090253265	2.98367e-08	0.9735923	ret_inl_elm_left__sys_cad_nikpay2015	ret_inl_elm_left_to_sys_cad_nikpay2015	ret_inl_elm_left	sys_cad_nikpay2015	False	True
rs1225379	0.0355206	0.00642776	0.005284	0.010425	0.48939	48304.0	184305.0	30.538048522871183	3.27392e-08	0.6122544	ret_inl_elm_left__sys_cad_nikpay2015	ret_inl_elm_left_to_sys_cad_nikpay2015	ret_inl_elm_left	sys_cad_nikpay2015	False	True
rs17407001	-0.0503814	0.00912557	-0.01044	0.0158542	0.138883	50215.0	184305.0	30.480385919668453	3.37261e-08	0.5102173	ret_inl_elm_left__sys_cad_nikpay2015	ret_inl_elm_left_to_sys_cad_nikpay2015	ret_inl_elm_left	sys_cad_nikpay2015	False	True
rs2891168	-0.193401	0.0091877	0.00686898	0.00627972	0.511332	184305.0	50926.0	443.1021105119655	2.29e-98	0.274027	ret_inl_elm_left__sys_cad_nikpay2015	sys_cad_nikpay2015_to_ret_inl_elm_left	sys_cad_nikpay2015	ret_inl_elm_left	True	False
rs9349379	-0.131836	0.0096527	0.0152632	0.00640724	0.568394	184305.0	50950.0	186.5393322937254	1.81e-42	0.0172107	ret_inl_elm_left__sys_cad_nikpay2015	sys_cad_nikpay2015_to_ret_inl_elm_left	sys_cad_nikpay2015	ret_inl_elm_left	True	False
rs55730499	-0.316641	0.0242403	0.00672672	0.0115522	0.943757	184305.0	50883.0	170.631149325991	5.39e-39	0.560371	ret_inl_elm_left__sys_cad_nikpay2015	sys_cad_nikpay2015_to_ret_inl_elm_left	sys_cad_nikpay2015	ret_inl_elm_left	True	False
rs7528419	0.11453	0.011482	0.00057452	0.00756023	0.78582	184305.0	50950.0	99.49549943458682	1.97e-23	0.939425	ret_inl_elm_left__sys_cad_nikpay2015	sys_cad_nikpay2015_to_ret_inl_elm_left	sys_cad_nikpay2015	ret_inl_elm_left	True	False
rs115654617	-0.137846	0.0158314	-0.0279193	0.00939047	0.893038	184305.0	50950.0	75.8140491677371	3.12e-18	0.00294759	ret_inl_elm_left__sys_cad_nikpay2015	sys_cad_nikpay2015_to_ret_inl_elm_left	sys_cad_nikpay2015	ret_inl_elm_left	True	False
rs4468572	0.077234	0.0095277	-0.00500016	0.00639668	0.585831	184305.0	50203.0	65.71142838249757	4.44e-16	0.434403	ret_inl_elm_left__sys_cad_nikpay2015	sys_cad_nikpay2015_to_ret_inl_elm_left	sys_cad_nikpay2015	ret_inl_elm_left	True	False
rs10080815	-0.246627	0.0308579	-0.00503618	0.0225205	0.972442	184305.0	50950.0	63.87758752148254	1.33e-15	0.823048	ret_inl_elm_left__sys_cad_nikpay2015	sys_cad_nikpay2015_to_ret_inl_elm_left	sys_cad_nikpay2015	ret_inl_elm_left	True	False
rs28451064	-0.127571	0.015952	-0.00863094	0.00972033	0.878814	184305.0	48993.0	63.954872551612944	1.33e-15	0.374581	ret_inl_elm_left__sys_cad_nikpay2015	sys_cad_nikpay2015_to_ret_inl_elm_left	sys_cad_nikpay2015	ret_inl_elm_left	True	False
rs56289821	0.13361	0.0170415	-0.0107342	0.00958146	0.899622	184305.0	50948.0	61.46986936967773	4.44e-15	0.262582	ret_inl_elm_left__sys_cad_nikpay2015	sys_cad_nikpay2015_to_ret_inl_elm_left	sys_cad_nikpay2015	ret_inl_elm_left	True	False
rs1870634	0.075878	0.0097113	0.00745554	0.00665521	0.637485	184305.0	50895.0	61.048782809156116	5.55e-15	0.262605	ret_inl_elm_left__sys_cad_nikpay2015	sys_cad_nikpay2015_to_ret_inl_elm_left	sys_cad_nikpay2015	ret_inl_elm_left	True	False
rs9970807	0.12575	0.016695	-0.0273881	0.0109355	0.915097	184305.0	50894.0	56.73396555594931	5e-14	0.0122621	ret_inl_elm_left__sys_cad_nikpay2015	sys_cad_nikpay2015_to_ret_inl_elm_left	sys_cad_nikpay2015	ret_inl_elm_left	True	False
rs1412444	-0.066812	0.0096809	-0.000437664	0.00664037	0.630869	184305.0	50950.0	47.6296594989335	5.15e-12	0.94745	ret_inl_elm_left__sys_cad_nikpay2015	sys_cad_nikpay2015_to_ret_inl_elm_left	sys_cad_nikpay2015	ret_inl_elm_left	True	False
rs2519093	-0.079704	0.0117524	-0.0129291	0.00802653	0.809128	184305.0	50913.0	45.99462746279435	1.19e-11	0.107224	ret_inl_elm_left__sys_cad_nikpay2015	sys_cad_nikpay2015_to_ret_inl_elm_left	sys_cad_nikpay2015	ret_inl_elm_left	True	False
rs12202017	0.066813	0.0099612	0.00624887	0.00692631	0.699953	184305.0	50644.0	44.988200858289325	1.98e-11	0.366954	ret_inl_elm_left__sys_cad_nikpay2015	sys_cad_nikpay2015_to_ret_inl_elm_left	sys_cad_nikpay2015	ret_inl_elm_left	True	False
rs2487928	-0.062633	0.0095049	0.00780293	0.00640425	0.581779	184305.0	49861.0	43.42215007492742	4.41e-11	0.223073	ret_inl_elm_left__sys_cad_nikpay2015	sys_cad_nikpay2015_to_ret_inl_elm_left	sys_cad_nikpay2015	ret_inl_elm_left	True	False
rs2681472	-0.074114	0.0113331	-0.0058397	0.00838307	0.798694	184305.0	50950.0	42.76643652718264	6.17e-11	0.486049	ret_inl_elm_left__sys_cad_nikpay2015	sys_cad_nikpay2015_to_ret_inl_elm_left	sys_cad_nikpay2015	ret_inl_elm_left	True	False
rs2128739	-0.065565	0.0100568	-0.00271198	0.00700928	0.676464	184305.0	50715.0	42.50348143656117	7.05e-11	0.698821	ret_inl_elm_left__sys_cad_nikpay2015	sys_cad_nikpay2015_to_ret_inl_elm_left	sys_cad_nikpay2015	ret_inl_elm_left	True	False
rs4420638	-0.091906	0.0140977	-0.00512621	0.00803731	0.833964	184305.0	50950.0	42.50022220001871	7.07e-11	0.523603	ret_inl_elm_left__sys_cad_nikpay2015	sys_cad_nikpay2015_to_ret_inl_elm_left	sys_cad_nikpay2015	ret_inl_elm_left	True	False
rs2107595	-0.073415	0.0112951	-0.0192367	0.00877335	0.79953	184305.0	50602.0	42.24637461186516	8.05e-11	0.0283338	ret_inl_elm_left__sys_cad_nikpay2015	sys_cad_nikpay2015_to_ret_inl_elm_left	sys_cad_nikpay2015	ret_inl_elm_left	True	False
rs11838776	-0.068566	0.0107552	-0.00120536	0.00714792	0.736723	184305.0	49170.0	40.642521779048685	1.83e-10	0.866087	ret_inl_elm_left__sys_cad_nikpay2015	sys_cad_nikpay2015_to_ret_inl_elm_left	sys_cad_nikpay2015	ret_inl_elm_left	True	False
rs3918226	-0.133315	0.0221275	-0.0120662	0.0118091	0.935485	184305.0	50107.0	36.29888919993962	1.69e-09	0.306893	ret_inl_elm_left__sys_cad_nikpay2015	sys_cad_nikpay2015_to_ret_inl_elm_left	sys_cad_nikpay2015	ret_inl_elm_left	True	False
rs6689306	-0.056012	0.0094061	-0.00063574	0.00662567	0.552455	184305.0	47410.0	35.460346672296524	2.6e-09	0.92356	ret_inl_elm_left__sys_cad_nikpay2015	sys_cad_nikpay2015_to_ret_inl_elm_left	sys_cad_nikpay2015	ret_inl_elm_left	True	False
rs1199338	-0.073596	0.0124987	0.00828689	0.0085507	0.838134	184305.0	50703.0	34.67198718072137	3.9e-09	0.332472	ret_inl_elm_left__sys_cad_nikpay2015	sys_cad_nikpay2015_to_ret_inl_elm_left	sys_cad_nikpay2015	ret_inl_elm_left	True	False
rs56062135	0.069743	0.0118937	-0.00954832	0.00737435	0.794271	184305.0	50836.0	34.38486230152041	4.52e-09	0.195388	ret_inl_elm_left__sys_cad_nikpay2015	sys_cad_nikpay2015_to_ret_inl_elm_left	sys_cad_nikpay2015	ret_inl_elm_left	True	False
rs11191416	0.079249	0.0135252	-0.00427201	0.0111877	0.87253	184305.0	50938.0	34.33208585752941	4.65e-09	0.702574	ret_inl_elm_left__sys_cad_nikpay2015	sys_cad_nikpay2015_to_ret_inl_elm_left	sys_cad_nikpay2015	ret_inl_elm_left	True	False
rs10840293	0.054714	0.009619	0.0068168	0.00638493	0.549821	184305.0	49852.0	32.35467805346482	1.28e-08	0.285683	ret_inl_elm_left__sys_cad_nikpay2015	sys_cad_nikpay2015_to_ret_inl_elm_left	sys_cad_nikpay2015	ret_inl_elm_left	True	False
rs16986953	-0.08516	0.0150265	0.00412197	0.0126487	0.895294	184305.0	50501.0	32.11852806644818	1.45e-08	0.744515	ret_inl_elm_left__sys_cad_nikpay2015	sys_cad_nikpay2015_to_ret_inl_elm_left	sys_cad_nikpay2015	ret_inl_elm_left	True	False
rs56336142	0.066813	0.0118763	0.00366113	0.00776519	0.807262	184305.0	50077.0	31.648973320949015	1.85e-08	0.637298	ret_inl_elm_left__sys_cad_nikpay2015	sys_cad_nikpay2015_to_ret_inl_elm_left	sys_cad_nikpay2015	ret_inl_elm_left	True	False
rs663129	-0.058163	0.0105173	0.00111009	0.00739164	0.743165	184305.0	50944.0	30.583351330344364	3.2e-08	0.880621	ret_inl_elm_left__sys_cad_nikpay2015	sys_cad_nikpay2015_to_ret_inl_elm_left	sys_cad_nikpay2015	ret_inl_elm_left	True	False
rs17087335	-0.060764	0.0111159	-0.0122625	0.00805942	0.785363	184305.0	50679.0	29.88157247129896	4.59e-08	0.12813	ret_inl_elm_left__sys_cad_nikpay2015	sys_cad_nikpay2015_to_ret_inl_elm_left	sys_cad_nikpay2015	ret_inl_elm_left	True	False
rs887595	-0.289382	0.00825258	0.0067	0.0129	0.17798	50559.0	440328.0	1229.5991141231693	2.25331e-269	0.6015	ret_inl_elm_left__sys_stroke_megastroke2018	ret_inl_elm_left_to_sys_stroke_megastroke2018	ret_inl_elm_left	sys_stroke_megastroke2018	False	True
rs3138142	0.179594	0.00736339	0.0169	0.0135	0.239847	50601.0	440328.0	594.8781807965383	2.17307e-131	0.2114	ret_inl_elm_left__sys_stroke_megastroke2018	ret_inl_elm_left_to_sys_stroke_megastroke2018	ret_inl_elm_left	sys_stroke_megastroke2018	False	True
rs375646	0.12702	0.00723761	-0.0088	0.0117	0.25524	50664.0	440328.0	308.0022308435278	5.94978e-69	0.4528	ret_inl_elm_left__sys_stroke_megastroke2018	ret_inl_elm_left_to_sys_stroke_megastroke2018	ret_inl_elm_left	sys_stroke_megastroke2018	False	True
rs118186707	0.287453	0.0189209	0.0043	0.0304	0.0285994	50473.0	440328.0	230.8076027200531	3.97304e-52	0.8887	ret_inl_elm_left__sys_stroke_megastroke2018	ret_inl_elm_left_to_sys_stroke_megastroke2018	ret_inl_elm_left	sys_stroke_megastroke2018	False	True
rs17421627	0.176971	0.012019	-0.0036	0.0208	0.0732777	50950.0	440328.0	216.80412426421287	4.50846e-49	0.8639	ret_inl_elm_left__sys_stroke_megastroke2018	ret_inl_elm_left_to_sys_stroke_megastroke2018	ret_inl_elm_left	sys_stroke_megastroke2018	False	True
rs116350483	-0.286424	0.0246047	-0.0534	0.0456	0.0165653	50950.0	440328.0	135.51353135289187	2.54994e-31	0.2414	ret_inl_elm_left__sys_stroke_megastroke2018	ret_inl_elm_left_to_sys_stroke_megastroke2018	ret_inl_elm_left	sys_stroke_megastroke2018	False	True
rs9905786	-0.0704186	0.00657502	0.0037	0.0108	0.35552	50886.0	440328.0	114.70454240759798	9.13434e-27	0.7317	ret_inl_elm_left__sys_stroke_megastroke2018	ret_inl_elm_left_to_sys_stroke_megastroke2018	ret_inl_elm_left	sys_stroke_megastroke2018	False	True
rs4668035	-0.0883495	0.00831672	0.0046	0.0126	0.174116	50564.0	440328.0	112.85064132246973	2.32645e-26	0.7151	ret_inl_elm_left__sys_stroke_megastroke2018	ret_inl_elm_left_to_sys_stroke_megastroke2018	ret_inl_elm_left	sys_stroke_megastroke2018	False	True
rs9398063	-0.183053	0.0172324	0.0019	0.0269	0.0345905	50722.0	440328.0	112.83976361342876	2.33921e-26	0.9438	ret_inl_elm_left__sys_stroke_megastroke2018	ret_inl_elm_left_to_sys_stroke_megastroke2018	ret_inl_elm_left	sys_stroke_megastroke2018	False	True
rs929271	0.0720471	0.00694495	-0.0073	0.0108	0.306468	49103.0	440328.0	107.62043974095238	3.25499e-25	0.4988	ret_inl_elm_left__sys_stroke_megastroke2018	ret_inl_elm_left_to_sys_stroke_megastroke2018	ret_inl_elm_left	sys_stroke_megastroke2018	False	True
rs9964861	0.0703081	0.00685784	-0.0003	0.0109	0.304415	50528.0	440328.0	105.1080615569125	1.1565e-24	0.9769	ret_inl_elm_left__sys_stroke_megastroke2018	ret_inl_elm_left_to_sys_stroke_megastroke2018	ret_inl_elm_left	sys_stroke_megastroke2018	False	True
rs148388367	-0.176337	0.0175255	0.0509	0.0295	0.0337294	50075.0	440328.0	101.2385838449933	8.15729e-24	0.08426	ret_inl_elm_left__sys_stroke_megastroke2018	ret_inl_elm_left_to_sys_stroke_megastroke2018	ret_inl_elm_left	sys_stroke_megastroke2018	False	True
rs9298816	0.0655484	0.00688433	-0.0022	0.0108	0.311245	49633.0	440328.0	90.65689292854212	1.70868e-21	0.8387	ret_inl_elm_left__sys_stroke_megastroke2018	ret_inl_elm_left_to_sys_stroke_megastroke2018	ret_inl_elm_left	sys_stroke_megastroke2018	False	True
rs12891131	-0.0594779	0.00631987	-0.0081	0.01	0.462987	50941.0	440328.0	88.57169644099329	4.90279e-21	0.4171	ret_inl_elm_left__sys_stroke_megastroke2018	ret_inl_elm_left_to_sys_stroke_megastroke2018	ret_inl_elm_left	sys_stroke_megastroke2018	False	True
rs56238729	0.0691819	0.00739917	0.0036	0.0114	0.23612	50936.0	440328.0	87.42164198019204	8.76896e-21	0.7553	ret_inl_elm_left__sys_stroke_megastroke2018	ret_inl_elm_left_to_sys_stroke_megastroke2018	ret_inl_elm_left	sys_stroke_megastroke2018	False	True
rs17370487	-0.0707956	0.00796138	0.0178	0.0128	0.192542	50950.0	440328.0	79.07438568702416	5.98155e-19	0.1644	ret_inl_elm_left__sys_stroke_megastroke2018	ret_inl_elm_left_to_sys_stroke_megastroke2018	ret_inl_elm_left	sys_stroke_megastroke2018	False	True
rs6564760	0.0619204	0.00732262	-0.003	0.0117	0.243934	50526.0	440328.0	71.50468725430645	2.76598e-17	0.7996	ret_inl_elm_left__sys_stroke_megastroke2018	ret_inl_elm_left_to_sys_stroke_megastroke2018	ret_inl_elm_left	sys_stroke_megastroke2018	False	True
rs8132685	0.0525259	0.0062841	-0.0038	0.0099	0.47639	50783.0	440328.0	69.86518770209459	6.3501e-17	0.6989	ret_inl_elm_left__sys_stroke_megastroke2018	ret_inl_elm_left_to_sys_stroke_megastroke2018	ret_inl_elm_left	sys_stroke_megastroke2018	False	True
rs112109204	0.135048	0.0161913	-0.0513	0.0269	0.0401357	49831.0	440328.0	69.5685376381147	7.38311e-17	0.05638	ret_inl_elm_left__sys_stroke_megastroke2018	ret_inl_elm_left_to_sys_stroke_megastroke2018	ret_inl_elm_left	sys_stroke_megastroke2018	False	True
rs7589104	-0.103489	0.012427	0.0124	0.0196	0.0689341	50512.0	440328.0	69.35148808107505	8.23923e-17	0.527	ret_inl_elm_left__sys_stroke_megastroke2018	ret_inl_elm_left_to_sys_stroke_megastroke2018	ret_inl_elm_left	sys_stroke_megastroke2018	False	True
rs11606813	-0.128155	0.015545	0.0364	0.0233	0.0427268	50542.0	440328.0	67.96567855532258	1.66419e-16	0.1182	ret_inl_elm_left__sys_stroke_megastroke2018	ret_inl_elm_left_to_sys_stroke_megastroke2018	ret_inl_elm_left	sys_stroke_megastroke2018	False	True
rs9639276	0.0681921	0.00828562	-0.0012	0.0135	0.173778	50950.0	440328.0	67.73577539820118	1.86937e-16	0.9276	ret_inl_elm_left__sys_stroke_megastroke2018	ret_inl_elm_left_to_sys_stroke_megastroke2018	ret_inl_elm_left	sys_stroke_megastroke2018	False	True
rs1232180	-0.0561765	0.00685878	0.01	0.0108	0.300964	50923.0	440328.0	67.08348397757636	2.60238e-16	0.3556	ret_inl_elm_left__sys_stroke_megastroke2018	ret_inl_elm_left_to_sys_stroke_megastroke2018	ret_inl_elm_left	sys_stroke_megastroke2018	False	True
rs11662962	0.0765031	0.00941261	-0.009	0.0151	0.127697	50796.0	440328.0	66.05990398334562	4.37412e-16	0.552	ret_inl_elm_left__sys_stroke_megastroke2018	ret_inl_elm_left_to_sys_stroke_megastroke2018	ret_inl_elm_left	sys_stroke_megastroke2018	False	True
rs9837054	0.0713577	0.00879912	-0.0043	0.0136	0.150461	50857.0	440328.0	65.76626919341254	5.07693e-16	0.7532	ret_inl_elm_left__sys_stroke_megastroke2018	ret_inl_elm_left_to_sys_stroke_megastroke2018	ret_inl_elm_left	sys_stroke_megastroke2018	False	True
rs1513617	0.0537479	0.0066616	0.0062	0.0106	0.335916	50852.0	440328.0	65.09773793543343	7.12773e-16	0.556	ret_inl_elm_left__sys_stroke_megastroke2018	ret_inl_elm_left_to_sys_stroke_megastroke2018	ret_inl_elm_left	sys_stroke_megastroke2018	False	True
rs62391698	-0.0629046	0.00782054	-0.0245	0.0126	0.199984	50894.0	440328.0	64.69807020284303	8.73002e-16	0.05106	ret_inl_elm_left__sys_stroke_megastroke2018	ret_inl_elm_left_to_sys_stroke_megastroke2018	ret_inl_elm_left	sys_stroke_megastroke2018	False	True
rs2240093	-0.0568478	0.00706965	-0.0008	0.0107	0.279804	49876.0	440328.0	64.659374254273	8.90305e-16	0.9391	ret_inl_elm_left__sys_stroke_megastroke2018	ret_inl_elm_left_to_sys_stroke_megastroke2018	ret_inl_elm_left	sys_stroke_megastroke2018	False	True
rs113958504	-0.0733692	0.00917928	-0.0117	0.015	0.136872	50295.0	440328.0	63.8866818358759	1.31785e-15	0.4345	ret_inl_elm_left__sys_stroke_megastroke2018	ret_inl_elm_left_to_sys_stroke_megastroke2018	ret_inl_elm_left	sys_stroke_megastroke2018	False	True
rs28896238	0.0686786	0.00889135	0.0171	0.0137	0.147131	50720.0	440328.0	59.66332528715198	1.12552e-14	0.2122	ret_inl_elm_left__sys_stroke_megastroke2018	ret_inl_elm_left_to_sys_stroke_megastroke2018	ret_inl_elm_left	sys_stroke_megastroke2018	False	True
rs30373	0.050917	0.00664372	0.0114	0.0108	0.365385	48832.0	440328.0	58.73581146408048	1.80322e-14	0.2888	ret_inl_elm_left__sys_stroke_megastroke2018	ret_inl_elm_left_to_sys_stroke_megastroke2018	ret_inl_elm_left	sys_stroke_megastroke2018	False	True
rs7752728	-0.0585254	0.00768777	-0.0054	0.0123	0.210546	50711.0	440328.0	57.954614009649504	2.68241e-14	0.6605	ret_inl_elm_left__sys_stroke_megastroke2018	ret_inl_elm_left_to_sys_stroke_megastroke2018	ret_inl_elm_left	sys_stroke_megastroke2018	False	True
rs7179450	-0.0469008	0.00631288	-0.0205	0.0112	0.493144	50245.0	440328.0	55.19572386856449	1.0911e-13	0.06783	ret_inl_elm_left__sys_stroke_megastroke2018	ret_inl_elm_left_to_sys_stroke_megastroke2018	ret_inl_elm_left	sys_stroke_megastroke2018	False	True
rs2930972	0.0581167	0.0081671	0.0024	0.0133	0.182466	50393.0	440328.0	50.636787540304056	1.11144e-12	0.8568	ret_inl_elm_left__sys_stroke_megastroke2018	ret_inl_elm_left_to_sys_stroke_megastroke2018	ret_inl_elm_left	sys_stroke_megastroke2018	False	True
rs9585141	-0.045004	0.00637667	-0.0136	0.0099	0.479296	49484.0	440328.0	49.809748324967536	1.69394e-12	0.1708	ret_inl_elm_left__sys_stroke_megastroke2018	ret_inl_elm_left_to_sys_stroke_megastroke2018	ret_inl_elm_left	sys_stroke_megastroke2018	False	True
rs4490572	0.0457642	0.00649001	-0.0045	0.01	0.460809	47945.0	440328.0	49.723422962783246	1.77016e-12	0.6495	ret_inl_elm_left__sys_stroke_megastroke2018	ret_inl_elm_left_to_sys_stroke_megastroke2018	ret_inl_elm_left	sys_stroke_megastroke2018	False	True
rs10869406	0.0457603	0.00650894	-0.0113	0.0102	0.37726	50497.0	440328.0	49.4261962896491	2.05963e-12	0.269	ret_inl_elm_left__sys_stroke_megastroke2018	ret_inl_elm_left_to_sys_stroke_megastroke2018	ret_inl_elm_left	sys_stroke_megastroke2018	False	True
rs76076446	-0.148043	0.0211389	-0.0209	0.0468	0.0224436	50950.0	440328.0	49.04683481445696	2.49949e-12	0.6552	ret_inl_elm_left__sys_stroke_megastroke2018	ret_inl_elm_left_to_sys_stroke_megastroke2018	ret_inl_elm_left	sys_stroke_megastroke2018	False	True
rs7183832	0.0446401	0.00651023	0.0201	0.0111	0.405276	48826.0	440328.0	47.01729650299733	7.03653e-12	0.06945	ret_inl_elm_left__sys_stroke_megastroke2018	ret_inl_elm_left_to_sys_stroke_megastroke2018	ret_inl_elm_left	sys_stroke_megastroke2018	False	True
rs7325207	0.058484	0.00856916	0.0223	0.0128	0.159962	50787.0	440328.0	46.57980146317633	8.79606e-12	0.08221	ret_inl_elm_left__sys_stroke_megastroke2018	ret_inl_elm_left_to_sys_stroke_megastroke2018	ret_inl_elm_left	sys_stroke_megastroke2018	False	True
rs1947075	0.0450304	0.00661788	-0.0009	0.0104	0.351901	50068.0	440328.0	46.29923695692368	1.01502e-11	0.931	ret_inl_elm_left__sys_stroke_megastroke2018	ret_inl_elm_left_to_sys_stroke_megastroke2018	ret_inl_elm_left	sys_stroke_megastroke2018	False	True
rs4134898	-0.0635832	0.00940508	-0.0094	0.0154	0.128996	50482.0	440328.0	45.70458546897417	1.37507e-11	0.541	ret_inl_elm_left__sys_stroke_megastroke2018	ret_inl_elm_left_to_sys_stroke_megastroke2018	ret_inl_elm_left	sys_stroke_megastroke2018	False	True
rs729257	0.0434323	0.00644744	0.005	0.0104	0.397262	50468.0	440328.0	45.37859428145894	1.62397e-11	0.6348	ret_inl_elm_left__sys_stroke_megastroke2018	ret_inl_elm_left_to_sys_stroke_megastroke2018	ret_inl_elm_left	sys_stroke_megastroke2018	False	True
rs7742431	-0.0423741	0.00630325	-0.0069	0.01	0.498553	50802.0	440328.0	45.193076769071126	1.78534e-11	0.4927	ret_inl_elm_left__sys_stroke_megastroke2018	ret_inl_elm_left_to_sys_stroke_megastroke2018	ret_inl_elm_left	sys_stroke_megastroke2018	False	True
rs34926272	-0.140361	0.0210313	-0.0137	0.0352	0.023696	49692.0	440328.0	44.541072541029955	2.49095e-11	0.698	ret_inl_elm_left__sys_stroke_megastroke2018	ret_inl_elm_left_to_sys_stroke_megastroke2018	ret_inl_elm_left	sys_stroke_megastroke2018	False	True
rs142963458	0.121736	0.0183321	0.0227	0.0291	0.0310611	49789.0	440328.0	44.097464571367354	3.12487e-11	0.4356	ret_inl_elm_left__sys_stroke_megastroke2018	ret_inl_elm_left_to_sys_stroke_megastroke2018	ret_inl_elm_left	sys_stroke_megastroke2018	False	True
rs2177599	0.0417856	0.00629885	0.018	0.0097	0.479312	50874.0	440328.0	44.00791090422121	3.27058e-11	0.06452	ret_inl_elm_left__sys_stroke_megastroke2018	ret_inl_elm_left_to_sys_stroke_megastroke2018	ret_inl_elm_left	sys_stroke_megastroke2018	False	True
rs58628422	0.0452996	0.0069654	-0.0173	0.0109	0.286687	50583.0	440328.0	42.29573838917441	7.84636e-11	0.1129	ret_inl_elm_left__sys_stroke_megastroke2018	ret_inl_elm_left_to_sys_stroke_megastroke2018	ret_inl_elm_left	sys_stroke_megastroke2018	False	True
rs11070445	0.0446213	0.00687334	0.001	0.011	0.300024	50766.0	440328.0	42.14526441181533	8.47424e-11	0.9296	ret_inl_elm_left__sys_stroke_megastroke2018	ret_inl_elm_left_to_sys_stroke_megastroke2018	ret_inl_elm_left	sys_stroke_megastroke2018	False	True
rs4298013	0.0410886	0.00636003	-0.0116	0.01	0.428495	50388.0	440328.0	41.737300813072224	1.04396e-10	0.2496	ret_inl_elm_left__sys_stroke_megastroke2018	ret_inl_elm_left_to_sys_stroke_megastroke2018	ret_inl_elm_left	sys_stroke_megastroke2018	False	True
rs16956241	0.0496179	0.00769353	-0.0148	0.0126	0.211216	50801.0	440328.0	41.593498942762004	1.1236e-10	0.2412	ret_inl_elm_left__sys_stroke_megastroke2018	ret_inl_elm_left_to_sys_stroke_megastroke2018	ret_inl_elm_left	sys_stroke_megastroke2018	False	True
rs12193446	0.0687205	0.0106791	-0.0113	0.0175	0.0954858	50950.0	440328.0	41.409817337146485	1.2342e-10	0.5196	ret_inl_elm_left__sys_stroke_megastroke2018	ret_inl_elm_left_to_sys_stroke_megastroke2018	ret_inl_elm_left	sys_stroke_megastroke2018	False	True
rs17384293	-0.0583194	0.00922212	0.0157	0.0147	0.13277	50919.0	440328.0	39.99121108275047	2.55117e-10	0.2856	ret_inl_elm_left__sys_stroke_megastroke2018	ret_inl_elm_left_to_sys_stroke_megastroke2018	ret_inl_elm_left	sys_stroke_megastroke2018	False	True
rs9513095	-0.0429941	0.00680134	-0.0007	0.0106	0.305649	50913.0	440328.0	39.96030117925156	2.59172e-10	0.9453	ret_inl_elm_left__sys_stroke_megastroke2018	ret_inl_elm_left_to_sys_stroke_megastroke2018	ret_inl_elm_left	sys_stroke_megastroke2018	False	True
rs4752581	0.0428542	0.00679602	0.0034	0.0107	0.321782	49678.0	440328.0	39.762848426475	2.86742e-10	0.7537	ret_inl_elm_left__sys_stroke_megastroke2018	ret_inl_elm_left_to_sys_stroke_megastroke2018	ret_inl_elm_left	sys_stroke_megastroke2018	False	True
rs6751857	0.0393776	0.0063059	0.0072	0.01	0.445486	50950.0	440328.0	38.99458721956453	4.24957e-10	0.4721	ret_inl_elm_left__sys_stroke_megastroke2018	ret_inl_elm_left_to_sys_stroke_megastroke2018	ret_inl_elm_left	sys_stroke_megastroke2018	False	True
rs12531825	0.0603069	0.00970358	0.0168	0.0157	0.120465	50330.0	440328.0	38.625136567009754	5.13524e-10	0.2834	ret_inl_elm_left__sys_stroke_megastroke2018	ret_inl_elm_left_to_sys_stroke_megastroke2018	ret_inl_elm_left	sys_stroke_megastroke2018	False	True
rs8068292	0.0435431	0.00701134	0.0232	0.011	0.279891	50868.0	440328.0	38.56884506090529	5.28576e-10	0.03531	ret_inl_elm_left__sys_stroke_megastroke2018	ret_inl_elm_left_to_sys_stroke_megastroke2018	ret_inl_elm_left	sys_stroke_megastroke2018	False	True
rs61817379	-0.0447674	0.00723644	0.0032	0.0111	0.281705	47161.0	440328.0	38.27135275237602	6.1558e-10	0.7736	ret_inl_elm_left__sys_stroke_megastroke2018	ret_inl_elm_left_to_sys_stroke_megastroke2018	ret_inl_elm_left	sys_stroke_megastroke2018	False	True
rs11620670	-0.0389733	0.00638131	-0.0068	0.0102	0.416964	50936.0	440328.0	37.300501877178654	1.01265e-09	0.5013	ret_inl_elm_left__sys_stroke_megastroke2018	ret_inl_elm_left_to_sys_stroke_megastroke2018	ret_inl_elm_left	sys_stroke_megastroke2018	False	True
rs9379084	0.0634363	0.0105325	-0.0245	0.0172	0.104872	48497.0	440328.0	36.27544535416442	1.71327e-09	0.1534	ret_inl_elm_left__sys_stroke_megastroke2018	ret_inl_elm_left_to_sys_stroke_megastroke2018	ret_inl_elm_left	sys_stroke_megastroke2018	False	True
rs920221	0.0379773	0.00631126	-0.0062	0.0098	0.496469	50550.0	440328.0	36.20895798237369	1.77256e-09	0.5304	ret_inl_elm_left__sys_stroke_megastroke2018	ret_inl_elm_left_to_sys_stroke_megastroke2018	ret_inl_elm_left	sys_stroke_megastroke2018	False	True
rs11689553	-0.0439992	0.00734079	-0.0084	0.0126	0.243003	50950.0	440328.0	35.92559418211562	2.05002e-09	0.506	ret_inl_elm_left__sys_stroke_megastroke2018	ret_inl_elm_left_to_sys_stroke_megastroke2018	ret_inl_elm_left	sys_stroke_megastroke2018	False	True
rs75159625	0.0402917	0.00680195	-0.0071	0.0133	0.313597	50533.0	440328.0	35.08846041297528	3.15067e-09	0.5907	ret_inl_elm_left__sys_stroke_megastroke2018	ret_inl_elm_left_to_sys_stroke_megastroke2018	ret_inl_elm_left	sys_stroke_megastroke2018	False	True
rs4855836	-0.0374804	0.00634549	0.0239	0.0105	0.431151	50930.0	440328.0	34.88816328004119	3.4921e-09	0.02247	ret_inl_elm_left__sys_stroke_megastroke2018	ret_inl_elm_left_to_sys_stroke_megastroke2018	ret_inl_elm_left	sys_stroke_megastroke2018	False	True
rs919655	0.057172	0.00968628	-0.0026	0.0155	0.120786	50403.0	440328.0	34.83796127787565	3.58306e-09	0.8646	ret_inl_elm_left__sys_stroke_megastroke2018	ret_inl_elm_left_to_sys_stroke_megastroke2018	ret_inl_elm_left	sys_stroke_megastroke2018	False	True
rs575770	-0.0505091	0.00862259	-0.0064	0.0165	0.158741	50529.0	440328.0	34.313402763462605	4.69148e-09	0.6978	ret_inl_elm_left__sys_stroke_megastroke2018	ret_inl_elm_left_to_sys_stroke_megastroke2018	ret_inl_elm_left	sys_stroke_megastroke2018	False	True
rs63338061	0.0386406	0.00661825	0.015	0.0109	0.362173	49486.0	440328.0	34.087989400423965	5.26786e-09	0.1702	ret_inl_elm_left__sys_stroke_megastroke2018	ret_inl_elm_left_to_sys_stroke_megastroke2018	ret_inl_elm_left	sys_stroke_megastroke2018	False	True
rs13162470	-0.0366625	0.0063311	-0.0132	0.0106	0.495997	50208.0	440328.0	33.5340343935285	7.00282e-09	0.2146	ret_inl_elm_left__sys_stroke_megastroke2018	ret_inl_elm_left_to_sys_stroke_megastroke2018	ret_inl_elm_left	sys_stroke_megastroke2018	False	True
rs11221653	0.0365966	0.00642138	0.0036	0.0104	0.391698	50950.0	440328.0	32.48065184096006	1.20384e-08	0.7267	ret_inl_elm_left__sys_stroke_megastroke2018	ret_inl_elm_left_to_sys_stroke_megastroke2018	ret_inl_elm_left	sys_stroke_megastroke2018	False	True
rs4680287	-0.0399188	0.00702759	0.0022	0.0107	0.273859	50778.0	440328.0	32.2657766040493	1.34459e-08	0.8389	ret_inl_elm_left__sys_stroke_megastroke2018	ret_inl_elm_left_to_sys_stroke_megastroke2018	ret_inl_elm_left	sys_stroke_megastroke2018	False	True
rs12547986	0.0387887	0.00689631	0.0125	0.0109	0.294916	50428.0	440328.0	31.635659903577007	1.85986e-08	0.2508	ret_inl_elm_left__sys_stroke_megastroke2018	ret_inl_elm_left_to_sys_stroke_megastroke2018	ret_inl_elm_left	sys_stroke_megastroke2018	False	True
rs34733940	0.0457563	0.00823352	0.0307	0.013	0.176951	50771.0	440328.0	30.88379833815931	2.73956e-08	0.01813	ret_inl_elm_left__sys_stroke_megastroke2018	ret_inl_elm_left_to_sys_stroke_megastroke2018	ret_inl_elm_left	sys_stroke_megastroke2018	False	True
rs11218350	0.0418793	0.00755618	0.0056	0.0121	0.223385	50657.0	440328.0	30.718092090253265	2.98367e-08	0.6439	ret_inl_elm_left__sys_stroke_megastroke2018	ret_inl_elm_left_to_sys_stroke_megastroke2018	ret_inl_elm_left	sys_stroke_megastroke2018	False	True
rs1225379	0.0355206	0.00642776	0.0007	0.0106	0.48939	48304.0	440328.0	30.538048522871183	3.27392e-08	0.9499	ret_inl_elm_left__sys_stroke_megastroke2018	ret_inl_elm_left_to_sys_stroke_megastroke2018	ret_inl_elm_left	sys_stroke_megastroke2018	False	True
rs17407001	-0.0503814	0.00912557	0.0026	0.0154	0.138883	50215.0	440328.0	30.480385919668453	3.37261e-08	0.8646	ret_inl_elm_left__sys_stroke_megastroke2018	ret_inl_elm_left_to_sys_stroke_megastroke2018	ret_inl_elm_left	sys_stroke_megastroke2018	False	True
rs2107595	0.0882	0.0132	0.0192367	0.00877335	0.1673	440328.0	50602.0	44.64669421487603	2.328e-11	0.0283338	ret_inl_elm_left__sys_stroke_megastroke2018	sys_stroke_megastroke2018_to_ret_inl_elm_left	sys_stroke_megastroke2018	ret_inl_elm_left	True	False
rs11242678	0.0723	0.0114	0.0115021	0.00721884	0.255	440328.0	50921.0	40.22229916897507	2.703e-10	0.111084	ret_inl_elm_left__sys_stroke_megastroke2018	sys_stroke_megastroke2018_to_ret_inl_elm_left	sys_stroke_megastroke2018	ret_inl_elm_left	True	False
rs2758612	0.0653	0.0111	-0.00933295	0.00670733	0.6453	440328.0	48770.0	34.60831101371642	3.677e-09	0.164088	ret_inl_elm_left__sys_stroke_megastroke2018	sys_stroke_megastroke2018_to_ret_inl_elm_left	sys_stroke_megastroke2018	ret_inl_elm_left	True	False
rs635634	0.0772	0.0134	0.0127839	0.00805466	0.1921	440328.0	50950.0	33.19135664958788	9.179e-09	0.112479	ret_inl_elm_left__sys_stroke_megastroke2018	sys_stroke_megastroke2018_to_ret_inl_elm_left	sys_stroke_megastroke2018	ret_inl_elm_left	True	False
rs473238	0.0831	0.0147	0.00432048	0.0095223	0.1326	440328.0	50796.0	31.957101207830068	1.651e-08	0.650029	ret_inl_elm_left__sys_stroke_megastroke2018	sys_stroke_megastroke2018_to_ret_inl_elm_left	sys_stroke_megastroke2018	ret_inl_elm_left	True	False
rs4942561	0.0655	0.0116	0.00474515	0.00730111	0.759	440328.0	50805.0	31.883546373365046	1.771e-08	0.515743	ret_inl_elm_left__sys_stroke_megastroke2018	sys_stroke_megastroke2018_to_ret_inl_elm_left	sys_stroke_megastroke2018	ret_inl_elm_left	True	False
rs2066864	0.0634	0.0115	0.00227996	0.00732694	0.2452	440328.0	50940.0	30.39364839319471	3.514e-08	0.755668	ret_inl_elm_left__sys_stroke_megastroke2018	sys_stroke_megastroke2018_to_ret_inl_elm_left	sys_stroke_megastroke2018	ret_inl_elm_left	True	False
rs887595	-0.289382	0.00825258	0.023	0.016	0.17798	50559.0	152598.0	1229.5991141231693	2.25331e-269	0.16	ret_inl_elm_left__sys_t2d_scott2017	ret_inl_elm_left_to_sys_t2d_scott2017	ret_inl_elm_left	sys_t2d_scott2017	False	True
rs3138142	0.179594	0.00736339	-0.02	0.016	0.239847	50601.0	158183.0	594.8781807965383	2.17307e-131	0.22	ret_inl_elm_left__sys_t2d_scott2017	ret_inl_elm_left_to_sys_t2d_scott2017	ret_inl_elm_left	sys_t2d_scott2017	False	True
rs375646	0.12702	0.00723761	0.0022	0.014	0.25524	50664.0	158185.0	308.0022308435278	5.94978e-69	0.87	ret_inl_elm_left__sys_t2d_scott2017	ret_inl_elm_left_to_sys_t2d_scott2017	ret_inl_elm_left	sys_t2d_scott2017	False	True
rs118186707	0.287453	0.0189209	-0.018	0.038	0.0285994	50473.0	158185.0	230.8076027200531	3.97304e-52	0.63	ret_inl_elm_left__sys_t2d_scott2017	ret_inl_elm_left_to_sys_t2d_scott2017	ret_inl_elm_left	sys_t2d_scott2017	False	True
rs17421627	0.176971	0.012019	0.0016	0.026	0.0732777	50950.0	158186.0	216.80412426421287	4.50846e-49	0.95	ret_inl_elm_left__sys_t2d_scott2017	ret_inl_elm_left_to_sys_t2d_scott2017	ret_inl_elm_left	sys_t2d_scott2017	False	True
rs116350483	-0.286424	0.0246047	-0.011	0.053	0.0165653	50950.0	149853.0	135.51353135289187	2.54994e-31	0.84	ret_inl_elm_left__sys_t2d_scott2017	ret_inl_elm_left_to_sys_t2d_scott2017	ret_inl_elm_left	sys_t2d_scott2017	False	True
rs9905786	-0.0704186	0.00657502	-0.011	0.013	0.35552	50886.0	156106.0	114.70454240759798	9.13434e-27	0.4	ret_inl_elm_left__sys_t2d_scott2017	ret_inl_elm_left_to_sys_t2d_scott2017	ret_inl_elm_left	sys_t2d_scott2017	False	True
rs4668035	-0.0883495	0.00831672	0.0015	0.016	0.174116	50564.0	158186.0	112.85064132246973	2.32645e-26	0.93	ret_inl_elm_left__sys_t2d_scott2017	ret_inl_elm_left_to_sys_t2d_scott2017	ret_inl_elm_left	sys_t2d_scott2017	False	True
rs9398063	-0.183053	0.0172324	0.042	0.032	0.0345905	50722.0	158185.0	112.83976361342876	2.33921e-26	0.18	ret_inl_elm_left__sys_t2d_scott2017	ret_inl_elm_left_to_sys_t2d_scott2017	ret_inl_elm_left	sys_t2d_scott2017	False	True
rs929271	0.0720471	0.00694495	0.022	0.013	0.306468	49103.0	158183.0	107.62043974095238	3.25499e-25	0.1	ret_inl_elm_left__sys_t2d_scott2017	ret_inl_elm_left_to_sys_t2d_scott2017	ret_inl_elm_left	sys_t2d_scott2017	False	True
rs9964861	0.0703081	0.00685784	-0.0062	0.013	0.304415	50528.0	158184.0	105.1080615569125	1.1565e-24	0.64	ret_inl_elm_left__sys_t2d_scott2017	ret_inl_elm_left_to_sys_t2d_scott2017	ret_inl_elm_left	sys_t2d_scott2017	False	True
rs9298816	0.0655484	0.00688433	-0.024	0.013	0.311245	49633.0	158183.0	90.65689292854212	1.70868e-21	0.077	ret_inl_elm_left__sys_t2d_scott2017	ret_inl_elm_left_to_sys_t2d_scott2017	ret_inl_elm_left	sys_t2d_scott2017	False	True
rs12891131	-0.0594779	0.00631987	-0.012	0.012	0.462987	50941.0	158185.0	88.57169644099329	4.90279e-21	0.33	ret_inl_elm_left__sys_t2d_scott2017	ret_inl_elm_left_to_sys_t2d_scott2017	ret_inl_elm_left	sys_t2d_scott2017	False	True
rs56238729	0.0691819	0.00739917	0.013	0.014	0.23612	50936.0	158186.0	87.42164198019204	8.76896e-21	0.36	ret_inl_elm_left__sys_t2d_scott2017	ret_inl_elm_left_to_sys_t2d_scott2017	ret_inl_elm_left	sys_t2d_scott2017	False	True
rs17370487	-0.0707956	0.00796138	-0.0075	0.016	0.192542	50950.0	158183.0	79.07438568702416	5.98155e-19	0.63	ret_inl_elm_left__sys_t2d_scott2017	ret_inl_elm_left_to_sys_t2d_scott2017	ret_inl_elm_left	sys_t2d_scott2017	False	True
rs8132685	0.0525259	0.0062841	-0.0002	0.012	0.47639	50783.0	158185.0	69.86518770209459	6.3501e-17	0.99	ret_inl_elm_left__sys_t2d_scott2017	ret_inl_elm_left_to_sys_t2d_scott2017	ret_inl_elm_left	sys_t2d_scott2017	False	True
rs112109204	0.135048	0.0161913	0.021	0.04	0.0401357	49831.0	158185.0	69.5685376381147	7.38311e-17	0.59	ret_inl_elm_left__sys_t2d_scott2017	ret_inl_elm_left_to_sys_t2d_scott2017	ret_inl_elm_left	sys_t2d_scott2017	False	True
rs7589104	-0.103489	0.012427	-0.019	0.024	0.0689341	50512.0	158186.0	69.35148808107505	8.23923e-17	0.42	ret_inl_elm_left__sys_t2d_scott2017	ret_inl_elm_left_to_sys_t2d_scott2017	ret_inl_elm_left	sys_t2d_scott2017	False	True
rs11606813	-0.128155	0.015545	0.0067	0.028	0.0427268	50542.0	152598.0	67.96567855532258	1.66419e-16	0.81	ret_inl_elm_left__sys_t2d_scott2017	ret_inl_elm_left_to_sys_t2d_scott2017	ret_inl_elm_left	sys_t2d_scott2017	False	True
rs9639276	0.0681921	0.00828562	-0.0088	0.016	0.173778	50950.0	158184.0	67.73577539820118	1.86937e-16	0.59	ret_inl_elm_left__sys_t2d_scott2017	ret_inl_elm_left_to_sys_t2d_scott2017	ret_inl_elm_left	sys_t2d_scott2017	False	True
rs1232180	-0.0561765	0.00685878	0.017	0.013	0.300964	50923.0	158185.0	67.08348397757636	2.60238e-16	0.19	ret_inl_elm_left__sys_t2d_scott2017	ret_inl_elm_left_to_sys_t2d_scott2017	ret_inl_elm_left	sys_t2d_scott2017	False	True
rs11662962	0.0765031	0.00941261	0.0007	0.018	0.127697	50796.0	152597.0	66.05990398334562	4.37412e-16	0.97	ret_inl_elm_left__sys_t2d_scott2017	ret_inl_elm_left_to_sys_t2d_scott2017	ret_inl_elm_left	sys_t2d_scott2017	False	True
rs9837054	0.0713577	0.00879912	-0.0022	0.016	0.150461	50857.0	158185.0	65.76626919341254	5.07693e-16	0.89	ret_inl_elm_left__sys_t2d_scott2017	ret_inl_elm_left_to_sys_t2d_scott2017	ret_inl_elm_left	sys_t2d_scott2017	False	True
rs1513617	0.0537479	0.0066616	0.016	0.013	0.335916	50852.0	158184.0	65.09773793543343	7.12773e-16	0.23	ret_inl_elm_left__sys_t2d_scott2017	ret_inl_elm_left_to_sys_t2d_scott2017	ret_inl_elm_left	sys_t2d_scott2017	False	True
rs62391698	-0.0629046	0.00782054	0.028	0.015	0.199984	50894.0	158186.0	64.69807020284303	8.73002e-16	0.067	ret_inl_elm_left__sys_t2d_scott2017	ret_inl_elm_left_to_sys_t2d_scott2017	ret_inl_elm_left	sys_t2d_scott2017	False	True
rs2240093	-0.0568478	0.00706965	0.0091	0.013	0.279804	49876.0	158184.0	64.659374254273	8.90305e-16	0.49	ret_inl_elm_left__sys_t2d_scott2017	ret_inl_elm_left_to_sys_t2d_scott2017	ret_inl_elm_left	sys_t2d_scott2017	False	True
rs113958504	-0.0733692	0.00917928	0.011	0.017	0.136872	50295.0	158185.0	63.8866818358759	1.31785e-15	0.51	ret_inl_elm_left__sys_t2d_scott2017	ret_inl_elm_left_to_sys_t2d_scott2017	ret_inl_elm_left	sys_t2d_scott2017	False	True
rs7752728	-0.0585254	0.00768777	-0.011	0.016	0.210546	50711.0	152598.0	57.954614009649504	2.68241e-14	0.49	ret_inl_elm_left__sys_t2d_scott2017	ret_inl_elm_left_to_sys_t2d_scott2017	ret_inl_elm_left	sys_t2d_scott2017	False	True
rs7179450	-0.0469008	0.00631288	-0.017	0.013	0.493144	50245.0	158185.0	55.19572386856449	1.0911e-13	0.21	ret_inl_elm_left__sys_t2d_scott2017	ret_inl_elm_left_to_sys_t2d_scott2017	ret_inl_elm_left	sys_t2d_scott2017	False	True
rs2930972	0.0581167	0.0081671	-0.025	0.016	0.182466	50393.0	158185.0	50.636787540304056	1.11144e-12	0.12	ret_inl_elm_left__sys_t2d_scott2017	ret_inl_elm_left_to_sys_t2d_scott2017	ret_inl_elm_left	sys_t2d_scott2017	False	True
rs9585141	-0.045004	0.00637667	0.0091	0.012	0.479296	49484.0	158184.0	49.809748324967536	1.69394e-12	0.45	ret_inl_elm_left__sys_t2d_scott2017	ret_inl_elm_left_to_sys_t2d_scott2017	ret_inl_elm_left	sys_t2d_scott2017	False	True
rs4490572	0.0457642	0.00649001	-0.0037	0.012	0.460809	47945.0	158186.0	49.723422962783246	1.77016e-12	0.76	ret_inl_elm_left__sys_t2d_scott2017	ret_inl_elm_left_to_sys_t2d_scott2017	ret_inl_elm_left	sys_t2d_scott2017	False	True
rs10869406	0.0457603	0.00650894	0.025	0.012	0.37726	50497.0	158183.0	49.4261962896491	2.05963e-12	0.047	ret_inl_elm_left__sys_t2d_scott2017	ret_inl_elm_left_to_sys_t2d_scott2017	ret_inl_elm_left	sys_t2d_scott2017	False	True
rs76076446	-0.148043	0.0211389	-0.0022	0.069	0.0224436	50950.0	136913.0	49.04683481445696	2.49949e-12	0.97	ret_inl_elm_left__sys_t2d_scott2017	ret_inl_elm_left_to_sys_t2d_scott2017	ret_inl_elm_left	sys_t2d_scott2017	False	True
rs7183832	0.0446401	0.00651023	0.015	0.013	0.405276	48826.0	158185.0	47.01729650299733	7.03653e-12	0.25	ret_inl_elm_left__sys_t2d_scott2017	ret_inl_elm_left_to_sys_t2d_scott2017	ret_inl_elm_left	sys_t2d_scott2017	False	True
rs1947075	0.0450304	0.00661788	-0.0043	0.013	0.351901	50068.0	152599.0	46.29923695692368	1.01502e-11	0.75	ret_inl_elm_left__sys_t2d_scott2017	ret_inl_elm_left_to_sys_t2d_scott2017	ret_inl_elm_left	sys_t2d_scott2017	False	True
rs4134898	-0.0635832	0.00940508	-0.01	0.019	0.128996	50482.0	158184.0	45.70458546897417	1.37507e-11	0.59	ret_inl_elm_left__sys_t2d_scott2017	ret_inl_elm_left_to_sys_t2d_scott2017	ret_inl_elm_left	sys_t2d_scott2017	False	True
rs729257	0.0434323	0.00644744	0.0063	0.013	0.397262	50468.0	158185.0	45.37859428145894	1.62397e-11	0.62	ret_inl_elm_left__sys_t2d_scott2017	ret_inl_elm_left_to_sys_t2d_scott2017	ret_inl_elm_left	sys_t2d_scott2017	False	True
rs7742431	-0.0423741	0.00630325	-0.01	0.012	0.498553	50802.0	158185.0	45.193076769071126	1.78534e-11	0.4	ret_inl_elm_left__sys_t2d_scott2017	ret_inl_elm_left_to_sys_t2d_scott2017	ret_inl_elm_left	sys_t2d_scott2017	False	True
rs142963458	0.121736	0.0183321	-0.032	0.035	0.0310611	49789.0	158182.0	44.097464571367354	3.12487e-11	0.37	ret_inl_elm_left__sys_t2d_scott2017	ret_inl_elm_left_to_sys_t2d_scott2017	ret_inl_elm_left	sys_t2d_scott2017	False	True
rs2177599	0.0417856	0.00629885	-0.0035	0.012	0.479312	50874.0	158186.0	44.00791090422121	3.27058e-11	0.77	ret_inl_elm_left__sys_t2d_scott2017	ret_inl_elm_left_to_sys_t2d_scott2017	ret_inl_elm_left	sys_t2d_scott2017	False	True
rs58628422	0.0452996	0.0069654	0.022	0.013	0.286687	50583.0	158185.0	42.29573838917441	7.84636e-11	0.098	ret_inl_elm_left__sys_t2d_scott2017	ret_inl_elm_left_to_sys_t2d_scott2017	ret_inl_elm_left	sys_t2d_scott2017	False	True
rs4298013	0.0410886	0.00636003	0.0067	0.013	0.428495	50388.0	152598.0	41.737300813072224	1.04396e-10	0.6	ret_inl_elm_left__sys_t2d_scott2017	ret_inl_elm_left_to_sys_t2d_scott2017	ret_inl_elm_left	sys_t2d_scott2017	False	True
rs16956241	0.0496179	0.00769353	0.011	0.015	0.211216	50801.0	158185.0	41.593498942762004	1.1236e-10	0.48	ret_inl_elm_left__sys_t2d_scott2017	ret_inl_elm_left_to_sys_t2d_scott2017	ret_inl_elm_left	sys_t2d_scott2017	False	True
rs12193446	0.0687205	0.0106791	-0.01	0.022	0.0954858	50950.0	158185.0	41.409817337146485	1.2342e-10	0.63	ret_inl_elm_left__sys_t2d_scott2017	ret_inl_elm_left_to_sys_t2d_scott2017	ret_inl_elm_left	sys_t2d_scott2017	False	True
rs17384293	-0.0583194	0.00922212	0.043	0.018	0.13277	50919.0	158186.0	39.99121108275047	2.55117e-10	0.016	ret_inl_elm_left__sys_t2d_scott2017	ret_inl_elm_left_to_sys_t2d_scott2017	ret_inl_elm_left	sys_t2d_scott2017	False	True
rs9513095	-0.0429941	0.00680134	0.031	0.013	0.305649	50913.0	158184.0	39.96030117925156	2.59172e-10	0.017	ret_inl_elm_left__sys_t2d_scott2017	ret_inl_elm_left_to_sys_t2d_scott2017	ret_inl_elm_left	sys_t2d_scott2017	False	True
rs4752581	0.0428542	0.00679602	0.0019	0.013	0.321782	49678.0	158186.0	39.762848426475	2.86742e-10	0.89	ret_inl_elm_left__sys_t2d_scott2017	ret_inl_elm_left_to_sys_t2d_scott2017	ret_inl_elm_left	sys_t2d_scott2017	False	True
rs6751857	0.0393776	0.0063059	0.01	0.012	0.445486	50950.0	158186.0	38.99458721956453	4.24957e-10	0.39	ret_inl_elm_left__sys_t2d_scott2017	ret_inl_elm_left_to_sys_t2d_scott2017	ret_inl_elm_left	sys_t2d_scott2017	False	True
rs12531825	0.0603069	0.00970358	0.009	0.019	0.120465	50330.0	158184.0	38.625136567009754	5.13524e-10	0.63	ret_inl_elm_left__sys_t2d_scott2017	ret_inl_elm_left_to_sys_t2d_scott2017	ret_inl_elm_left	sys_t2d_scott2017	False	True
rs8068292	0.0435431	0.00701134	0.0052	0.013	0.279891	50868.0	158182.0	38.56884506090529	5.28576e-10	0.7	ret_inl_elm_left__sys_t2d_scott2017	ret_inl_elm_left_to_sys_t2d_scott2017	ret_inl_elm_left	sys_t2d_scott2017	False	True
rs61817379	-0.0447674	0.00723644	0.0037	0.014	0.281705	47161.0	158184.0	38.27135275237602	6.1558e-10	0.79	ret_inl_elm_left__sys_t2d_scott2017	ret_inl_elm_left_to_sys_t2d_scott2017	ret_inl_elm_left	sys_t2d_scott2017	False	True
rs11620670	-0.0389733	0.00638131	0.0011	0.012	0.416964	50936.0	158185.0	37.300501877178654	1.01265e-09	0.93	ret_inl_elm_left__sys_t2d_scott2017	ret_inl_elm_left_to_sys_t2d_scott2017	ret_inl_elm_left	sys_t2d_scott2017	False	True
rs2076765	0.0416143	0.00683007	0.0003	0.013	0.304165	50706.0	158185.0	37.1223001606616	1.10945e-09	0.98	ret_inl_elm_left__sys_t2d_scott2017	ret_inl_elm_left_to_sys_t2d_scott2017	ret_inl_elm_left	sys_t2d_scott2017	False	True
rs9379084	0.0634363	0.0105325	-0.05	0.02	0.104872	48497.0	158185.0	36.27544535416442	1.71327e-09	0.014	ret_inl_elm_left__sys_t2d_scott2017	ret_inl_elm_left_to_sys_t2d_scott2017	ret_inl_elm_left	sys_t2d_scott2017	False	True
rs920221	0.0379773	0.00631126	0.0038	0.012	0.496469	50550.0	158183.0	36.20895798237369	1.77256e-09	0.76	ret_inl_elm_left__sys_t2d_scott2017	ret_inl_elm_left_to_sys_t2d_scott2017	ret_inl_elm_left	sys_t2d_scott2017	False	True
rs75159625	0.0402917	0.00680195	0.043	0.018	0.313597	50533.0	136187.0	35.08846041297528	3.15067e-09	0.019	ret_inl_elm_left__sys_t2d_scott2017	ret_inl_elm_left_to_sys_t2d_scott2017	ret_inl_elm_left	sys_t2d_scott2017	False	True
rs4855836	-0.0374804	0.00634549	0.0021	0.012	0.431151	50930.0	158185.0	34.88816328004119	3.4921e-09	0.86	ret_inl_elm_left__sys_t2d_scott2017	ret_inl_elm_left_to_sys_t2d_scott2017	ret_inl_elm_left	sys_t2d_scott2017	False	True
rs919655	0.057172	0.00968628	-0.065	0.019	0.120786	50403.0	158184.0	34.83796127787565	3.58306e-09	0.00066	ret_inl_elm_left__sys_t2d_scott2017	ret_inl_elm_left_to_sys_t2d_scott2017	ret_inl_elm_left	sys_t2d_scott2017	False	True
rs575770	-0.0505091	0.00862259	0.0045	0.018	0.158741	50529.0	156106.0	34.313402763462605	4.69148e-09	0.8	ret_inl_elm_left__sys_t2d_scott2017	ret_inl_elm_left_to_sys_t2d_scott2017	ret_inl_elm_left	sys_t2d_scott2017	False	True
rs63338061	0.0386406	0.00661825	0.017	0.013	0.362173	49486.0	158186.0	34.087989400423965	5.26786e-09	0.2	ret_inl_elm_left__sys_t2d_scott2017	ret_inl_elm_left_to_sys_t2d_scott2017	ret_inl_elm_left	sys_t2d_scott2017	False	True
rs13162470	-0.0366625	0.0063311	0.011	0.012	0.495997	50208.0	158186.0	33.5340343935285	7.00282e-09	0.36	ret_inl_elm_left__sys_t2d_scott2017	ret_inl_elm_left_to_sys_t2d_scott2017	ret_inl_elm_left	sys_t2d_scott2017	False	True
rs11221653	0.0365966	0.00642138	-0.0038	0.012	0.391698	50950.0	158185.0	32.48065184096006	1.20384e-08	0.76	ret_inl_elm_left__sys_t2d_scott2017	ret_inl_elm_left_to_sys_t2d_scott2017	ret_inl_elm_left	sys_t2d_scott2017	False	True
rs4680287	-0.0399188	0.00702759	-0.015	0.014	0.273859	50778.0	158185.0	32.2657766040493	1.34459e-08	0.26	ret_inl_elm_left__sys_t2d_scott2017	ret_inl_elm_left_to_sys_t2d_scott2017	ret_inl_elm_left	sys_t2d_scott2017	False	True
rs12547986	0.0387887	0.00689631	0.011	0.013	0.294916	50428.0	158185.0	31.635659903577007	1.85986e-08	0.41	ret_inl_elm_left__sys_t2d_scott2017	ret_inl_elm_left_to_sys_t2d_scott2017	ret_inl_elm_left	sys_t2d_scott2017	False	True
rs34733940	0.0457563	0.00823352	0.0066	0.016	0.176951	50771.0	158184.0	30.88379833815931	2.73956e-08	0.68	ret_inl_elm_left__sys_t2d_scott2017	ret_inl_elm_left_to_sys_t2d_scott2017	ret_inl_elm_left	sys_t2d_scott2017	False	True
rs1225379	0.0355206	0.00642776	-0.022	0.014	0.48939	48304.0	147775.0	30.538048522871183	3.27392e-08	0.11	ret_inl_elm_left__sys_t2d_scott2017	ret_inl_elm_left_to_sys_t2d_scott2017	ret_inl_elm_left	sys_t2d_scott2017	False	True
rs17407001	-0.0503814	0.00912557	0.0006	0.019	0.138883	50215.0	158184.0	30.480385919668453	3.37261e-08	0.97	ret_inl_elm_left__sys_t2d_scott2017	ret_inl_elm_left_to_sys_t2d_scott2017	ret_inl_elm_left	sys_t2d_scott2017	False	True
rs7903146	0.29	0.013	-0.0288051	0.00689724	NA	158186.0	50950.0	497.6331360946745	9.3e-108	2.96258e-05	ret_inl_elm_left__sys_t2d_scott2017	sys_t2d_scott2017_to_ret_inl_elm_left	sys_t2d_scott2017	ret_inl_elm_left	True	False
rs7451008	-0.17	0.013	0.0133635	0.00714072	NA	158185.0	50653.0	171.00591715976336	3.8e-37	0.061283	ret_inl_elm_left__sys_t2d_scott2017	sys_t2d_scott2017_to_ret_inl_elm_left	sys_t2d_scott2017	ret_inl_elm_left	True	False
rs4402960	0.14	0.013	-0.0147175	0.00679444	NA	152598.0	50950.0	115.97633136094676	2.7e-25	0.030303	ret_inl_elm_left__sys_t2d_scott2017	sys_t2d_scott2017_to_ret_inl_elm_left	sys_t2d_scott2017	ret_inl_elm_left	True	False
rs3802177	-0.11	0.013	0.00109508	0.0068229	NA	158185.0	50950.0	71.59763313609467	1.7e-17	0.872487	ret_inl_elm_left__sys_t2d_scott2017	sys_t2d_scott2017_to_ret_inl_elm_left	sys_t2d_scott2017	ret_inl_elm_left	True	False
rs10965250	-0.14	0.016	-0.0144099	0.00830146	NA	158183.0	50950.0	76.5625	2.7e-17	0.0825943	ret_inl_elm_left__sys_t2d_scott2017	sys_t2d_scott2017_to_ret_inl_elm_left	sys_t2d_scott2017	ret_inl_elm_left	True	False
rs3821943	0.1	0.012	0.000974473	0.00633524	NA	158185.0	50108.0	69.44444444444446	4.2e-16	0.877753	ret_inl_elm_left__sys_t2d_scott2017	sys_t2d_scott2017_to_ret_inl_elm_left	sys_t2d_scott2017	ret_inl_elm_left	True	False
rs2237895	-0.097	0.013	0.00468161	0.00635274	NA	158185.0	50950.0	55.67455621301775	1.7e-13	0.461157	ret_inl_elm_left__sys_t2d_scott2017	sys_t2d_scott2017_to_ret_inl_elm_left	sys_t2d_scott2017	ret_inl_elm_left	True	False
rs11708067	0.11	0.015	-0.00524934	0.00733293	NA	152598.0	50950.0	53.777777777777786	8.8e-13	0.474078	ret_inl_elm_left__sys_t2d_scott2017	sys_t2d_scott2017_to_ret_inl_elm_left	sys_t2d_scott2017	ret_inl_elm_left	True	False
rs810517	-0.089	0.013	0.00682737	0.00628193	NA	152599.0	50939.0	46.869822485207095	1.3e-12	0.277113	ret_inl_elm_left__sys_t2d_scott2017	sys_t2d_scott2017_to_ret_inl_elm_left	sys_t2d_scott2017	ret_inl_elm_left	True	False
rs11616380	-0.09	0.014	-0.00944285	0.00703351	NA	158184.0	50168.0	41.32653061224489	3.9e-11	0.179417	ret_inl_elm_left__sys_t2d_scott2017	sys_t2d_scott2017_to_ret_inl_elm_left	sys_t2d_scott2017	ret_inl_elm_left	True	False
rs429358	0.12	0.019	-0.00149087	0.00868503	NA	152543.0	50950.0	39.88919667590028	1.4e-10	0.863705	ret_inl_elm_left__sys_t2d_scott2017	sys_t2d_scott2017_to_ret_inl_elm_left	sys_t2d_scott2017	ret_inl_elm_left	True	False
rs6757251	-0.13	0.021	-0.00851666	0.0100705	NA	158186.0	50937.0	38.32199546485261	1.9e-10	0.397718	ret_inl_elm_left__sys_t2d_scott2017	sys_t2d_scott2017_to_ret_inl_elm_left	sys_t2d_scott2017	ret_inl_elm_left	True	False
rs10965223	0.077	0.012	-0.00171344	0.00640942	NA	158183.0	50908.0	41.1736111111111	4e-10	0.789214	ret_inl_elm_left__sys_t2d_scott2017	sys_t2d_scott2017_to_ret_inl_elm_left	sys_t2d_scott2017	ret_inl_elm_left	True	False
rs11759026	-0.091	0.015	-0.00228172	0.00750419	NA	158185.0	50519.0	36.80444444444444	5.8e-10	0.761082	ret_inl_elm_left__sys_t2d_scott2017	sys_t2d_scott2017_to_ret_inl_elm_left	sys_t2d_scott2017	ret_inl_elm_left	True	False
rs28650790	0.1	0.016	0.00587868	0.00797454	NA	158186.0	50888.0	39.0625	7.4e-10	0.461012	ret_inl_elm_left__sys_t2d_scott2017	sys_t2d_scott2017_to_ret_inl_elm_left	sys_t2d_scott2017	ret_inl_elm_left	True	False
rs231360	0.079	0.013	-0.00810257	0.00650616	NA	158185.0	50283.0	36.92899408284024	9.5e-10	0.212996	ret_inl_elm_left__sys_t2d_scott2017	sys_t2d_scott2017_to_ret_inl_elm_left	sys_t2d_scott2017	ret_inl_elm_left	True	False
rs4238013	-0.099	0.017	5.64334e-05	0.0078594	NA	158183.0	50387.0	33.91349480968858	3.6e-09	0.994271	ret_inl_elm_left__sys_t2d_scott2017	sys_t2d_scott2017_to_ret_inl_elm_left	sys_t2d_scott2017	ret_inl_elm_left	True	False
rs76550717	0.096	0.016	-0.00539238	0.00866337	NA	158185.0	50182.0	36.0	3.8e-09	0.533656	ret_inl_elm_left__sys_t2d_scott2017	sys_t2d_scott2017_to_ret_inl_elm_left	sys_t2d_scott2017	ret_inl_elm_left	True	False
rs2023681	-0.12	0.021	-0.0213163	0.0110224	NA	158183.0	50938.0	32.65306122448979	3.9e-09	0.0531257	ret_inl_elm_left__sys_t2d_scott2017	sys_t2d_scott2017_to_ret_inl_elm_left	sys_t2d_scott2017	ret_inl_elm_left	True	False
rs1061810	0.08	0.014	0.00557521	0.00690913	NA	158185.0	50950.0	32.6530612244898	5.3e-09	0.419705	ret_inl_elm_left__sys_t2d_scott2017	sys_t2d_scott2017_to_ret_inl_elm_left	sys_t2d_scott2017	ret_inl_elm_left	True	False
rs4846569	-0.077	0.013	0.00642844	0.00691783	NA	158184.0	50583.0	35.082840236686394	8.8e-09	0.352756	ret_inl_elm_left__sys_t2d_scott2017	sys_t2d_scott2017_to_ret_inl_elm_left	sys_t2d_scott2017	ret_inl_elm_left	True	False
rs10193447	0.071	0.012	-0.000202623	0.00645108	NA	158186.0	49993.0	35.006944444444436	1.3e-08	0.974943	ret_inl_elm_left__sys_t2d_scott2017	sys_t2d_scott2017_to_ret_inl_elm_left	sys_t2d_scott2017	ret_inl_elm_left	True	False
rs2215383	-0.069	0.012	0.00696378	0.00632979	NA	158184.0	50932.0	33.0625	1.4e-08	0.271262	ret_inl_elm_left__sys_t2d_scott2017	sys_t2d_scott2017_to_ret_inl_elm_left	sys_t2d_scott2017	ret_inl_elm_left	True	False
rs35352848	0.083	0.015	-0.00542578	0.00783349	NA	158185.0	50891.0	30.617777777777786	1.5e-08	0.488536	ret_inl_elm_left__sys_t2d_scott2017	sys_t2d_scott2017_to_ret_inl_elm_left	sys_t2d_scott2017	ret_inl_elm_left	True	False
rs62530366	-0.076	0.013	-0.0110197	0.00657289	NA	158185.0	49160.0	34.177514792899416	1.9e-08	0.0936338	ret_inl_elm_left__sys_t2d_scott2017	sys_t2d_scott2017_to_ret_inl_elm_left	sys_t2d_scott2017	ret_inl_elm_left	True	False
rs9410573	0.073	0.013	-0.00237369	0.00638684	NA	158183.0	50190.0	31.53254437869822	2e-08	0.710151	ret_inl_elm_left__sys_t2d_scott2017	sys_t2d_scott2017_to_ret_inl_elm_left	sys_t2d_scott2017	ret_inl_elm_left	True	False
rs4774420	-0.075	0.013	0.00954992	0.00694547	NA	158185.0	49326.0	33.28402366863905	2.7e-08	0.169136	ret_inl_elm_left__sys_t2d_scott2017	sys_t2d_scott2017_to_ret_inl_elm_left	sys_t2d_scott2017	ret_inl_elm_left	True	False
rs5219	0.068	0.012	0.0108262	0.00656175	NA	158185.0	50950.0	32.111111111111114	4.3e-08	0.0989629	ret_inl_elm_left__sys_t2d_scott2017	sys_t2d_scott2017_to_ret_inl_elm_left	sys_t2d_scott2017	ret_inl_elm_left	True	False
rs887595	-0.289382	0.00825258	-0.0076	0.0127	0.17798	50559.0	402682.0	1229.5991141231693	2.25331e-269	0.5482	ret_inl_elm_left__sys_ckd_wuttke2019	ret_inl_elm_left_to_sys_ckd_wuttke2019	ret_inl_elm_left	sys_ckd_wuttke2019	False	True
rs3138142	0.179594	0.00736339	0.0095	0.0115	0.239847	50601.0	429344.0	594.8781807965383	2.17307e-131	0.4101	ret_inl_elm_left__sys_ckd_wuttke2019	ret_inl_elm_left_to_sys_ckd_wuttke2019	ret_inl_elm_left	sys_ckd_wuttke2019	False	True
rs375646	0.12702	0.00723761	0.0001	0.0117	0.25524	50664.0	348806.0	308.0022308435278	5.94978e-69	0.9922	ret_inl_elm_left__sys_ckd_wuttke2019	ret_inl_elm_left_to_sys_ckd_wuttke2019	ret_inl_elm_left	sys_ckd_wuttke2019	False	True
rs118186707	0.287453	0.0189209	-0.0195	0.0281	0.0285994	50473.0	375867.0	230.8076027200531	3.97304e-52	0.4878	ret_inl_elm_left__sys_ckd_wuttke2019	ret_inl_elm_left_to_sys_ckd_wuttke2019	ret_inl_elm_left	sys_ckd_wuttke2019	False	True
rs17421627	0.176971	0.012019	0.0083	0.0193	0.0732777	50950.0	440290.0	216.80412426421287	4.50846e-49	0.6662	ret_inl_elm_left__sys_ckd_wuttke2019	ret_inl_elm_left_to_sys_ckd_wuttke2019	ret_inl_elm_left	sys_ckd_wuttke2019	False	True
rs116350483	-0.286424	0.0246047	-0.008	0.0396	0.0165653	50950.0	334588.0	135.51353135289187	2.54994e-31	0.8395	ret_inl_elm_left__sys_ckd_wuttke2019	ret_inl_elm_left_to_sys_ckd_wuttke2019	ret_inl_elm_left	sys_ckd_wuttke2019	False	True
rs9905786	-0.0704186	0.00657502	0.0036	0.0103	0.35552	50886.0	398911.0	114.70454240759798	9.13434e-27	0.7245	ret_inl_elm_left__sys_ckd_wuttke2019	ret_inl_elm_left_to_sys_ckd_wuttke2019	ret_inl_elm_left	sys_ckd_wuttke2019	False	True
rs4668035	-0.0883495	0.00831672	0.0155	0.0118	0.174116	50564.0	444962.0	112.85064132246973	2.32645e-26	0.1884	ret_inl_elm_left__sys_ckd_wuttke2019	ret_inl_elm_left_to_sys_ckd_wuttke2019	ret_inl_elm_left	sys_ckd_wuttke2019	False	True
rs9398063	-0.183053	0.0172324	0.0041	0.0241	0.0345905	50722.0	444889.0	112.83976361342876	2.33921e-26	0.8658	ret_inl_elm_left__sys_ckd_wuttke2019	ret_inl_elm_left_to_sys_ckd_wuttke2019	ret_inl_elm_left	sys_ckd_wuttke2019	False	True
rs929271	0.0720471	0.00694495	-0.0045	0.0099	0.306468	49103.0	440290.0	107.62043974095238	3.25499e-25	0.6508	ret_inl_elm_left__sys_ckd_wuttke2019	ret_inl_elm_left_to_sys_ckd_wuttke2019	ret_inl_elm_left	sys_ckd_wuttke2019	False	True
rs9964861	0.0703081	0.00685784	-0.0023	0.0101	0.304415	50528.0	444627.0	105.1080615569125	1.1565e-24	0.8199	ret_inl_elm_left__sys_ckd_wuttke2019	ret_inl_elm_left_to_sys_ckd_wuttke2019	ret_inl_elm_left	sys_ckd_wuttke2019	False	True
rs148388367	-0.176337	0.0175255	0.0476	0.0277	0.0337294	50075.0	384029.0	101.2385838449933	8.15729e-24	0.08619	ret_inl_elm_left__sys_ckd_wuttke2019	ret_inl_elm_left_to_sys_ckd_wuttke2019	ret_inl_elm_left	sys_ckd_wuttke2019	False	True
rs9298816	0.0655484	0.00688433	0.0083	0.01	0.311245	49633.0	440290.0	90.65689292854212	1.70868e-21	0.4043	ret_inl_elm_left__sys_ckd_wuttke2019	ret_inl_elm_left_to_sys_ckd_wuttke2019	ret_inl_elm_left	sys_ckd_wuttke2019	False	True
rs12891131	-0.0594779	0.00631987	-0.0028	0.0092	0.462987	50941.0	444925.0	88.57169644099329	4.90279e-21	0.757	ret_inl_elm_left__sys_ckd_wuttke2019	ret_inl_elm_left_to_sys_ckd_wuttke2019	ret_inl_elm_left	sys_ckd_wuttke2019	False	True
rs56238729	0.0691819	0.00739917	0.0148	0.0105	0.23612	50936.0	444954.0	87.42164198019204	8.76896e-21	0.1602	ret_inl_elm_left__sys_ckd_wuttke2019	ret_inl_elm_left_to_sys_ckd_wuttke2019	ret_inl_elm_left	sys_ckd_wuttke2019	False	True
rs17370487	-0.0707956	0.00796138	-0.0099	0.0118	0.192542	50950.0	444616.0	79.07438568702416	5.98155e-19	0.4019	ret_inl_elm_left__sys_ckd_wuttke2019	ret_inl_elm_left_to_sys_ckd_wuttke2019	ret_inl_elm_left	sys_ckd_wuttke2019	False	True
rs6564760	0.0619204	0.00732262	0.012	0.0111	0.243934	50526.0	396950.0	71.50468725430645	2.76598e-17	0.279	ret_inl_elm_left__sys_ckd_wuttke2019	ret_inl_elm_left_to_sys_ckd_wuttke2019	ret_inl_elm_left	sys_ckd_wuttke2019	False	True
rs8132685	0.0525259	0.0062841	-0.0106	0.0091	0.47639	50783.0	444875.0	69.86518770209459	6.3501e-17	0.246	ret_inl_elm_left__sys_ckd_wuttke2019	ret_inl_elm_left_to_sys_ckd_wuttke2019	ret_inl_elm_left	sys_ckd_wuttke2019	False	True
rs112109204	0.135048	0.0161913	0.0419	0.0211	0.0401357	49831.0	352304.0	69.5685376381147	7.38311e-17	0.04716	ret_inl_elm_left__sys_ckd_wuttke2019	ret_inl_elm_left_to_sys_ckd_wuttke2019	ret_inl_elm_left	sys_ckd_wuttke2019	False	True
rs7589104	-0.103489	0.012427	-0.0094	0.0176	0.0689341	50512.0	442408.0	69.35148808107505	8.23923e-17	0.591	ret_inl_elm_left__sys_ckd_wuttke2019	ret_inl_elm_left_to_sys_ckd_wuttke2019	ret_inl_elm_left	sys_ckd_wuttke2019	False	True
rs11606813	-0.128155	0.015545	-0.0316	0.0206	0.0427268	50542.0	444652.0	67.96567855532258	1.66419e-16	0.125	ret_inl_elm_left__sys_ckd_wuttke2019	ret_inl_elm_left_to_sys_ckd_wuttke2019	ret_inl_elm_left	sys_ckd_wuttke2019	False	True
rs9639276	0.0681921	0.00828562	-0.0169	0.0129	0.173778	50950.0	402682.0	67.73577539820118	1.86937e-16	0.1874	ret_inl_elm_left__sys_ckd_wuttke2019	ret_inl_elm_left_to_sys_ckd_wuttke2019	ret_inl_elm_left	sys_ckd_wuttke2019	False	True
rs1232180	-0.0561765	0.00685878	-0.0174	0.0097	0.300964	50923.0	444833.0	67.08348397757636	2.60238e-16	0.07324	ret_inl_elm_left__sys_ckd_wuttke2019	ret_inl_elm_left_to_sys_ckd_wuttke2019	ret_inl_elm_left	sys_ckd_wuttke2019	False	True
rs11662962	0.0765031	0.00941261	-0.0091	0.0137	0.127697	50796.0	402682.0	66.05990398334562	4.37412e-16	0.5049	ret_inl_elm_left__sys_ckd_wuttke2019	ret_inl_elm_left_to_sys_ckd_wuttke2019	ret_inl_elm_left	sys_ckd_wuttke2019	False	True
rs9837054	0.0713577	0.00879912	0.0016	0.0124	0.150461	50857.0	444737.0	65.76626919341254	5.07693e-16	0.8989	ret_inl_elm_left__sys_ckd_wuttke2019	ret_inl_elm_left_to_sys_ckd_wuttke2019	ret_inl_elm_left	sys_ckd_wuttke2019	False	True
rs1513617	0.0537479	0.0066616	0.0095	0.0098	0.335916	50852.0	440263.0	65.09773793543343	7.12773e-16	0.3304	ret_inl_elm_left__sys_ckd_wuttke2019	ret_inl_elm_left_to_sys_ckd_wuttke2019	ret_inl_elm_left	sys_ckd_wuttke2019	False	True
rs62391698	-0.0629046	0.00782054	0.0035	0.0123	0.199984	50894.0	402682.0	64.69807020284303	8.73002e-16	0.774	ret_inl_elm_left__sys_ckd_wuttke2019	ret_inl_elm_left_to_sys_ckd_wuttke2019	ret_inl_elm_left	sys_ckd_wuttke2019	False	True
rs2240093	-0.0568478	0.00706965	-0.0077	0.01	0.279804	49876.0	440290.0	64.659374254273	8.90305e-16	0.4395	ret_inl_elm_left__sys_ckd_wuttke2019	ret_inl_elm_left_to_sys_ckd_wuttke2019	ret_inl_elm_left	sys_ckd_wuttke2019	False	True
rs113958504	-0.0733692	0.00917928	-0.003	0.0141	0.136872	50295.0	402682.0	63.8866818358759	1.31785e-15	0.8304	ret_inl_elm_left__sys_ckd_wuttke2019	ret_inl_elm_left_to_sys_ckd_wuttke2019	ret_inl_elm_left	sys_ckd_wuttke2019	False	True
rs28896238	0.0686786	0.00889135	-0.0338	0.0127	0.147131	50720.0	441323.0	59.66332528715198	1.12552e-14	0.007702	ret_inl_elm_left__sys_ckd_wuttke2019	ret_inl_elm_left_to_sys_ckd_wuttke2019	ret_inl_elm_left	sys_ckd_wuttke2019	False	True
rs30373	0.050917	0.00664372	0.0191	0.0101	0.365385	48832.0	402682.0	58.73581146408048	1.80322e-14	0.05875	ret_inl_elm_left__sys_ckd_wuttke2019	ret_inl_elm_left_to_sys_ckd_wuttke2019	ret_inl_elm_left	sys_ckd_wuttke2019	False	True
rs7752728	-0.0585254	0.00768777	-0.0006	0.0114	0.210546	50711.0	440290.0	57.954614009649504	2.68241e-14	0.9591	ret_inl_elm_left__sys_ckd_wuttke2019	ret_inl_elm_left_to_sys_ckd_wuttke2019	ret_inl_elm_left	sys_ckd_wuttke2019	False	True
rs7179450	-0.0469008	0.00631288	0.0691	0.0112	0.493144	50245.0	306905.0	55.19572386856449	1.0911e-13	7.941e-10	ret_inl_elm_left__sys_ckd_wuttke2019	ret_inl_elm_left_to_sys_ckd_wuttke2019	ret_inl_elm_left	sys_ckd_wuttke2019	False	True
rs2930972	0.0581167	0.0081671	-0.0198	0.0128	0.182466	50393.0	402682.0	50.636787540304056	1.11144e-12	0.121	ret_inl_elm_left__sys_ckd_wuttke2019	ret_inl_elm_left_to_sys_ckd_wuttke2019	ret_inl_elm_left	sys_ckd_wuttke2019	False	True
rs9585141	-0.045004	0.00637667	0.0035	0.0091	0.479296	49484.0	439195.0	49.809748324967536	1.69394e-12	0.7021	ret_inl_elm_left__sys_ckd_wuttke2019	ret_inl_elm_left_to_sys_ckd_wuttke2019	ret_inl_elm_left	sys_ckd_wuttke2019	False	True
rs4490572	0.0457642	0.00649001	-0.0084	0.0097	0.460809	47945.0	402682.0	49.723422962783246	1.77016e-12	0.3893	ret_inl_elm_left__sys_ckd_wuttke2019	ret_inl_elm_left_to_sys_ckd_wuttke2019	ret_inl_elm_left	sys_ckd_wuttke2019	False	True
rs10869406	0.0457603	0.00650894	0.0069	0.0094	0.37726	50497.0	431018.0	49.4261962896491	2.05963e-12	0.4647	ret_inl_elm_left__sys_ckd_wuttke2019	ret_inl_elm_left_to_sys_ckd_wuttke2019	ret_inl_elm_left	sys_ckd_wuttke2019	False	True
rs76076446	-0.148043	0.0211389	0.011	0.0374	0.0224436	50950.0	354316.0	49.04683481445696	2.49949e-12	0.7693	ret_inl_elm_left__sys_ckd_wuttke2019	ret_inl_elm_left_to_sys_ckd_wuttke2019	ret_inl_elm_left	sys_ckd_wuttke2019	False	True
rs7183832	0.0446401	0.00651023	-0.0124	0.0114	0.405276	48826.0	306905.0	47.01729650299733	7.03653e-12	0.2756	ret_inl_elm_left__sys_ckd_wuttke2019	ret_inl_elm_left_to_sys_ckd_wuttke2019	ret_inl_elm_left	sys_ckd_wuttke2019	False	True
rs7325207	0.058484	0.00856916	-0.0026	0.0123	0.159962	50787.0	402682.0	46.57980146317633	8.79606e-12	0.8345	ret_inl_elm_left__sys_ckd_wuttke2019	ret_inl_elm_left_to_sys_ckd_wuttke2019	ret_inl_elm_left	sys_ckd_wuttke2019	False	True
rs1947075	0.0450304	0.00661788	-0.0093	0.0097	0.351901	50068.0	440290.0	46.29923695692368	1.01502e-11	0.3386	ret_inl_elm_left__sys_ckd_wuttke2019	ret_inl_elm_left_to_sys_ckd_wuttke2019	ret_inl_elm_left	sys_ckd_wuttke2019	False	True
rs4134898	-0.0635832	0.00940508	-0.0144	0.0148	0.128996	50482.0	402682.0	45.70458546897417	1.37507e-11	0.3295	ret_inl_elm_left__sys_ckd_wuttke2019	ret_inl_elm_left_to_sys_ckd_wuttke2019	ret_inl_elm_left	sys_ckd_wuttke2019	False	True
rs729257	0.0434323	0.00644744	0.0044	0.0099	0.397262	50468.0	398001.0	45.37859428145894	1.62397e-11	0.6594	ret_inl_elm_left__sys_ckd_wuttke2019	ret_inl_elm_left_to_sys_ckd_wuttke2019	ret_inl_elm_left	sys_ckd_wuttke2019	False	True
rs7742431	-0.0423741	0.00630325	0.0133	0.0096	0.498553	50802.0	402682.0	45.193076769071126	1.78534e-11	0.1674	ret_inl_elm_left__sys_ckd_wuttke2019	ret_inl_elm_left_to_sys_ckd_wuttke2019	ret_inl_elm_left	sys_ckd_wuttke2019	False	True
rs34926272	-0.140361	0.0210313	-0.0538	0.035	0.023696	49692.0	322290.0	44.541072541029955	2.49095e-11	0.1246	ret_inl_elm_left__sys_ckd_wuttke2019	ret_inl_elm_left_to_sys_ckd_wuttke2019	ret_inl_elm_left	sys_ckd_wuttke2019	False	True
rs142963458	0.121736	0.0183321	0.0312	0.0272	0.0310611	49789.0	396950.0	44.097464571367354	3.12487e-11	0.2507	ret_inl_elm_left__sys_ckd_wuttke2019	ret_inl_elm_left_to_sys_ckd_wuttke2019	ret_inl_elm_left	sys_ckd_wuttke2019	False	True
rs2177599	0.0417856	0.00629885	-0.009	0.0095	0.479312	50874.0	444886.0	44.00791090422121	3.27058e-11	0.3464	ret_inl_elm_left__sys_ckd_wuttke2019	ret_inl_elm_left_to_sys_ckd_wuttke2019	ret_inl_elm_left	sys_ckd_wuttke2019	False	True
rs58628422	0.0452996	0.0069654	-0.0078	0.0101	0.286687	50583.0	444958.0	42.29573838917441	7.84636e-11	0.4425	ret_inl_elm_left__sys_ckd_wuttke2019	ret_inl_elm_left_to_sys_ckd_wuttke2019	ret_inl_elm_left	sys_ckd_wuttke2019	False	True
rs11070445	0.0446213	0.00687334	-0.0035	0.0097	0.300024	50766.0	444961.0	42.14526441181533	8.47424e-11	0.7202	ret_inl_elm_left__sys_ckd_wuttke2019	ret_inl_elm_left_to_sys_ckd_wuttke2019	ret_inl_elm_left	sys_ckd_wuttke2019	False	True
rs4298013	0.0410886	0.00636003	-0.0092	0.0092	0.428495	50388.0	444893.0	41.737300813072224	1.04396e-10	0.3188	ret_inl_elm_left__sys_ckd_wuttke2019	ret_inl_elm_left_to_sys_ckd_wuttke2019	ret_inl_elm_left	sys_ckd_wuttke2019	False	True
rs16956241	0.0496179	0.00769353	-0.0025	0.0117	0.211216	50801.0	444616.0	41.593498942762004	1.1236e-10	0.8332	ret_inl_elm_left__sys_ckd_wuttke2019	ret_inl_elm_left_to_sys_ckd_wuttke2019	ret_inl_elm_left	sys_ckd_wuttke2019	False	True
rs12193446	0.0687205	0.0106791	-0.0034	0.0162	0.0954858	50950.0	402682.0	41.409817337146485	1.2342e-10	0.8341	ret_inl_elm_left__sys_ckd_wuttke2019	ret_inl_elm_left_to_sys_ckd_wuttke2019	ret_inl_elm_left	sys_ckd_wuttke2019	False	True
rs17384293	-0.0583194	0.00922212	0.0176	0.0131	0.13277	50919.0	444915.0	39.99121108275047	2.55117e-10	0.1791	ret_inl_elm_left__sys_ckd_wuttke2019	ret_inl_elm_left_to_sys_ckd_wuttke2019	ret_inl_elm_left	sys_ckd_wuttke2019	False	True
rs9513095	-0.0429941	0.00680134	0.0169	0.0103	0.305649	50913.0	402682.0	39.96030117925156	2.59172e-10	0.1005	ret_inl_elm_left__sys_ckd_wuttke2019	ret_inl_elm_left_to_sys_ckd_wuttke2019	ret_inl_elm_left	sys_ckd_wuttke2019	False	True
rs4752581	0.0428542	0.00679602	0.016	0.0103	0.321782	49678.0	402682.0	39.762848426475	2.86742e-10	0.1217	ret_inl_elm_left__sys_ckd_wuttke2019	ret_inl_elm_left_to_sys_ckd_wuttke2019	ret_inl_elm_left	sys_ckd_wuttke2019	False	True
rs6751857	0.0393776	0.0063059	0.0147	0.0091	0.445486	50950.0	440290.0	38.99458721956453	4.24957e-10	0.1071	ret_inl_elm_left__sys_ckd_wuttke2019	ret_inl_elm_left_to_sys_ckd_wuttke2019	ret_inl_elm_left	sys_ckd_wuttke2019	False	True
rs12531825	0.0603069	0.00970358	-0.0023	0.014	0.120465	50330.0	444735.0	38.625136567009754	5.13524e-10	0.8692	ret_inl_elm_left__sys_ckd_wuttke2019	ret_inl_elm_left_to_sys_ckd_wuttke2019	ret_inl_elm_left	sys_ckd_wuttke2019	False	True
rs8068292	0.0435431	0.00701134	0.0029	0.0106	0.279891	50868.0	402682.0	38.56884506090529	5.28576e-10	0.7865	ret_inl_elm_left__sys_ckd_wuttke2019	ret_inl_elm_left_to_sys_ckd_wuttke2019	ret_inl_elm_left	sys_ckd_wuttke2019	False	True
rs61817379	-0.0447674	0.00723644	0.0277	0.0107	0.281705	47161.0	402682.0	38.27135275237602	6.1558e-10	0.009283	ret_inl_elm_left__sys_ckd_wuttke2019	ret_inl_elm_left_to_sys_ckd_wuttke2019	ret_inl_elm_left	sys_ckd_wuttke2019	False	True
rs11620670	-0.0389733	0.00638131	-0.0144	0.0092	0.416964	50936.0	444960.0	37.300501877178654	1.01265e-09	0.1173	ret_inl_elm_left__sys_ckd_wuttke2019	ret_inl_elm_left_to_sys_ckd_wuttke2019	ret_inl_elm_left	sys_ckd_wuttke2019	False	True
rs2076765	0.0416143	0.00683007	0.0019	0.0104	0.304165	50706.0	402682.0	37.1223001606616	1.10945e-09	0.8587	ret_inl_elm_left__sys_ckd_wuttke2019	ret_inl_elm_left_to_sys_ckd_wuttke2019	ret_inl_elm_left	sys_ckd_wuttke2019	False	True
rs9379084	0.0634363	0.0105325	0.0099	0.0148	0.104872	48497.0	444971.0	36.27544535416442	1.71327e-09	0.5023	ret_inl_elm_left__sys_ckd_wuttke2019	ret_inl_elm_left_to_sys_ckd_wuttke2019	ret_inl_elm_left	sys_ckd_wuttke2019	False	True
rs920221	0.0379773	0.00631126	-0.0095	0.0096	0.496469	50550.0	402682.0	36.20895798237369	1.77256e-09	0.3262	ret_inl_elm_left__sys_ckd_wuttke2019	ret_inl_elm_left_to_sys_ckd_wuttke2019	ret_inl_elm_left	sys_ckd_wuttke2019	False	True
rs11689553	-0.0439992	0.00734079	-0.0024	0.0119	0.243003	50950.0	402682.0	35.92559418211562	2.05002e-09	0.8401	ret_inl_elm_left__sys_ckd_wuttke2019	ret_inl_elm_left_to_sys_ckd_wuttke2019	ret_inl_elm_left	sys_ckd_wuttke2019	False	True
rs4855836	-0.0374804	0.00634549	0.0147	0.0091	0.431151	50930.0	444869.0	34.88816328004119	3.4921e-09	0.1072	ret_inl_elm_left__sys_ckd_wuttke2019	ret_inl_elm_left_to_sys_ckd_wuttke2019	ret_inl_elm_left	sys_ckd_wuttke2019	False	True
rs919655	0.057172	0.00968628	-0.0004	0.0148	0.120786	50403.0	402682.0	34.83796127787565	3.58306e-09	0.9784	ret_inl_elm_left__sys_ckd_wuttke2019	ret_inl_elm_left_to_sys_ckd_wuttke2019	ret_inl_elm_left	sys_ckd_wuttke2019	False	True
rs575770	-0.0505091	0.00862259	-0.0038	0.0135	0.158741	50529.0	402682.0	34.313402763462605	4.69148e-09	0.7809	ret_inl_elm_left__sys_ckd_wuttke2019	ret_inl_elm_left_to_sys_ckd_wuttke2019	ret_inl_elm_left	sys_ckd_wuttke2019	False	True
rs63338061	0.0386406	0.00661825	0.0111	0.0102	0.362173	49486.0	402682.0	34.087989400423965	5.26786e-09	0.2786	ret_inl_elm_left__sys_ckd_wuttke2019	ret_inl_elm_left_to_sys_ckd_wuttke2019	ret_inl_elm_left	sys_ckd_wuttke2019	False	True
rs13162470	-0.0366625	0.0063311	0.023	0.0103	0.495997	50208.0	348986.0	33.5340343935285	7.00282e-09	0.02596	ret_inl_elm_left__sys_ckd_wuttke2019	ret_inl_elm_left_to_sys_ckd_wuttke2019	ret_inl_elm_left	sys_ckd_wuttke2019	False	True
rs11221653	0.0365966	0.00642138	-0.01	0.0095	0.391698	50950.0	440290.0	32.48065184096006	1.20384e-08	0.2885	ret_inl_elm_left__sys_ckd_wuttke2019	ret_inl_elm_left_to_sys_ckd_wuttke2019	ret_inl_elm_left	sys_ckd_wuttke2019	False	True
rs4680287	-0.0399188	0.00702759	-0.0061	0.0108	0.273859	50778.0	402682.0	32.2657766040493	1.34459e-08	0.5742	ret_inl_elm_left__sys_ckd_wuttke2019	ret_inl_elm_left_to_sys_ckd_wuttke2019	ret_inl_elm_left	sys_ckd_wuttke2019	False	True
rs12547986	0.0387887	0.00689631	-0.0054	0.0106	0.294916	50428.0	402682.0	31.635659903577007	1.85986e-08	0.6112	ret_inl_elm_left__sys_ckd_wuttke2019	ret_inl_elm_left_to_sys_ckd_wuttke2019	ret_inl_elm_left	sys_ckd_wuttke2019	False	True
rs34733940	0.0457563	0.00823352	0.0023	0.0126	0.176951	50771.0	402682.0	30.88379833815931	2.73956e-08	0.854	ret_inl_elm_left__sys_ckd_wuttke2019	ret_inl_elm_left_to_sys_ckd_wuttke2019	ret_inl_elm_left	sys_ckd_wuttke2019	False	True
rs11218350	0.0418793	0.00755618	-0.0053	0.0107	0.223385	50657.0	440136.0	30.718092090253265	2.98367e-08	0.6193	ret_inl_elm_left__sys_ckd_wuttke2019	ret_inl_elm_left_to_sys_ckd_wuttke2019	ret_inl_elm_left	sys_ckd_wuttke2019	False	True
rs1225379	0.0355206	0.00642776	-0.0071	0.0102	0.48939	48304.0	382891.0	30.538048522871183	3.27392e-08	0.4846	ret_inl_elm_left__sys_ckd_wuttke2019	ret_inl_elm_left_to_sys_ckd_wuttke2019	ret_inl_elm_left	sys_ckd_wuttke2019	False	True
rs17407001	-0.0503814	0.00912557	0.034	0.0143	0.138883	50215.0	402682.0	30.480385919668453	3.37261e-08	0.01716	ret_inl_elm_left__sys_ckd_wuttke2019	ret_inl_elm_left_to_sys_ckd_wuttke2019	ret_inl_elm_left	sys_ckd_wuttke2019	False	True
rs77924615	-0.2237	0.0128	-0.00888131	0.00805316	0.2	402682.0	49674.0	305.43023681640625	6.383e-69	0.270099	ret_inl_elm_left__sys_ckd_wuttke2019	sys_ckd_wuttke2019_to_ret_inl_elm_left	sys_ckd_wuttke2019	ret_inl_elm_left	True	False
rs10224002	-0.1083	0.0102	0.00411373	0.00690163	0.72	440290.0	50950.0	112.7344290657439	2.651e-26	0.551141	ret_inl_elm_left__sys_ckd_wuttke2019	sys_ckd_wuttke2019_to_ret_inl_elm_left	sys_ckd_wuttke2019	ret_inl_elm_left	True	False
rs2484639	-0.0774	0.0092	0.00215949	0.00632627	0.51	438949.0	50647.0	70.77930056710774	2.95e-17	0.732838	ret_inl_elm_left__sys_ckd_wuttke2019	sys_ckd_wuttke2019_to_ret_inl_elm_left	sys_ckd_wuttke2019	ret_inl_elm_left	True	False
rs62300825	-0.0949	0.0116	0.00570577	0.00770813	0.2	444622.0	50450.0	66.92932520808561	2.629e-16	0.459161	ret_inl_elm_left__sys_ckd_wuttke2019	sys_ckd_wuttke2019_to_ret_inl_elm_left	sys_ckd_wuttke2019	ret_inl_elm_left	True	False
rs17730281	-0.0869	0.011	0.0276855	0.00749325	0.23	440290.0	50950.0	62.41000000000002	2.677e-15	0.00022013	ret_inl_elm_left__sys_ckd_wuttke2019	sys_ckd_wuttke2019_to_ret_inl_elm_left	sys_ckd_wuttke2019	ret_inl_elm_left	True	False
rs35716097	0.0785	0.0105	-0.00683721	0.00684089	0.32	402682.0	50950.0	55.89342403628117	8.202e-14	0.317571	ret_inl_elm_left__sys_ckd_wuttke2019	sys_ckd_wuttke2019_to_ret_inl_elm_left	sys_ckd_wuttke2019	ret_inl_elm_left	True	False
rs700221	-0.0719	0.0098	-0.00706189	0.00640443	0.59	402682.0	50605.0	53.82767596834653	2.192e-13	0.270176	ret_inl_elm_left__sys_ckd_wuttke2019	sys_ckd_wuttke2019_to_ret_inl_elm_left	sys_ckd_wuttke2019	ret_inl_elm_left	True	False
rs7908590	-0.1343	0.0188	0.0191645	0.0119916	0.93	402682.0	50688.0	51.0312641466727	8.993e-13	0.110008	ret_inl_elm_left__sys_ckd_wuttke2019	sys_ckd_wuttke2019_to_ret_inl_elm_left	sys_ckd_wuttke2019	ret_inl_elm_left	True	False
rs12205178	0.0931	0.014	-0.00453855	0.00932897	0.12	444904.0	50814.0	44.222500000000004	3.087e-11	0.626612	ret_inl_elm_left__sys_ckd_wuttke2019	sys_ckd_wuttke2019_to_ret_inl_elm_left	sys_ckd_wuttke2019	ret_inl_elm_left	True	False
rs4871907	-0.0628	0.0097	0.0116795	0.00658396	0.55	402682.0	47357.0	41.91561271123391	9.909e-11	0.0760738	ret_inl_elm_left__sys_ckd_wuttke2019	sys_ckd_wuttke2019_to_ret_inl_elm_left	sys_ckd_wuttke2019	ret_inl_elm_left	True	False
rs77713116	-0.0752	0.0116	-0.00808599	0.00659614	0.65	306905.0	50829.0	42.02615933412605	1.031e-10	0.220249	ret_inl_elm_left__sys_ckd_wuttke2019	sys_ckd_wuttke2019_to_ret_inl_elm_left	sys_ckd_wuttke2019	ret_inl_elm_left	True	False
rs187355703	-0.1987	0.0312	0.00539847	0.0205708	0.98	401575.0	50816.0	40.55893532215648	1.801e-10	0.792987	ret_inl_elm_left__sys_ckd_wuttke2019	sys_ckd_wuttke2019_to_ret_inl_elm_left	sys_ckd_wuttke2019	ret_inl_elm_left	True	False
rs7178881	-0.0544	0.0092	-0.00246599	0.00634329	0.41	444846.0	50950.0	34.964083175803395	4.14e-09	0.697457	ret_inl_elm_left__sys_ckd_wuttke2019	sys_ckd_wuttke2019_to_ret_inl_elm_left	sys_ckd_wuttke2019	ret_inl_elm_left	True	False
rs1458038	-0.059	0.01	-0.00855512	0.00695499	0.31	440290.0	50149.0	34.809999999999995	4.206e-09	0.218671	ret_inl_elm_left__sys_ckd_wuttke2019	sys_ckd_wuttke2019_to_ret_inl_elm_left	sys_ckd_wuttke2019	ret_inl_elm_left	True	False
rs2580350	0.055	0.0098	0.00349141	0.00641365	0.55	402682.0	49398.0	31.49729279466889	1.691e-08	0.586186	ret_inl_elm_left__sys_ckd_wuttke2019	sys_ckd_wuttke2019_to_ret_inl_elm_left	sys_ckd_wuttke2019	ret_inl_elm_left	True	False
rs9474801	0.0522	0.0096	0.00504586	0.00663679	0.34	444725.0	50707.0	29.56640625000001	4.606e-08	0.447083	ret_inl_elm_left__sys_ckd_wuttke2019	sys_ckd_wuttke2019_to_ret_inl_elm_left	sys_ckd_wuttke2019	ret_inl_elm_left	True	False
rs887595	-0.289382	0.00825258	0.0064	0.0184	0.17798	50559.0	63926.0	1229.5991141231693	2.25331e-269	0.7278	ret_inl_elm_left__sys_ad_kunkle2019	ret_inl_elm_left_to_sys_ad_kunkle2019	ret_inl_elm_left	sys_ad_kunkle2019	False	True
rs3138142	0.179594	0.00736339	0.0368	0.0199	0.239847	50601.0	63926.0	594.8781807965383	2.17307e-131	0.06423	ret_inl_elm_left__sys_ad_kunkle2019	ret_inl_elm_left_to_sys_ad_kunkle2019	ret_inl_elm_left	sys_ad_kunkle2019	False	True
rs375646	0.12702	0.00723761	0.0162	0.0163	0.25524	50664.0	63926.0	308.0022308435278	5.94978e-69	0.3197	ret_inl_elm_left__sys_ad_kunkle2019	ret_inl_elm_left_to_sys_ad_kunkle2019	ret_inl_elm_left	sys_ad_kunkle2019	False	True
rs118186707	0.287453	0.0189209	0.0167	0.0465	0.0285994	50473.0	63926.0	230.8076027200531	3.97304e-52	0.7193	ret_inl_elm_left__sys_ad_kunkle2019	ret_inl_elm_left_to_sys_ad_kunkle2019	ret_inl_elm_left	sys_ad_kunkle2019	False	True
rs17421627	0.176971	0.012019	-0.0281	0.0281	0.0732777	50950.0	63926.0	216.80412426421287	4.50846e-49	0.3188	ret_inl_elm_left__sys_ad_kunkle2019	ret_inl_elm_left_to_sys_ad_kunkle2019	ret_inl_elm_left	sys_ad_kunkle2019	False	True
rs116350483	-0.286424	0.0246047	0.06	0.0642	0.0165653	50950.0	63926.0	135.51353135289187	2.54994e-31	0.3495	ret_inl_elm_left__sys_ad_kunkle2019	ret_inl_elm_left_to_sys_ad_kunkle2019	ret_inl_elm_left	sys_ad_kunkle2019	False	True
rs62054372	0.0820883	0.00759275	-0.0399	0.0179	0.22156	50298.0	63926.0	116.88649141963712	3.03982e-27	0.02606	ret_inl_elm_left__sys_ad_kunkle2019	ret_inl_elm_left_to_sys_ad_kunkle2019	ret_inl_elm_left	sys_ad_kunkle2019	False	True
rs9905786	-0.0704186	0.00657502	-0.0127	0.0159	0.35552	50886.0	63926.0	114.70454240759798	9.13434e-27	0.4245	ret_inl_elm_left__sys_ad_kunkle2019	ret_inl_elm_left_to_sys_ad_kunkle2019	ret_inl_elm_left	sys_ad_kunkle2019	False	True
rs4668035	-0.0883495	0.00831672	0.0289	0.0187	0.174116	50564.0	63926.0	112.85064132246973	2.32645e-26	0.1214	ret_inl_elm_left__sys_ad_kunkle2019	ret_inl_elm_left_to_sys_ad_kunkle2019	ret_inl_elm_left	sys_ad_kunkle2019	False	True
rs9398063	-0.183053	0.0172324	-0.0184	0.0383	0.0345905	50722.0	63926.0	112.83976361342876	2.33921e-26	0.6303	ret_inl_elm_left__sys_ad_kunkle2019	ret_inl_elm_left_to_sys_ad_kunkle2019	ret_inl_elm_left	sys_ad_kunkle2019	False	True
rs929271	0.0720471	0.00694495	0.016	0.0154	0.306468	49103.0	63926.0	107.62043974095238	3.25499e-25	0.2982	ret_inl_elm_left__sys_ad_kunkle2019	ret_inl_elm_left_to_sys_ad_kunkle2019	ret_inl_elm_left	sys_ad_kunkle2019	False	True
rs9964861	0.0703081	0.00685784	0.0161	0.0155	0.304415	50528.0	63926.0	105.1080615569125	1.1565e-24	0.2993	ret_inl_elm_left__sys_ad_kunkle2019	ret_inl_elm_left_to_sys_ad_kunkle2019	ret_inl_elm_left	sys_ad_kunkle2019	False	True
rs148388367	-0.176337	0.0175255	-0.0063	0.0391	0.0337294	50075.0	63926.0	101.2385838449933	8.15729e-24	0.8731	ret_inl_elm_left__sys_ad_kunkle2019	ret_inl_elm_left_to_sys_ad_kunkle2019	ret_inl_elm_left	sys_ad_kunkle2019	False	True
rs9298816	0.0655484	0.00688433	0.001	0.0165	0.311245	49633.0	63926.0	90.65689292854212	1.70868e-21	0.9495	ret_inl_elm_left__sys_ad_kunkle2019	ret_inl_elm_left_to_sys_ad_kunkle2019	ret_inl_elm_left	sys_ad_kunkle2019	False	True
rs12891131	-0.0594779	0.00631987	0.0016	0.0142	0.462987	50941.0	63926.0	88.57169644099329	4.90279e-21	0.91	ret_inl_elm_left__sys_ad_kunkle2019	ret_inl_elm_left_to_sys_ad_kunkle2019	ret_inl_elm_left	sys_ad_kunkle2019	False	True
rs56238729	0.0691819	0.00739917	0.011	0.0167	0.23612	50936.0	63926.0	87.42164198019204	8.76896e-21	0.511	ret_inl_elm_left__sys_ad_kunkle2019	ret_inl_elm_left_to_sys_ad_kunkle2019	ret_inl_elm_left	sys_ad_kunkle2019	False	True
rs17370487	-0.0707956	0.00796138	0.0066	0.0182	0.192542	50950.0	63926.0	79.07438568702416	5.98155e-19	0.7167	ret_inl_elm_left__sys_ad_kunkle2019	ret_inl_elm_left_to_sys_ad_kunkle2019	ret_inl_elm_left	sys_ad_kunkle2019	False	True
rs6564760	0.0619204	0.00732262	0.0269	0.0167	0.243934	50526.0	63926.0	71.50468725430645	2.76598e-17	0.1084	ret_inl_elm_left__sys_ad_kunkle2019	ret_inl_elm_left_to_sys_ad_kunkle2019	ret_inl_elm_left	sys_ad_kunkle2019	False	True
rs8132685	0.0525259	0.0062841	-0.0107	0.0142	0.47639	50783.0	63926.0	69.86518770209459	6.3501e-17	0.4519	ret_inl_elm_left__sys_ad_kunkle2019	ret_inl_elm_left_to_sys_ad_kunkle2019	ret_inl_elm_left	sys_ad_kunkle2019	False	True
rs112109204	0.135048	0.0161913	-0.0033	0.0526	0.0401357	49831.0	63926.0	69.5685376381147	7.38311e-17	0.9497	ret_inl_elm_left__sys_ad_kunkle2019	ret_inl_elm_left_to_sys_ad_kunkle2019	ret_inl_elm_left	sys_ad_kunkle2019	False	True
rs7589104	-0.103489	0.012427	-0.0202	0.0284	0.0689341	50512.0	63926.0	69.35148808107505	8.23923e-17	0.4761	ret_inl_elm_left__sys_ad_kunkle2019	ret_inl_elm_left_to_sys_ad_kunkle2019	ret_inl_elm_left	sys_ad_kunkle2019	False	True
rs11606813	-0.128155	0.015545	0.0298	0.0368	0.0427268	50542.0	63926.0	67.96567855532258	1.66419e-16	0.418	ret_inl_elm_left__sys_ad_kunkle2019	ret_inl_elm_left_to_sys_ad_kunkle2019	ret_inl_elm_left	sys_ad_kunkle2019	False	True
rs9639276	0.0681921	0.00828562	-0.0169	0.0193	0.173778	50950.0	63926.0	67.73577539820118	1.86937e-16	0.3827	ret_inl_elm_left__sys_ad_kunkle2019	ret_inl_elm_left_to_sys_ad_kunkle2019	ret_inl_elm_left	sys_ad_kunkle2019	False	True
rs1232180	-0.0561765	0.00685878	0.0104	0.0154	0.300964	50923.0	63926.0	67.08348397757636	2.60238e-16	0.4997	ret_inl_elm_left__sys_ad_kunkle2019	ret_inl_elm_left_to_sys_ad_kunkle2019	ret_inl_elm_left	sys_ad_kunkle2019	False	True
rs11662962	0.0765031	0.00941261	0.0044	0.021	0.127697	50796.0	63926.0	66.05990398334562	4.37412e-16	0.8357	ret_inl_elm_left__sys_ad_kunkle2019	ret_inl_elm_left_to_sys_ad_kunkle2019	ret_inl_elm_left	sys_ad_kunkle2019	False	True
rs9837054	0.0713577	0.00879912	-0.0142	0.0198	0.150461	50857.0	63926.0	65.76626919341254	5.07693e-16	0.4721	ret_inl_elm_left__sys_ad_kunkle2019	ret_inl_elm_left_to_sys_ad_kunkle2019	ret_inl_elm_left	sys_ad_kunkle2019	False	True
rs1513617	0.0537479	0.0066616	-0.0061	0.0151	0.335916	50852.0	63926.0	65.09773793543343	7.12773e-16	0.6886	ret_inl_elm_left__sys_ad_kunkle2019	ret_inl_elm_left_to_sys_ad_kunkle2019	ret_inl_elm_left	sys_ad_kunkle2019	False	True
rs62391698	-0.0629046	0.00782054	0.0075	0.0177	0.199984	50894.0	63926.0	64.69807020284303	8.73002e-16	0.6708	ret_inl_elm_left__sys_ad_kunkle2019	ret_inl_elm_left_to_sys_ad_kunkle2019	ret_inl_elm_left	sys_ad_kunkle2019	False	True
rs2240093	-0.0568478	0.00706965	0.0048	0.0155	0.279804	49876.0	63926.0	64.659374254273	8.90305e-16	0.7571	ret_inl_elm_left__sys_ad_kunkle2019	ret_inl_elm_left_to_sys_ad_kunkle2019	ret_inl_elm_left	sys_ad_kunkle2019	False	True
rs113958504	-0.0733692	0.00917928	-0.0183	0.0212	0.136872	50295.0	63926.0	63.8866818358759	1.31785e-15	0.3882	ret_inl_elm_left__sys_ad_kunkle2019	ret_inl_elm_left_to_sys_ad_kunkle2019	ret_inl_elm_left	sys_ad_kunkle2019	False	True
rs28896238	0.0686786	0.00889135	0.0347	0.0199	0.147131	50720.0	63926.0	59.66332528715198	1.12552e-14	0.08126	ret_inl_elm_left__sys_ad_kunkle2019	ret_inl_elm_left_to_sys_ad_kunkle2019	ret_inl_elm_left	sys_ad_kunkle2019	False	True
rs30373	0.050917	0.00664372	0.018	0.0154	0.365385	48832.0	63926.0	58.73581146408048	1.80322e-14	0.2418	ret_inl_elm_left__sys_ad_kunkle2019	ret_inl_elm_left_to_sys_ad_kunkle2019	ret_inl_elm_left	sys_ad_kunkle2019	False	True
rs7752728	-0.0585254	0.00768777	-0.0099	0.0173	0.210546	50711.0	63926.0	57.954614009649504	2.68241e-14	0.5675	ret_inl_elm_left__sys_ad_kunkle2019	ret_inl_elm_left_to_sys_ad_kunkle2019	ret_inl_elm_left	sys_ad_kunkle2019	False	True
rs7179450	-0.0469008	0.00631288	-0.0008	0.0156	0.493144	50245.0	63926.0	55.19572386856449	1.0911e-13	0.9593	ret_inl_elm_left__sys_ad_kunkle2019	ret_inl_elm_left_to_sys_ad_kunkle2019	ret_inl_elm_left	sys_ad_kunkle2019	False	True
rs2930972	0.0581167	0.0081671	0.0108	0.0189	0.182466	50393.0	63926.0	50.636787540304056	1.11144e-12	0.5651	ret_inl_elm_left__sys_ad_kunkle2019	ret_inl_elm_left_to_sys_ad_kunkle2019	ret_inl_elm_left	sys_ad_kunkle2019	False	True
rs9585141	-0.045004	0.00637667	-0.014	0.0142	0.479296	49484.0	63926.0	49.809748324967536	1.69394e-12	0.3235	ret_inl_elm_left__sys_ad_kunkle2019	ret_inl_elm_left_to_sys_ad_kunkle2019	ret_inl_elm_left	sys_ad_kunkle2019	False	True
rs4490572	0.0457642	0.00649001	-0.0324	0.0143	0.460809	47945.0	63926.0	49.723422962783246	1.77016e-12	0.02358	ret_inl_elm_left__sys_ad_kunkle2019	ret_inl_elm_left_to_sys_ad_kunkle2019	ret_inl_elm_left	sys_ad_kunkle2019	False	True
rs10869406	0.0457603	0.00650894	0.0029	0.0147	0.37726	50497.0	63926.0	49.4261962896491	2.05963e-12	0.8414	ret_inl_elm_left__sys_ad_kunkle2019	ret_inl_elm_left_to_sys_ad_kunkle2019	ret_inl_elm_left	sys_ad_kunkle2019	False	True
rs76076446	-0.148043	0.0211389	-0.0552	0.0975	0.0224436	50950.0	63926.0	49.04683481445696	2.49949e-12	0.5712	ret_inl_elm_left__sys_ad_kunkle2019	ret_inl_elm_left_to_sys_ad_kunkle2019	ret_inl_elm_left	sys_ad_kunkle2019	False	True
rs7183832	0.0446401	0.00651023	-0.0159	0.0155	0.405276	48826.0	63926.0	47.01729650299733	7.03653e-12	0.3071	ret_inl_elm_left__sys_ad_kunkle2019	ret_inl_elm_left_to_sys_ad_kunkle2019	ret_inl_elm_left	sys_ad_kunkle2019	False	True
rs7325207	0.058484	0.00856916	-0.0147	0.0186	0.159962	50787.0	63926.0	46.57980146317633	8.79606e-12	0.4287	ret_inl_elm_left__sys_ad_kunkle2019	ret_inl_elm_left_to_sys_ad_kunkle2019	ret_inl_elm_left	sys_ad_kunkle2019	False	True
rs1947075	0.0450304	0.00661788	-0.0214	0.0149	0.351901	50068.0	63926.0	46.29923695692368	1.01502e-11	0.1495	ret_inl_elm_left__sys_ad_kunkle2019	ret_inl_elm_left_to_sys_ad_kunkle2019	ret_inl_elm_left	sys_ad_kunkle2019	False	True
rs4134898	-0.0635832	0.00940508	-0.007	0.0221	0.128996	50482.0	63926.0	45.70458546897417	1.37507e-11	0.7521	ret_inl_elm_left__sys_ad_kunkle2019	ret_inl_elm_left_to_sys_ad_kunkle2019	ret_inl_elm_left	sys_ad_kunkle2019	False	True
rs729257	0.0434323	0.00644744	0.0133	0.0146	0.397262	50468.0	63926.0	45.37859428145894	1.62397e-11	0.3633	ret_inl_elm_left__sys_ad_kunkle2019	ret_inl_elm_left_to_sys_ad_kunkle2019	ret_inl_elm_left	sys_ad_kunkle2019	False	True
rs7742431	-0.0423741	0.00630325	-0.0188	0.0142	0.498553	50802.0	63926.0	45.193076769071126	1.78534e-11	0.1865	ret_inl_elm_left__sys_ad_kunkle2019	ret_inl_elm_left_to_sys_ad_kunkle2019	ret_inl_elm_left	sys_ad_kunkle2019	False	True
rs34926272	-0.140361	0.0210313	-0.068	0.0467	0.023696	49692.0	63926.0	44.541072541029955	2.49095e-11	0.1454	ret_inl_elm_left__sys_ad_kunkle2019	ret_inl_elm_left_to_sys_ad_kunkle2019	ret_inl_elm_left	sys_ad_kunkle2019	False	True
rs142963458	0.121736	0.0183321	0.0052	0.0423	0.0310611	49789.0	63926.0	44.097464571367354	3.12487e-11	0.903	ret_inl_elm_left__sys_ad_kunkle2019	ret_inl_elm_left_to_sys_ad_kunkle2019	ret_inl_elm_left	sys_ad_kunkle2019	False	True
rs2177599	0.0417856	0.00629885	0.0002	0.0143	0.479312	50874.0	63926.0	44.00791090422121	3.27058e-11	0.9866	ret_inl_elm_left__sys_ad_kunkle2019	ret_inl_elm_left_to_sys_ad_kunkle2019	ret_inl_elm_left	sys_ad_kunkle2019	False	True
rs58628422	0.0452996	0.0069654	0.0117	0.0154	0.286687	50583.0	63926.0	42.29573838917441	7.84636e-11	0.4484	ret_inl_elm_left__sys_ad_kunkle2019	ret_inl_elm_left_to_sys_ad_kunkle2019	ret_inl_elm_left	sys_ad_kunkle2019	False	True
rs11070445	0.0446213	0.00687334	-0.0066	0.0154	0.300024	50766.0	63926.0	42.14526441181533	8.47424e-11	0.67	ret_inl_elm_left__sys_ad_kunkle2019	ret_inl_elm_left_to_sys_ad_kunkle2019	ret_inl_elm_left	sys_ad_kunkle2019	False	True
rs4298013	0.0410886	0.00636003	0.0	0.0143	0.428495	50388.0	63926.0	41.737300813072224	1.04396e-10	0.9998	ret_inl_elm_left__sys_ad_kunkle2019	ret_inl_elm_left_to_sys_ad_kunkle2019	ret_inl_elm_left	sys_ad_kunkle2019	False	True
rs16956241	0.0496179	0.00769353	-0.0131	0.0176	0.211216	50801.0	63926.0	41.593498942762004	1.1236e-10	0.4556	ret_inl_elm_left__sys_ad_kunkle2019	ret_inl_elm_left_to_sys_ad_kunkle2019	ret_inl_elm_left	sys_ad_kunkle2019	False	True
rs12193446	0.0687205	0.0106791	-0.0179	0.0255	0.0954858	50950.0	63926.0	41.409817337146485	1.2342e-10	0.4831	ret_inl_elm_left__sys_ad_kunkle2019	ret_inl_elm_left_to_sys_ad_kunkle2019	ret_inl_elm_left	sys_ad_kunkle2019	False	True
rs17384293	-0.0583194	0.00922212	0.0122	0.0214	0.13277	50919.0	63926.0	39.99121108275047	2.55117e-10	0.569	ret_inl_elm_left__sys_ad_kunkle2019	ret_inl_elm_left_to_sys_ad_kunkle2019	ret_inl_elm_left	sys_ad_kunkle2019	False	True
rs9513095	-0.0429941	0.00680134	0.025	0.0155	0.305649	50913.0	63926.0	39.96030117925156	2.59172e-10	0.1069	ret_inl_elm_left__sys_ad_kunkle2019	ret_inl_elm_left_to_sys_ad_kunkle2019	ret_inl_elm_left	sys_ad_kunkle2019	False	True
rs4752581	0.0428542	0.00679602	0.0027	0.0154	0.321782	49678.0	63926.0	39.762848426475	2.86742e-10	0.862	ret_inl_elm_left__sys_ad_kunkle2019	ret_inl_elm_left_to_sys_ad_kunkle2019	ret_inl_elm_left	sys_ad_kunkle2019	False	True
rs6751857	0.0393776	0.0063059	-0.0359	0.0143	0.445486	50950.0	63926.0	38.99458721956453	4.24957e-10	0.01197	ret_inl_elm_left__sys_ad_kunkle2019	ret_inl_elm_left_to_sys_ad_kunkle2019	ret_inl_elm_left	sys_ad_kunkle2019	False	True
rs12531825	0.0603069	0.00970358	0.0064	0.023	0.120465	50330.0	63926.0	38.625136567009754	5.13524e-10	0.7805	ret_inl_elm_left__sys_ad_kunkle2019	ret_inl_elm_left_to_sys_ad_kunkle2019	ret_inl_elm_left	sys_ad_kunkle2019	False	True
rs8068292	0.0435431	0.00701134	-0.0159	0.0161	0.279891	50868.0	63926.0	38.56884506090529	5.28576e-10	0.3223	ret_inl_elm_left__sys_ad_kunkle2019	ret_inl_elm_left_to_sys_ad_kunkle2019	ret_inl_elm_left	sys_ad_kunkle2019	False	True
rs61817379	-0.0447674	0.00723644	-0.004	0.0162	0.281705	47161.0	63926.0	38.27135275237602	6.1558e-10	0.8043	ret_inl_elm_left__sys_ad_kunkle2019	ret_inl_elm_left_to_sys_ad_kunkle2019	ret_inl_elm_left	sys_ad_kunkle2019	False	True
rs11620670	-0.0389733	0.00638131	0.0133	0.0145	0.416964	50936.0	63926.0	37.300501877178654	1.01265e-09	0.3592	ret_inl_elm_left__sys_ad_kunkle2019	ret_inl_elm_left_to_sys_ad_kunkle2019	ret_inl_elm_left	sys_ad_kunkle2019	False	True
rs2076765	0.0416143	0.00683007	-0.028	0.0157	0.304165	50706.0	63926.0	37.1223001606616	1.10945e-09	0.07465	ret_inl_elm_left__sys_ad_kunkle2019	ret_inl_elm_left_to_sys_ad_kunkle2019	ret_inl_elm_left	sys_ad_kunkle2019	False	True
rs9379084	0.0634363	0.0105325	0.0058	0.0233	0.104872	48497.0	63926.0	36.27544535416442	1.71327e-09	0.8041	ret_inl_elm_left__sys_ad_kunkle2019	ret_inl_elm_left_to_sys_ad_kunkle2019	ret_inl_elm_left	sys_ad_kunkle2019	False	True
rs920221	0.0379773	0.00631126	-0.0052	0.0144	0.496469	50550.0	63926.0	36.20895798237369	1.77256e-09	0.7183	ret_inl_elm_left__sys_ad_kunkle2019	ret_inl_elm_left_to_sys_ad_kunkle2019	ret_inl_elm_left	sys_ad_kunkle2019	False	True
rs11689553	-0.0439992	0.00734079	0.0144	0.0185	0.243003	50950.0	63926.0	35.92559418211562	2.05002e-09	0.4362	ret_inl_elm_left__sys_ad_kunkle2019	ret_inl_elm_left_to_sys_ad_kunkle2019	ret_inl_elm_left	sys_ad_kunkle2019	False	True
rs75159625	0.0402917	0.00680195	0.0295	0.0226	0.313597	50533.0	63926.0	35.08846041297528	3.15067e-09	0.1912	ret_inl_elm_left__sys_ad_kunkle2019	ret_inl_elm_left_to_sys_ad_kunkle2019	ret_inl_elm_left	sys_ad_kunkle2019	False	True
rs4855836	-0.0374804	0.00634549	-0.0118	0.0144	0.431151	50930.0	63926.0	34.88816328004119	3.4921e-09	0.4122	ret_inl_elm_left__sys_ad_kunkle2019	ret_inl_elm_left_to_sys_ad_kunkle2019	ret_inl_elm_left	sys_ad_kunkle2019	False	True
rs919655	0.057172	0.00968628	-0.0129	0.022	0.120786	50403.0	63926.0	34.83796127787565	3.58306e-09	0.5568	ret_inl_elm_left__sys_ad_kunkle2019	ret_inl_elm_left_to_sys_ad_kunkle2019	ret_inl_elm_left	sys_ad_kunkle2019	False	True
rs575770	-0.0505091	0.00862259	0.0028	0.0201	0.158741	50529.0	63926.0	34.313402763462605	4.69148e-09	0.8885	ret_inl_elm_left__sys_ad_kunkle2019	ret_inl_elm_left_to_sys_ad_kunkle2019	ret_inl_elm_left	sys_ad_kunkle2019	False	True
rs63338061	0.0386406	0.00661825	0.0249	0.0153	0.362173	49486.0	63926.0	34.087989400423965	5.26786e-09	0.103	ret_inl_elm_left__sys_ad_kunkle2019	ret_inl_elm_left_to_sys_ad_kunkle2019	ret_inl_elm_left	sys_ad_kunkle2019	False	True
rs13162470	-0.0366625	0.0063311	0.0227	0.0143	0.495997	50208.0	63926.0	33.5340343935285	7.00282e-09	0.1131	ret_inl_elm_left__sys_ad_kunkle2019	ret_inl_elm_left_to_sys_ad_kunkle2019	ret_inl_elm_left	sys_ad_kunkle2019	False	True
rs11221653	0.0365966	0.00642138	0.0089	0.0147	0.391698	50950.0	63926.0	32.48065184096006	1.20384e-08	0.5443	ret_inl_elm_left__sys_ad_kunkle2019	ret_inl_elm_left_to_sys_ad_kunkle2019	ret_inl_elm_left	sys_ad_kunkle2019	False	True
rs4680287	-0.0399188	0.00702759	0.0135	0.0161	0.273859	50778.0	63926.0	32.2657766040493	1.34459e-08	0.4001	ret_inl_elm_left__sys_ad_kunkle2019	ret_inl_elm_left_to_sys_ad_kunkle2019	ret_inl_elm_left	sys_ad_kunkle2019	False	True
rs12547986	0.0387887	0.00689631	0.0006	0.0155	0.294916	50428.0	63926.0	31.635659903577007	1.85986e-08	0.9667	ret_inl_elm_left__sys_ad_kunkle2019	ret_inl_elm_left_to_sys_ad_kunkle2019	ret_inl_elm_left	sys_ad_kunkle2019	False	True
rs34733940	0.0457563	0.00823352	-0.0217	0.0187	0.176951	50771.0	63926.0	30.88379833815931	2.73956e-08	0.2476	ret_inl_elm_left__sys_ad_kunkle2019	ret_inl_elm_left_to_sys_ad_kunkle2019	ret_inl_elm_left	sys_ad_kunkle2019	False	True
rs11218350	0.0418793	0.00755618	0.038	0.0171	0.223385	50657.0	63926.0	30.718092090253265	2.98367e-08	0.02596	ret_inl_elm_left__sys_ad_kunkle2019	ret_inl_elm_left_to_sys_ad_kunkle2019	ret_inl_elm_left	sys_ad_kunkle2019	False	True
rs1225379	0.0355206	0.00642776	0.0141	0.0154	0.48939	48304.0	63926.0	30.538048522871183	3.27392e-08	0.3599	ret_inl_elm_left__sys_ad_kunkle2019	ret_inl_elm_left_to_sys_ad_kunkle2019	ret_inl_elm_left	sys_ad_kunkle2019	False	True
rs17407001	-0.0503814	0.00912557	-0.0127	0.0219	0.138883	50215.0	63926.0	30.480385919668453	3.37261e-08	0.5609	ret_inl_elm_left__sys_ad_kunkle2019	ret_inl_elm_left_to_sys_ad_kunkle2019	ret_inl_elm_left	sys_ad_kunkle2019	False	True
rs12972156	-0.9653	0.0189	0.0116441	0.00899107	0.864811	63926.0	50271.0	2608.5610425240056	0.0	0.195294	ret_inl_elm_left__sys_ad_kunkle2019	sys_ad_kunkle2019_to_ret_inl_elm_left	sys_ad_kunkle2019	ret_inl_elm_left	True	False
rs117310449	0.9879	0.0691	0.0373369	0.0298271	0.0149105	63926.0	50893.0	204.3948157099445	2.275e-46	0.210651	ret_inl_elm_left__sys_ad_kunkle2019	sys_ad_kunkle2019_to_ret_inl_elm_left	sys_ad_kunkle2019	ret_inl_elm_left	True	False
rs6733839	0.1693	0.0154	-0.0106872	0.00664565	0.379722	63926.0	47821.0	120.85718502276946	4.022e-28	0.107803	ret_inl_elm_left__sys_ad_kunkle2019	sys_ad_kunkle2019_to_ret_inl_elm_left	sys_ad_kunkle2019	ret_inl_elm_left	True	False
rs867230	0.1333	0.0158	-0.00631845	0.00649664	0.59841	63926.0	49157.0	71.17805640121775	3.492e-17	0.330766	ret_inl_elm_left__sys_ad_kunkle2019	sys_ad_kunkle2019_to_ret_inl_elm_left	sys_ad_kunkle2019	ret_inl_elm_left	True	False
rs1582763	-0.1232	0.0149	-0.00742792	0.00648849	0.362823	63926.0	50834.0	68.36737083915139	1.186e-16	0.252299	ret_inl_elm_left__sys_ad_kunkle2019	sys_ad_kunkle2019_to_ret_inl_elm_left	sys_ad_kunkle2019	ret_inl_elm_left	True	False
rs679515	0.1508	0.0183	0.0178254	0.00823012	0.171968	63926.0	50841.0	67.90480456269222	1.555e-16	0.0303208	ret_inl_elm_left__sys_ad_kunkle2019	sys_ad_kunkle2019_to_ret_inl_elm_left	sys_ad_kunkle2019	ret_inl_elm_left	True	False
rs3851179	-0.1198	0.0148	0.00215305	0.00648427	0.37077499999999997	63926.0	50950.0	65.52246165084003	5.809e-16	0.739857	ret_inl_elm_left__sys_ad_kunkle2019	sys_ad_kunkle2019_to_ret_inl_elm_left	sys_ad_kunkle2019	ret_inl_elm_left	True	False
rs117316645	0.2709	0.0349	0.0159799	0.0156774	0.0397614	63926.0	50867.0	60.25140187683186	8.946e-15	0.308062	ret_inl_elm_left__sys_ad_kunkle2019	sys_ad_kunkle2019_to_ret_inl_elm_left	sys_ad_kunkle2019	ret_inl_elm_left	True	False
rs114812713	0.298	0.0431	0.0369634	0.0202814	0.027833	63926.0	50626.0	47.805513536210505	4.467e-12	0.0683747	ret_inl_elm_left__sys_ad_kunkle2019	sys_ad_kunkle2019_to_ret_inl_elm_left	sys_ad_kunkle2019	ret_inl_elm_left	True	False
rs3740688	0.0935	0.0144	-0.0193609	0.00631518	0.542744	63926.0	50518.0	42.15977044753086	9.702e-11	0.00217108	ret_inl_elm_left__sys_ad_kunkle2019	sys_ad_kunkle2019_to_ret_inl_elm_left	sys_ad_kunkle2019	ret_inl_elm_left	True	False
rs12151021	0.1071	0.0169	-0.00973057	0.00677812	0.33797200000000005	63926.0	49913.0	40.16109379923674	2.562e-10	0.15112	ret_inl_elm_left__sys_ad_kunkle2019	sys_ad_kunkle2019_to_ret_inl_elm_left	sys_ad_kunkle2019	ret_inl_elm_left	True	False
rs73223431	0.0936	0.0153	0.0146985	0.00655751	0.345924	63926.0	50397.0	37.425605536332185	8.342e-10	0.0249948	ret_inl_elm_left__sys_ad_kunkle2019	sys_ad_kunkle2019_to_ret_inl_elm_left	sys_ad_kunkle2019	ret_inl_elm_left	True	False
rs34665982	0.0967	0.0166	-0.0136117	0.00634911	0.5099400000000001	63926.0	50216.0	33.93413412686892	5.798e-09	0.0320428	ret_inl_elm_left__sys_ad_kunkle2019	sys_ad_kunkle2019_to_ret_inl_elm_left	sys_ad_kunkle2019	ret_inl_elm_left	True	False
rs12590654	-0.0906	0.0157	-0.00937886	0.00670362	0.336978	63926.0	49614.0	33.3009858412106	8.729e-09	0.161791	ret_inl_elm_left__sys_ad_kunkle2019	sys_ad_kunkle2019_to_ret_inl_elm_left	sys_ad_kunkle2019	ret_inl_elm_left	True	False
rs11767557	0.1028	0.0182	0.00670087	0.00769046	0.782306	63926.0	50950.0	31.903876343436778	1.561e-08	0.383578	ret_inl_elm_left__sys_ad_kunkle2019	sys_ad_kunkle2019_to_ret_inl_elm_left	sys_ad_kunkle2019	ret_inl_elm_left	True	False
rs1385742	0.0876	0.0157	0.011641	0.00669177	0.324056	63926.0	49035.0	31.13213517789769	2.232e-08	0.0819286	ret_inl_elm_left__sys_ad_kunkle2019	sys_ad_kunkle2019_to_ret_inl_elm_left	sys_ad_kunkle2019	ret_inl_elm_left	True	False
rs11218343	0.2053	0.0369	0.00429063	0.0162184	0.9572565	63926.0	50913.0	30.95459786576185	2.633e-08	0.791354	ret_inl_elm_left__sys_ad_kunkle2019	sys_ad_kunkle2019_to_ret_inl_elm_left	sys_ad_kunkle2019	ret_inl_elm_left	True	False
rs12416487	-0.085	0.0154	-0.00442109	0.00662918	0.34890699999999997	63926.0	50659.0	30.46466520492495	3.417e-08	0.504827	ret_inl_elm_left__sys_ad_kunkle2019	sys_ad_kunkle2019_to_ret_inl_elm_left	sys_ad_kunkle2019	ret_inl_elm_left	True	False
rs887595	-0.289382	0.00825258	-0.0275	0.026	0.17798	50559.0	27693.0	1229.5991141231693	2.25331e-269	0.2912	ret_inl_elm_left__sys_pd_nalls2019_clinical	ret_inl_elm_left_to_sys_pd_nalls2019_clinical	ret_inl_elm_left	sys_pd_nalls2019_clinical	False	True
rs3138142	0.179594	0.00736339	-0.0058	0.0271	0.239847	50601.0	27693.0	594.8781807965383	2.17307e-131	0.829	ret_inl_elm_left__sys_pd_nalls2019_clinical	ret_inl_elm_left_to_sys_pd_nalls2019_clinical	ret_inl_elm_left	sys_pd_nalls2019_clinical	False	True
rs118186707	0.287453	0.0189209	-0.0699	0.077	0.0285994	50473.0	27693.0	230.8076027200531	3.97304e-52	0.364	ret_inl_elm_left__sys_pd_nalls2019_clinical	ret_inl_elm_left_to_sys_pd_nalls2019_clinical	ret_inl_elm_left	sys_pd_nalls2019_clinical	False	True
rs17421627	0.176971	0.012019	0.0037	0.0357	0.0732777	50950.0	27693.0	216.80412426421287	4.50846e-49	0.9169	ret_inl_elm_left__sys_pd_nalls2019_clinical	ret_inl_elm_left_to_sys_pd_nalls2019_clinical	ret_inl_elm_left	sys_pd_nalls2019_clinical	False	True
rs116350483	-0.286424	0.0246047	-0.0383	0.1267	0.0165653	50950.0	27693.0	135.51353135289187	2.54994e-31	0.7628	ret_inl_elm_left__sys_pd_nalls2019_clinical	ret_inl_elm_left_to_sys_pd_nalls2019_clinical	ret_inl_elm_left	sys_pd_nalls2019_clinical	False	True
rs9905786	-0.0704186	0.00657502	0.0195	0.0216	0.35552	50886.0	27693.0	114.70454240759798	9.13434e-27	0.366	ret_inl_elm_left__sys_pd_nalls2019_clinical	ret_inl_elm_left_to_sys_pd_nalls2019_clinical	ret_inl_elm_left	sys_pd_nalls2019_clinical	False	True
rs4668035	-0.0883495	0.00831672	0.0732	0.0241	0.174116	50564.0	27693.0	112.85064132246973	2.32645e-26	0.002384	ret_inl_elm_left__sys_pd_nalls2019_clinical	ret_inl_elm_left_to_sys_pd_nalls2019_clinical	ret_inl_elm_left	sys_pd_nalls2019_clinical	False	True
rs9398063	-0.183053	0.0172324	-0.0724	0.0588	0.0345905	50722.0	27693.0	112.83976361342876	2.33921e-26	0.2178	ret_inl_elm_left__sys_pd_nalls2019_clinical	ret_inl_elm_left_to_sys_pd_nalls2019_clinical	ret_inl_elm_left	sys_pd_nalls2019_clinical	False	True
rs929271	0.0720471	0.00694495	-0.0254	0.0213	0.306468	49103.0	27693.0	107.62043974095238	3.25499e-25	0.2328	ret_inl_elm_left__sys_pd_nalls2019_clinical	ret_inl_elm_left_to_sys_pd_nalls2019_clinical	ret_inl_elm_left	sys_pd_nalls2019_clinical	False	True
rs9964861	0.0703081	0.00685784	-0.0182	0.0208	0.304415	50528.0	27693.0	105.1080615569125	1.1565e-24	0.3811	ret_inl_elm_left__sys_pd_nalls2019_clinical	ret_inl_elm_left_to_sys_pd_nalls2019_clinical	ret_inl_elm_left	sys_pd_nalls2019_clinical	False	True
rs148388367	-0.176337	0.0175255	0.0161	0.0755	0.0337294	50075.0	27693.0	101.2385838449933	8.15729e-24	0.831	ret_inl_elm_left__sys_pd_nalls2019_clinical	ret_inl_elm_left_to_sys_pd_nalls2019_clinical	ret_inl_elm_left	sys_pd_nalls2019_clinical	False	True
rs9298816	0.0655484	0.00688433	-0.0013	0.0211	0.311245	49633.0	27693.0	90.65689292854212	1.70868e-21	0.9505	ret_inl_elm_left__sys_pd_nalls2019_clinical	ret_inl_elm_left_to_sys_pd_nalls2019_clinical	ret_inl_elm_left	sys_pd_nalls2019_clinical	False	True
rs12891131	-0.0594779	0.00631987	-0.0006	0.0197	0.462987	50941.0	27693.0	88.57169644099329	4.90279e-21	0.9746	ret_inl_elm_left__sys_pd_nalls2019_clinical	ret_inl_elm_left_to_sys_pd_nalls2019_clinical	ret_inl_elm_left	sys_pd_nalls2019_clinical	False	True
rs56238729	0.0691819	0.00739917	0.0197	0.0218	0.23612	50936.0	27693.0	87.42164198019204	8.76896e-21	0.3655	ret_inl_elm_left__sys_pd_nalls2019_clinical	ret_inl_elm_left_to_sys_pd_nalls2019_clinical	ret_inl_elm_left	sys_pd_nalls2019_clinical	False	True
rs17370487	-0.0707956	0.00796138	0.0103	0.0262	0.192542	50950.0	27693.0	79.07438568702416	5.98155e-19	0.6944	ret_inl_elm_left__sys_pd_nalls2019_clinical	ret_inl_elm_left_to_sys_pd_nalls2019_clinical	ret_inl_elm_left	sys_pd_nalls2019_clinical	False	True
rs6564760	0.0619204	0.00732262	0.0115	0.0315	0.243934	50526.0	27693.0	71.50468725430645	2.76598e-17	0.7156	ret_inl_elm_left__sys_pd_nalls2019_clinical	ret_inl_elm_left_to_sys_pd_nalls2019_clinical	ret_inl_elm_left	sys_pd_nalls2019_clinical	False	True
rs8132685	0.0525259	0.0062841	-0.0091	0.0274	0.47639	50783.0	27693.0	69.86518770209459	6.3501e-17	0.7395	ret_inl_elm_left__sys_pd_nalls2019_clinical	ret_inl_elm_left_to_sys_pd_nalls2019_clinical	ret_inl_elm_left	sys_pd_nalls2019_clinical	False	True
rs112109204	0.135048	0.0161913	0.041	0.0596	0.0401357	49831.0	27693.0	69.5685376381147	7.38311e-17	0.4914	ret_inl_elm_left__sys_pd_nalls2019_clinical	ret_inl_elm_left_to_sys_pd_nalls2019_clinical	ret_inl_elm_left	sys_pd_nalls2019_clinical	False	True
rs7589104	-0.103489	0.012427	-0.0708	0.0482	0.0689341	50512.0	27693.0	69.35148808107505	8.23923e-17	0.1415	ret_inl_elm_left__sys_pd_nalls2019_clinical	ret_inl_elm_left_to_sys_pd_nalls2019_clinical	ret_inl_elm_left	sys_pd_nalls2019_clinical	False	True
rs11606813	-0.128155	0.015545	-0.0518	0.0529	0.0427268	50542.0	27693.0	67.96567855532258	1.66419e-16	0.3271	ret_inl_elm_left__sys_pd_nalls2019_clinical	ret_inl_elm_left_to_sys_pd_nalls2019_clinical	ret_inl_elm_left	sys_pd_nalls2019_clinical	False	True
rs9639276	0.0681921	0.00828562	0.009	0.0277	0.173778	50950.0	27693.0	67.73577539820118	1.86937e-16	0.7455	ret_inl_elm_left__sys_pd_nalls2019_clinical	ret_inl_elm_left_to_sys_pd_nalls2019_clinical	ret_inl_elm_left	sys_pd_nalls2019_clinical	False	True
rs1232180	-0.0561765	0.00685878	0.0183	0.0294	0.300964	50923.0	27693.0	67.08348397757636	2.60238e-16	0.533	ret_inl_elm_left__sys_pd_nalls2019_clinical	ret_inl_elm_left_to_sys_pd_nalls2019_clinical	ret_inl_elm_left	sys_pd_nalls2019_clinical	False	True
rs11662962	0.0765031	0.00941261	-0.0142	0.0408	0.127697	50796.0	27693.0	66.05990398334562	4.37412e-16	0.7272	ret_inl_elm_left__sys_pd_nalls2019_clinical	ret_inl_elm_left_to_sys_pd_nalls2019_clinical	ret_inl_elm_left	sys_pd_nalls2019_clinical	False	True
rs9837054	0.0713577	0.00879912	-0.0351	0.0376	0.150461	50857.0	27693.0	65.76626919341254	5.07693e-16	0.3511	ret_inl_elm_left__sys_pd_nalls2019_clinical	ret_inl_elm_left_to_sys_pd_nalls2019_clinical	ret_inl_elm_left	sys_pd_nalls2019_clinical	False	True
rs1513617	0.0537479	0.0066616	0.0485	0.0219	0.335916	50852.0	27693.0	65.09773793543343	7.12773e-16	0.02642	ret_inl_elm_left__sys_pd_nalls2019_clinical	ret_inl_elm_left_to_sys_pd_nalls2019_clinical	ret_inl_elm_left	sys_pd_nalls2019_clinical	False	True
rs62391698	-0.0629046	0.00782054	0.0051	0.0333	0.199984	50894.0	27693.0	64.69807020284303	8.73002e-16	0.8772	ret_inl_elm_left__sys_pd_nalls2019_clinical	ret_inl_elm_left_to_sys_pd_nalls2019_clinical	ret_inl_elm_left	sys_pd_nalls2019_clinical	False	True
rs2240093	-0.0568478	0.00706965	0.0505	0.0225	0.279804	49876.0	27693.0	64.659374254273	8.90305e-16	0.02517	ret_inl_elm_left__sys_pd_nalls2019_clinical	ret_inl_elm_left_to_sys_pd_nalls2019_clinical	ret_inl_elm_left	sys_pd_nalls2019_clinical	False	True
rs113958504	-0.0733692	0.00917928	0.0456	0.0392	0.136872	50295.0	27693.0	63.8866818358759	1.31785e-15	0.2442	ret_inl_elm_left__sys_pd_nalls2019_clinical	ret_inl_elm_left_to_sys_pd_nalls2019_clinical	ret_inl_elm_left	sys_pd_nalls2019_clinical	False	True
rs28896238	0.0686786	0.00889135	-0.0304	0.0257	0.147131	50720.0	27693.0	59.66332528715198	1.12552e-14	0.2374	ret_inl_elm_left__sys_pd_nalls2019_clinical	ret_inl_elm_left_to_sys_pd_nalls2019_clinical	ret_inl_elm_left	sys_pd_nalls2019_clinical	False	True
rs30373	0.050917	0.00664372	0.0111	0.0288	0.365385	48832.0	27693.0	58.73581146408048	1.80322e-14	0.7012	ret_inl_elm_left__sys_pd_nalls2019_clinical	ret_inl_elm_left_to_sys_pd_nalls2019_clinical	ret_inl_elm_left	sys_pd_nalls2019_clinical	False	True
rs7752728	-0.0585254	0.00768777	0.0308	0.0229	0.210546	50711.0	27693.0	57.954614009649504	2.68241e-14	0.1781	ret_inl_elm_left__sys_pd_nalls2019_clinical	ret_inl_elm_left_to_sys_pd_nalls2019_clinical	ret_inl_elm_left	sys_pd_nalls2019_clinical	False	True
rs2930972	0.0581167	0.0081671	-0.0131	0.0366	0.182466	50393.0	27693.0	50.636787540304056	1.11144e-12	0.7211	ret_inl_elm_left__sys_pd_nalls2019_clinical	ret_inl_elm_left_to_sys_pd_nalls2019_clinical	ret_inl_elm_left	sys_pd_nalls2019_clinical	False	True
rs9585141	-0.045004	0.00637667	0.0526	0.0274	0.479296	49484.0	27693.0	49.809748324967536	1.69394e-12	0.05482	ret_inl_elm_left__sys_pd_nalls2019_clinical	ret_inl_elm_left_to_sys_pd_nalls2019_clinical	ret_inl_elm_left	sys_pd_nalls2019_clinical	False	True
rs4490572	0.0457642	0.00649001	-0.0111	0.0226	0.460809	47945.0	27693.0	49.723422962783246	1.77016e-12	0.6231	ret_inl_elm_left__sys_pd_nalls2019_clinical	ret_inl_elm_left_to_sys_pd_nalls2019_clinical	ret_inl_elm_left	sys_pd_nalls2019_clinical	False	True
rs10869406	0.0457603	0.00650894	-0.006	0.0287	0.37726	50497.0	27693.0	49.4261962896491	2.05963e-12	0.8347	ret_inl_elm_left__sys_pd_nalls2019_clinical	ret_inl_elm_left_to_sys_pd_nalls2019_clinical	ret_inl_elm_left	sys_pd_nalls2019_clinical	False	True
rs76076446	-0.148043	0.0211389	-0.0957	0.0706	0.0224436	50950.0	27693.0	49.04683481445696	2.49949e-12	0.1751	ret_inl_elm_left__sys_pd_nalls2019_clinical	ret_inl_elm_left_to_sys_pd_nalls2019_clinical	ret_inl_elm_left	sys_pd_nalls2019_clinical	False	True
rs7325207	0.058484	0.00856916	0.0499	0.0256	0.159962	50787.0	27693.0	46.57980146317633	8.79606e-12	0.05079	ret_inl_elm_left__sys_pd_nalls2019_clinical	ret_inl_elm_left_to_sys_pd_nalls2019_clinical	ret_inl_elm_left	sys_pd_nalls2019_clinical	False	True
rs1947075	0.0450304	0.00661788	0.0348	0.0227	0.351901	50068.0	27693.0	46.29923695692368	1.01502e-11	0.1244	ret_inl_elm_left__sys_pd_nalls2019_clinical	ret_inl_elm_left_to_sys_pd_nalls2019_clinical	ret_inl_elm_left	sys_pd_nalls2019_clinical	False	True
rs4134898	-0.0635832	0.00940508	-0.0048	0.0289	0.128996	50482.0	27693.0	45.70458546897417	1.37507e-11	0.8677	ret_inl_elm_left__sys_pd_nalls2019_clinical	ret_inl_elm_left_to_sys_pd_nalls2019_clinical	ret_inl_elm_left	sys_pd_nalls2019_clinical	False	True
rs729257	0.0434323	0.00644744	-0.032	0.0228	0.397262	50468.0	27693.0	45.37859428145894	1.62397e-11	0.1608	ret_inl_elm_left__sys_pd_nalls2019_clinical	ret_inl_elm_left_to_sys_pd_nalls2019_clinical	ret_inl_elm_left	sys_pd_nalls2019_clinical	False	True
rs7742431	-0.0423741	0.00630325	-0.0093	0.019	0.498553	50802.0	27693.0	45.193076769071126	1.78534e-11	0.6253	ret_inl_elm_left__sys_pd_nalls2019_clinical	ret_inl_elm_left_to_sys_pd_nalls2019_clinical	ret_inl_elm_left	sys_pd_nalls2019_clinical	False	True
rs34926272	-0.140361	0.0210313	0.013	0.0729	0.023696	49692.0	27693.0	44.541072541029955	2.49095e-11	0.8581	ret_inl_elm_left__sys_pd_nalls2019_clinical	ret_inl_elm_left_to_sys_pd_nalls2019_clinical	ret_inl_elm_left	sys_pd_nalls2019_clinical	False	True
rs142963458	0.121736	0.0183321	-0.0336	0.079	0.0310611	49789.0	27693.0	44.097464571367354	3.12487e-11	0.6701	ret_inl_elm_left__sys_pd_nalls2019_clinical	ret_inl_elm_left_to_sys_pd_nalls2019_clinical	ret_inl_elm_left	sys_pd_nalls2019_clinical	False	True
rs2177599	0.0417856	0.00629885	-0.0386	0.019	0.479312	50874.0	27693.0	44.00791090422121	3.27058e-11	0.04283	ret_inl_elm_left__sys_pd_nalls2019_clinical	ret_inl_elm_left_to_sys_pd_nalls2019_clinical	ret_inl_elm_left	sys_pd_nalls2019_clinical	False	True
rs58628422	0.0452996	0.0069654	0.0923	0.0296	0.286687	50583.0	27693.0	42.29573838917441	7.84636e-11	0.001833	ret_inl_elm_left__sys_pd_nalls2019_clinical	ret_inl_elm_left_to_sys_pd_nalls2019_clinical	ret_inl_elm_left	sys_pd_nalls2019_clinical	False	True
rs11070445	0.0446213	0.00687334	-0.0025	0.0215	0.300024	50766.0	27693.0	42.14526441181533	8.47424e-11	0.9075	ret_inl_elm_left__sys_pd_nalls2019_clinical	ret_inl_elm_left_to_sys_pd_nalls2019_clinical	ret_inl_elm_left	sys_pd_nalls2019_clinical	False	True
rs4298013	0.0410886	0.00636003	0.0198	0.0192	0.428495	50388.0	27693.0	41.737300813072224	1.04396e-10	0.3032	ret_inl_elm_left__sys_pd_nalls2019_clinical	ret_inl_elm_left_to_sys_pd_nalls2019_clinical	ret_inl_elm_left	sys_pd_nalls2019_clinical	False	True
rs16956241	0.0496179	0.00769353	-0.001	0.0342	0.211216	50801.0	27693.0	41.593498942762004	1.1236e-10	0.9768	ret_inl_elm_left__sys_pd_nalls2019_clinical	ret_inl_elm_left_to_sys_pd_nalls2019_clinical	ret_inl_elm_left	sys_pd_nalls2019_clinical	False	True
rs12193446	0.0687205	0.0106791	0.0668	0.0404	0.0954858	50950.0	27693.0	41.409817337146485	1.2342e-10	0.09849	ret_inl_elm_left__sys_pd_nalls2019_clinical	ret_inl_elm_left_to_sys_pd_nalls2019_clinical	ret_inl_elm_left	sys_pd_nalls2019_clinical	False	True
rs17384293	-0.0583194	0.00922212	-0.0166	0.0402	0.13277	50919.0	27693.0	39.99121108275047	2.55117e-10	0.6803	ret_inl_elm_left__sys_pd_nalls2019_clinical	ret_inl_elm_left_to_sys_pd_nalls2019_clinical	ret_inl_elm_left	sys_pd_nalls2019_clinical	False	True
rs9513095	-0.0429941	0.00680134	0.0168	0.0204	0.305649	50913.0	27693.0	39.96030117925156	2.59172e-10	0.4102	ret_inl_elm_left__sys_pd_nalls2019_clinical	ret_inl_elm_left_to_sys_pd_nalls2019_clinical	ret_inl_elm_left	sys_pd_nalls2019_clinical	False	True
rs4752581	0.0428542	0.00679602	-0.0402	0.0286	0.321782	49678.0	27693.0	39.762848426475	2.86742e-10	0.1596	ret_inl_elm_left__sys_pd_nalls2019_clinical	ret_inl_elm_left_to_sys_pd_nalls2019_clinical	ret_inl_elm_left	sys_pd_nalls2019_clinical	False	True
rs6751857	0.0393776	0.0063059	0.0531	0.0228	0.445486	50950.0	27693.0	38.99458721956453	4.24957e-10	0.01971	ret_inl_elm_left__sys_pd_nalls2019_clinical	ret_inl_elm_left_to_sys_pd_nalls2019_clinical	ret_inl_elm_left	sys_pd_nalls2019_clinical	False	True
rs12531825	0.0603069	0.00970358	0.006	0.0452	0.120465	50330.0	27693.0	38.625136567009754	5.13524e-10	0.8941	ret_inl_elm_left__sys_pd_nalls2019_clinical	ret_inl_elm_left_to_sys_pd_nalls2019_clinical	ret_inl_elm_left	sys_pd_nalls2019_clinical	False	True
rs8068292	0.0435431	0.00701134	-0.0515	0.029	0.279891	50868.0	27693.0	38.56884506090529	5.28576e-10	0.07555	ret_inl_elm_left__sys_pd_nalls2019_clinical	ret_inl_elm_left_to_sys_pd_nalls2019_clinical	ret_inl_elm_left	sys_pd_nalls2019_clinical	False	True
rs61817379	-0.0447674	0.00723644	0.041	0.0299	0.281705	47161.0	27693.0	38.27135275237602	6.1558e-10	0.1708	ret_inl_elm_left__sys_pd_nalls2019_clinical	ret_inl_elm_left_to_sys_pd_nalls2019_clinical	ret_inl_elm_left	sys_pd_nalls2019_clinical	False	True
rs11620670	-0.0389733	0.00638131	-0.0515	0.0206	0.416964	50936.0	27693.0	37.300501877178654	1.01265e-09	0.01237	ret_inl_elm_left__sys_pd_nalls2019_clinical	ret_inl_elm_left_to_sys_pd_nalls2019_clinical	ret_inl_elm_left	sys_pd_nalls2019_clinical	False	True
rs2076765	0.0416143	0.00683007	0.0085	0.0284	0.304165	50706.0	27693.0	37.1223001606616	1.10945e-09	0.7648	ret_inl_elm_left__sys_pd_nalls2019_clinical	ret_inl_elm_left_to_sys_pd_nalls2019_clinical	ret_inl_elm_left	sys_pd_nalls2019_clinical	False	True
rs9379084	0.0634363	0.0105325	-0.0551	0.0289	0.104872	48497.0	27693.0	36.27544535416442	1.71327e-09	0.05676	ret_inl_elm_left__sys_pd_nalls2019_clinical	ret_inl_elm_left_to_sys_pd_nalls2019_clinical	ret_inl_elm_left	sys_pd_nalls2019_clinical	False	True
rs920221	0.0379773	0.00631126	-0.0283	0.022	0.496469	50550.0	27693.0	36.20895798237369	1.77256e-09	0.1985	ret_inl_elm_left__sys_pd_nalls2019_clinical	ret_inl_elm_left_to_sys_pd_nalls2019_clinical	ret_inl_elm_left	sys_pd_nalls2019_clinical	False	True
rs11689553	-0.0439992	0.00734079	0.01	0.0251	0.243003	50950.0	27693.0	35.92559418211562	2.05002e-09	0.6896	ret_inl_elm_left__sys_pd_nalls2019_clinical	ret_inl_elm_left_to_sys_pd_nalls2019_clinical	ret_inl_elm_left	sys_pd_nalls2019_clinical	False	True
rs75159625	0.0402917	0.00680195	-0.0314	0.0311	0.313597	50533.0	27693.0	35.08846041297528	3.15067e-09	0.3123	ret_inl_elm_left__sys_pd_nalls2019_clinical	ret_inl_elm_left_to_sys_pd_nalls2019_clinical	ret_inl_elm_left	sys_pd_nalls2019_clinical	False	True
rs4855836	-0.0374804	0.00634549	0.0086	0.0205	0.431151	50930.0	27693.0	34.88816328004119	3.4921e-09	0.6743	ret_inl_elm_left__sys_pd_nalls2019_clinical	ret_inl_elm_left_to_sys_pd_nalls2019_clinical	ret_inl_elm_left	sys_pd_nalls2019_clinical	False	True
rs919655	0.057172	0.00968628	0.013	0.0436	0.120786	50403.0	27693.0	34.83796127787565	3.58306e-09	0.7661	ret_inl_elm_left__sys_pd_nalls2019_clinical	ret_inl_elm_left_to_sys_pd_nalls2019_clinical	ret_inl_elm_left	sys_pd_nalls2019_clinical	False	True
rs575770	-0.0505091	0.00862259	0.0114	0.0385	0.158741	50529.0	27693.0	34.313402763462605	4.69148e-09	0.7674	ret_inl_elm_left__sys_pd_nalls2019_clinical	ret_inl_elm_left_to_sys_pd_nalls2019_clinical	ret_inl_elm_left	sys_pd_nalls2019_clinical	False	True
rs63338061	0.0386406	0.00661825	0.0322	0.0215	0.362173	49486.0	27693.0	34.087989400423965	5.26786e-09	0.1352	ret_inl_elm_left__sys_pd_nalls2019_clinical	ret_inl_elm_left_to_sys_pd_nalls2019_clinical	ret_inl_elm_left	sys_pd_nalls2019_clinical	False	True
rs11221653	0.0365966	0.00642138	0.0124	0.02	0.391698	50950.0	27693.0	32.48065184096006	1.20384e-08	0.5358	ret_inl_elm_left__sys_pd_nalls2019_clinical	ret_inl_elm_left_to_sys_pd_nalls2019_clinical	ret_inl_elm_left	sys_pd_nalls2019_clinical	False	True
rs4680287	-0.0399188	0.00702759	-0.0144	0.0306	0.273859	50778.0	27693.0	32.2657766040493	1.34459e-08	0.6382	ret_inl_elm_left__sys_pd_nalls2019_clinical	ret_inl_elm_left_to_sys_pd_nalls2019_clinical	ret_inl_elm_left	sys_pd_nalls2019_clinical	False	True
rs12547986	0.0387887	0.00689631	-0.0022	0.0249	0.294916	50428.0	27693.0	31.635659903577007	1.85986e-08	0.9294	ret_inl_elm_left__sys_pd_nalls2019_clinical	ret_inl_elm_left_to_sys_pd_nalls2019_clinical	ret_inl_elm_left	sys_pd_nalls2019_clinical	False	True
rs34733940	0.0457563	0.00823352	0.0005	0.0355	0.176951	50771.0	27693.0	30.88379833815931	2.73956e-08	0.9886	ret_inl_elm_left__sys_pd_nalls2019_clinical	ret_inl_elm_left_to_sys_pd_nalls2019_clinical	ret_inl_elm_left	sys_pd_nalls2019_clinical	False	True
rs11218350	0.0418793	0.00755618	-0.029	0.0325	0.223385	50657.0	27693.0	30.718092090253265	2.98367e-08	0.3728	ret_inl_elm_left__sys_pd_nalls2019_clinical	ret_inl_elm_left_to_sys_pd_nalls2019_clinical	ret_inl_elm_left	sys_pd_nalls2019_clinical	False	True
rs1225379	0.0355206	0.00642776	0.0261	0.0291	0.48939	48304.0	27693.0	30.538048522871183	3.27392e-08	0.3696	ret_inl_elm_left__sys_pd_nalls2019_clinical	ret_inl_elm_left_to_sys_pd_nalls2019_clinical	ret_inl_elm_left	sys_pd_nalls2019_clinical	False	True
rs17407001	-0.0503814	0.00912557	-0.0106	0.042	0.138883	50215.0	27693.0	30.480385919668453	3.37261e-08	0.8013	ret_inl_elm_left__sys_pd_nalls2019_clinical	ret_inl_elm_left_to_sys_pd_nalls2019_clinical	ret_inl_elm_left	sys_pd_nalls2019_clinical	False	True
rs356182	-0.2615	0.0215	-0.00295191	0.00686923	0.6159	27693.0	48037.0	147.93347755543542	4.933e-34	0.667392	ret_inl_elm_left__sys_pd_nalls2019_clinical	sys_pd_nalls2019_clinical_to_ret_inl_elm_left	sys_pd_nalls2019_clinical	ret_inl_elm_left	True	False
rs35749011	0.6977	0.0806	0.0308259	0.0257456	0.0212	27693.0	50938.0	74.93200653904645	4.713e-18	0.231179	ret_inl_elm_left__sys_pd_nalls2019_clinical	sys_pd_nalls2019_clinical_to_ret_inl_elm_left	sys_pd_nalls2019_clinical	ret_inl_elm_left	True	False
rs6599388	0.1774	0.0215	-0.00668532	0.00702191	0.3201	27693.0	50629.0	68.08168739859384	1.497e-16	0.341064	ret_inl_elm_left__sys_pd_nalls2019_clinical	sys_pd_nalls2019_clinical_to_ret_inl_elm_left	sys_pd_nalls2019_clinical	ret_inl_elm_left	True	False
rs4630591	-0.2203	0.0309	0.0720186	0.00788714	0.1954	27693.0	49628.0	50.82905499523464	1.043e-12	6.77813e-20	ret_inl_elm_left__sys_pd_nalls2019_clinical	sys_pd_nalls2019_clinical_to_ret_inl_elm_left	sys_pd_nalls2019_clinical	ret_inl_elm_left	True	False
rs12637471	-0.1659	0.0244	-0.0122376	0.00799423	0.1801	27693.0	50907.0	46.22885313087879	9.784e-12	0.125818	ret_inl_elm_left__sys_pd_nalls2019_clinical	sys_pd_nalls2019_clinical_to_ret_inl_elm_left	sys_pd_nalls2019_clinical	ret_inl_elm_left	True	False
rs10847864	0.1317	0.0199	-0.0209694	0.00657742	0.365	27693.0	50950.0	43.799121234312274	3.775e-11	0.00143217	ret_inl_elm_left__sys_pd_nalls2019_clinical	sys_pd_nalls2019_clinical_to_ret_inl_elm_left	sys_pd_nalls2019_clinical	ret_inl_elm_left	True	False
rs4613239	-0.1808	0.0276	0.0496348	0.00973933	0.8643	27693.0	50487.0	42.91199327872295	5.964e-11	3.46315e-07	ret_inl_elm_left__sys_pd_nalls2019_clinical	sys_pd_nalls2019_clinical_to_ret_inl_elm_left	sys_pd_nalls2019_clinical	ret_inl_elm_left	True	False
rs75646569	-0.184	0.0295	-0.0102735	0.0107857	0.8847	27693.0	50852.0	38.90376328641195	4.386e-10	0.340836	ret_inl_elm_left__sys_pd_nalls2019_clinical	sys_pd_nalls2019_clinical_to_ret_inl_elm_left	sys_pd_nalls2019_clinical	ret_inl_elm_left	True	False
rs4588066	0.1148	0.0198	0.0165893	0.00678109	0.3285	27693.0	50900.0	33.61656973778185	6.863e-09	0.0144288	ret_inl_elm_left__sys_pd_nalls2019_clinical	sys_pd_nalls2019_clinical_to_ret_inl_elm_left	sys_pd_nalls2019_clinical	ret_inl_elm_left	True	False
rs510306	0.1054	0.0187	0.00607069	0.00636918	0.472	27693.0	49864.0	31.768595041322307	1.814e-08	0.340521	ret_inl_elm_left__sys_pd_nalls2019_clinical	sys_pd_nalls2019_clinical_to_ret_inl_elm_left	sys_pd_nalls2019_clinical	ret_inl_elm_left	True	False
rs887595	-0.289382	0.00825258	0.02955880224154443	0.03841825274208216	0.17798	50559.0	14267.0	1229.5991141231693	2.25331e-269	0.441659	ret_inl_elm_left__sys_sle_bentham2015	ret_inl_elm_left_to_sys_sle_bentham2015	ret_inl_elm_left	sys_sle_bentham2015	False	True
rs3138142	0.179594	0.00736339	0.02955880224154443	0.033764896488226406	0.239847	50601.0	14267.0	594.8781807965383	2.17307e-131	0.38134	ret_inl_elm_left__sys_sle_bentham2015	ret_inl_elm_left_to_sys_sle_bentham2015	ret_inl_elm_left	sys_sle_bentham2015	False	True
rs375646	0.12702	0.00723761	-0.020202707317519466	0.03075896912344408	0.25524	50664.0	14267.0	308.0022308435278	5.94978e-69	0.511305	ret_inl_elm_left__sys_sle_bentham2015	ret_inl_elm_left_to_sys_sle_bentham2015	ret_inl_elm_left	sys_sle_bentham2015	False	True
rs118186707	0.287453	0.0189209	-0.10536051565782628	0.10255420147246838	0.0285994	50473.0	14267.0	230.8076027200531	3.97304e-52	0.304249	ret_inl_elm_left__sys_sle_bentham2015	ret_inl_elm_left_to_sys_sle_bentham2015	ret_inl_elm_left	sys_sle_bentham2015	False	True
rs17421627	0.176971	0.012019	0.009950330853168092	0.04578600681170599	0.0732777	50950.0	14267.0	216.80412426421287	4.50846e-49	0.8279569999999999	ret_inl_elm_left__sys_sle_bentham2015	ret_inl_elm_left_to_sys_sle_bentham2015	ret_inl_elm_left	sys_sle_bentham2015	False	True
rs9905786	-0.0704186	0.00657502	-0.01005033585350145	0.031560088597235705	0.35552	50886.0	14267.0	114.70454240759798	9.13434e-27	0.750143	ret_inl_elm_left__sys_sle_bentham2015	ret_inl_elm_left_to_sys_sle_bentham2015	ret_inl_elm_left	sys_sle_bentham2015	False	True
rs4668035	-0.0883495	0.00831672	0.06765864847381486	0.037458912323514955	0.174116	50564.0	14267.0	112.85064132246973	2.32645e-26	0.0708856	ret_inl_elm_left__sys_sle_bentham2015	ret_inl_elm_left_to_sys_sle_bentham2015	ret_inl_elm_left	sys_sle_bentham2015	False	True
rs9398063	-0.183053	0.0172324	-0.06187540371808753	0.08434137933666803	0.0345905	50722.0	14267.0	112.83976361342876	2.33921e-26	0.463174	ret_inl_elm_left__sys_sle_bentham2015	ret_inl_elm_left_to_sys_sle_bentham2015	ret_inl_elm_left	sys_sle_bentham2015	False	True
rs929271	0.0720471	0.00694495	-0.01005033585350145	0.03290005867809687	0.306468	49103.0	14267.0	107.62043974095238	3.25499e-25	0.76	ret_inl_elm_left__sys_sle_bentham2015	ret_inl_elm_left_to_sys_sle_bentham2015	ret_inl_elm_left	sys_sle_bentham2015	False	True
rs9964861	0.0703081	0.00685784	0.02955880224154443	0.03198477200165821	0.304415	50528.0	14267.0	105.1080615569125	1.1565e-24	0.35540700000000003	ret_inl_elm_left__sys_sle_bentham2015	ret_inl_elm_left_to_sys_sle_bentham2015	ret_inl_elm_left	sys_sle_bentham2015	False	True
rs148388367	-0.176337	0.0175255	0.03922071315328133	0.07033722732040407	0.0337294	50075.0	14267.0	101.2385838449933	8.15729e-24	0.5771109999999999	ret_inl_elm_left__sys_sle_bentham2015	ret_inl_elm_left_to_sys_sle_bentham2015	ret_inl_elm_left	sys_sle_bentham2015	False	True
rs12891131	-0.0594779	0.00631987	-0.030459207484708574	0.030380476565264086	0.462987	50941.0	14267.0	88.57169644099329	4.90279e-21	0.316058	ret_inl_elm_left__sys_sle_bentham2015	ret_inl_elm_left_to_sys_sle_bentham2015	ret_inl_elm_left	sys_sle_bentham2015	False	True
rs56238729	0.0691819	0.00739917	-0.020202707317519466	0.0388578384810597	0.23612	50936.0	14267.0	87.42164198019204	8.76896e-21	0.603124	ret_inl_elm_left__sys_sle_bentham2015	ret_inl_elm_left_to_sys_sle_bentham2015	ret_inl_elm_left	sys_sle_bentham2015	False	True
rs17370487	-0.0707956	0.00796138	0.01980262729617973	0.03124146315143551	0.192542	50950.0	14267.0	79.07438568702416	5.98155e-19	0.526174	ret_inl_elm_left__sys_sle_bentham2015	ret_inl_elm_left_to_sys_sle_bentham2015	ret_inl_elm_left	sys_sle_bentham2015	False	True
rs6564760	0.0619204	0.00732262	-0.01005033585350145	0.04777459548630331	0.243934	50526.0	14267.0	71.50468725430645	2.76598e-17	0.8333790000000001	ret_inl_elm_left__sys_sle_bentham2015	ret_inl_elm_left_to_sys_sle_bentham2015	ret_inl_elm_left	sys_sle_bentham2015	False	True
rs8132685	0.0525259	0.0062841	0.01980262729617973	0.023860021724753	0.47639	50783.0	14267.0	69.86518770209459	6.3501e-17	0.406567	ret_inl_elm_left__sys_sle_bentham2015	ret_inl_elm_left_to_sys_sle_bentham2015	ret_inl_elm_left	sys_sle_bentham2015	False	True
rs7589104	-0.103489	0.012427	0.08617769624105241	0.05647235906155201	0.0689341	50512.0	14267.0	69.35148808107505	8.23923e-17	0.127006	ret_inl_elm_left__sys_sle_bentham2015	ret_inl_elm_left_to_sys_sle_bentham2015	ret_inl_elm_left	sys_sle_bentham2015	False	True
rs11606813	-0.128155	0.015545	-0.09431067947124129	0.08326511369935914	0.0427268	50542.0	14267.0	67.96567855532258	1.66419e-16	0.257359	ret_inl_elm_left__sys_sle_bentham2015	ret_inl_elm_left_to_sys_sle_bentham2015	ret_inl_elm_left	sys_sle_bentham2015	False	True
rs9639276	0.0681921	0.00828562	-0.10536051565782628	0.03882551769399046	0.173778	50950.0	14267.0	67.73577539820118	1.86937e-16	0.00665379	ret_inl_elm_left__sys_sle_bentham2015	ret_inl_elm_left_to_sys_sle_bentham2015	ret_inl_elm_left	sys_sle_bentham2015	False	True
rs1232180	-0.0561765	0.00685878	0.009950330853168092	0.04969935979321335	0.300964	50923.0	14267.0	67.08348397757636	2.60238e-16	0.841316	ret_inl_elm_left__sys_sle_bentham2015	ret_inl_elm_left_to_sys_sle_bentham2015	ret_inl_elm_left	sys_sle_bentham2015	False	True
rs11662962	0.0765031	0.00941261	-0.01005033585350145	0.03008789409400133	0.127697	50796.0	14267.0	66.05990398334562	4.37412e-16	0.738355	ret_inl_elm_left__sys_sle_bentham2015	ret_inl_elm_left_to_sys_sle_bentham2015	ret_inl_elm_left	sys_sle_bentham2015	False	True
rs9837054	0.0713577	0.00879912	0.06765864847381486	0.04066004624413118	0.150461	50857.0	14267.0	65.76626919341254	5.07693e-16	0.09611080000000001	ret_inl_elm_left__sys_sle_bentham2015	ret_inl_elm_left_to_sys_sle_bentham2015	ret_inl_elm_left	sys_sle_bentham2015	False	True
rs62391698	-0.0629046	0.00782054	0.009950330853168092	0.04211695636534384	0.199984	50894.0	14267.0	64.69807020284303	8.73002e-16	0.813235	ret_inl_elm_left__sys_sle_bentham2015	ret_inl_elm_left_to_sys_sle_bentham2015	ret_inl_elm_left	sys_sle_bentham2015	False	True
rs2240093	-0.0568478	0.00706965	0.01980262729617973	0.029445842850708157	0.279804	49876.0	14267.0	64.659374254273	8.90305e-16	0.501259	ret_inl_elm_left__sys_sle_bentham2015	ret_inl_elm_left_to_sys_sle_bentham2015	ret_inl_elm_left	sys_sle_bentham2015	False	True
rs113958504	-0.0733692	0.00917928	-0.040821994520255166	0.041106368790792644	0.136872	50295.0	14267.0	63.8866818358759	1.31785e-15	0.32066999999999996	ret_inl_elm_left__sys_sle_bentham2015	ret_inl_elm_left_to_sys_sle_bentham2015	ret_inl_elm_left	sys_sle_bentham2015	False	True
rs28896238	0.0686786	0.00889135	-0.01005033585350145	0.06410043398389512	0.147131	50720.0	14267.0	59.66332528715198	1.12552e-14	0.87541	ret_inl_elm_left__sys_sle_bentham2015	ret_inl_elm_left_to_sys_sle_bentham2015	ret_inl_elm_left	sys_sle_bentham2015	False	True
rs30373	0.050917	0.00664372	-0.040821994520255166	0.02779240047459939	0.365385	48832.0	14267.0	58.73581146408048	1.80322e-14	0.14188199999999998	ret_inl_elm_left__sys_sle_bentham2015	ret_inl_elm_left_to_sys_sle_bentham2015	ret_inl_elm_left	sys_sle_bentham2015	False	True
rs7752728	-0.0585254	0.00768777	0.03922071315328133	0.03523413396614515	0.210546	50711.0	14267.0	57.954614009649504	2.68241e-14	0.265646	ret_inl_elm_left__sys_sle_bentham2015	ret_inl_elm_left_to_sys_sle_bentham2015	ret_inl_elm_left	sys_sle_bentham2015	False	True
rs7179450	-0.0469008	0.00631288	-0.01980262729617973	0.024875734941764455	0.493144	50245.0	14267.0	55.19572386856449	1.0911e-13	0.425996	ret_inl_elm_left__sys_sle_bentham2015	ret_inl_elm_left_to_sys_sle_bentham2015	ret_inl_elm_left	sys_sle_bentham2015	False	True
rs2930972	0.0581167	0.0081671	0.009950330853168092	0.07232505205854678	0.182466	50393.0	14267.0	50.636787540304056	1.11144e-12	0.890574	ret_inl_elm_left__sys_sle_bentham2015	ret_inl_elm_left_to_sys_sle_bentham2015	ret_inl_elm_left	sys_sle_bentham2015	False	True
rs9585141	-0.045004	0.00637667	-0.020202707317519466	0.02600795778580518	0.479296	49484.0	14267.0	49.809748324967536	1.69394e-12	0.437283	ret_inl_elm_left__sys_sle_bentham2015	ret_inl_elm_left_to_sys_sle_bentham2015	ret_inl_elm_left	sys_sle_bentham2015	False	True
rs4490572	0.0457642	0.00649001	0.02955880224154443	0.03337350477074372	0.460809	47945.0	14267.0	49.723422962783246	1.77016e-12	0.375781	ret_inl_elm_left__sys_sle_bentham2015	ret_inl_elm_left_to_sys_sle_bentham2015	ret_inl_elm_left	sys_sle_bentham2015	False	True
rs7183832	0.0446401	0.00651023	0.02955880224154443	0.03132737645161158	0.405276	48826.0	14267.0	47.01729650299733	7.03653e-12	0.345402	ret_inl_elm_left__sys_sle_bentham2015	ret_inl_elm_left_to_sys_sle_bentham2015	ret_inl_elm_left	sys_sle_bentham2015	False	True
rs7325207	0.058484	0.00856916	-0.020202707317519466	0.043821592535263285	0.159962	50787.0	14267.0	46.57980146317633	8.79606e-12	0.644783	ret_inl_elm_left__sys_sle_bentham2015	ret_inl_elm_left_to_sys_sle_bentham2015	ret_inl_elm_left	sys_sle_bentham2015	False	True
rs1947075	0.0450304	0.00661788	-0.01005033585350145	0.026740531784189028	0.351901	50068.0	14267.0	46.29923695692368	1.01502e-11	0.7070310000000001	ret_inl_elm_left__sys_sle_bentham2015	ret_inl_elm_left_to_sys_sle_bentham2015	ret_inl_elm_left	sys_sle_bentham2015	False	True
rs4134898	-0.0635832	0.00940508	0.009950330853168092	0.07933683238776373	0.128996	50482.0	14267.0	45.70458546897417	1.37507e-11	0.900192	ret_inl_elm_left__sys_sle_bentham2015	ret_inl_elm_left_to_sys_sle_bentham2015	ret_inl_elm_left	sys_sle_bentham2015	False	True
rs729257	0.0434323	0.00644744	-0.05129329438755058	0.028378823531809254	0.397262	50468.0	14267.0	45.37859428145894	1.62397e-11	0.0706922	ret_inl_elm_left__sys_sle_bentham2015	ret_inl_elm_left_to_sys_sle_bentham2015	ret_inl_elm_left	sys_sle_bentham2015	False	True
rs7742431	-0.0423741	0.00630325	0.01005033585350145	0.03255741886802354	0.498553	50802.0	14267.0	45.193076769071126	1.78534e-11	0.7575529999999999	ret_inl_elm_left__sys_sle_bentham2015	ret_inl_elm_left_to_sys_sle_bentham2015	ret_inl_elm_left	sys_sle_bentham2015	False	True
rs142963458	0.121736	0.0183321	-0.030459207484708574	0.08957382516420144	0.0310611	49789.0	14267.0	44.097464571367354	3.12487e-11	0.733822	ret_inl_elm_left__sys_sle_bentham2015	ret_inl_elm_left_to_sys_sle_bentham2015	ret_inl_elm_left	sys_sle_bentham2015	False	True
rs2177599	0.0417856	0.00629885	-0.030459207484708574	0.02980828064997002	0.479312	50874.0	14267.0	44.00791090422121	3.27058e-11	0.306858	ret_inl_elm_left__sys_sle_bentham2015	ret_inl_elm_left_to_sys_sle_bentham2015	ret_inl_elm_left	sys_sle_bentham2015	False	True
rs58628422	0.0452996	0.0069654	-0.030459207484708574	0.03213839173906495	0.286687	50583.0	14267.0	42.29573838917441	7.84636e-11	0.343256	ret_inl_elm_left__sys_sle_bentham2015	ret_inl_elm_left_to_sys_sle_bentham2015	ret_inl_elm_left	sys_sle_bentham2015	False	True
rs4298013	0.0410886	0.00636003	-0.01005033585350145	0.02372388957588912	0.428495	50388.0	14267.0	41.737300813072224	1.04396e-10	0.67183	ret_inl_elm_left__sys_sle_bentham2015	ret_inl_elm_left_to_sys_sle_bentham2015	ret_inl_elm_left	sys_sle_bentham2015	False	True
rs16956241	0.0496179	0.00769353	0.058268908123975824	0.03749806080707728	0.211216	50801.0	14267.0	41.593498942762004	1.1236e-10	0.12020399999999999	ret_inl_elm_left__sys_sle_bentham2015	ret_inl_elm_left_to_sys_sle_bentham2015	ret_inl_elm_left	sys_sle_bentham2015	False	True
rs12193446	0.0687205	0.0106791	-0.020202707317519466	0.048377085491849894	0.0954858	50950.0	14267.0	41.409817337146485	1.2342e-10	0.676233	ret_inl_elm_left__sys_sle_bentham2015	ret_inl_elm_left_to_sys_sle_bentham2015	ret_inl_elm_left	sys_sle_bentham2015	False	True
rs17384293	-0.0583194	0.00922212	-0.10536051565782628	0.044558150957978875	0.13277	50919.0	14267.0	39.99121108275047	2.55117e-10	0.018051400000000002	ret_inl_elm_left__sys_sle_bentham2015	ret_inl_elm_left_to_sys_sle_bentham2015	ret_inl_elm_left	sys_sle_bentham2015	False	True
rs9513095	-0.0429941	0.00680134	0.01980262729617973	0.03417350639062247	0.305649	50913.0	14267.0	39.96030117925156	2.59172e-10	0.5622699999999999	ret_inl_elm_left__sys_sle_bentham2015	ret_inl_elm_left_to_sys_sle_bentham2015	ret_inl_elm_left	sys_sle_bentham2015	False	True
rs4752581	0.0428542	0.00679602	-0.020202707317519466	0.027432075155157106	0.321782	49678.0	14267.0	39.762848426475	2.86742e-10	0.461449	ret_inl_elm_left__sys_sle_bentham2015	ret_inl_elm_left_to_sys_sle_bentham2015	ret_inl_elm_left	sys_sle_bentham2015	False	True
rs6751857	0.0393776	0.0063059	0.01980262729617973	0.030865634161786185	0.445486	50950.0	14267.0	38.99458721956453	4.24957e-10	0.521149	ret_inl_elm_left__sys_sle_bentham2015	ret_inl_elm_left_to_sys_sle_bentham2015	ret_inl_elm_left	sys_sle_bentham2015	False	True
rs12531825	0.0603069	0.00970358	-0.020202707317519466	0.03825056002531807	0.120465	50330.0	14267.0	38.625136567009754	5.13524e-10	0.597383	ret_inl_elm_left__sys_sle_bentham2015	ret_inl_elm_left_to_sys_sle_bentham2015	ret_inl_elm_left	sys_sle_bentham2015	False	True
rs11620670	-0.0389733	0.00638131	-0.01005033585350145	0.020483893323610343	0.416964	50936.0	14267.0	37.300501877178654	1.01265e-09	0.623677	ret_inl_elm_left__sys_sle_bentham2015	ret_inl_elm_left_to_sys_sle_bentham2015	ret_inl_elm_left	sys_sle_bentham2015	False	True
rs2076765	0.0416143	0.00683007	0.009950330853168092	0.024048407524359786	0.304165	50706.0	14267.0	37.1223001606616	1.10945e-09	0.679048	ret_inl_elm_left__sys_sle_bentham2015	ret_inl_elm_left_to_sys_sle_bentham2015	ret_inl_elm_left	sys_sle_bentham2015	False	True
rs9379084	0.0634363	0.0105325	0.009950330853168092	0.06274906045889574	0.104872	48497.0	14267.0	36.27544535416442	1.71327e-09	0.8740049999999999	ret_inl_elm_left__sys_sle_bentham2015	ret_inl_elm_left_to_sys_sle_bentham2015	ret_inl_elm_left	sys_sle_bentham2015	False	True
rs920221	0.0379773	0.00631126	0.030459207484708574	0.03280111729830962	0.496469	50550.0	14267.0	36.20895798237369	1.77256e-09	0.353095	ret_inl_elm_left__sys_sle_bentham2015	ret_inl_elm_left_to_sys_sle_bentham2015	ret_inl_elm_left	sys_sle_bentham2015	False	True
rs11689553	-0.0439992	0.00734079	0.02955880224154443	0.03205446752031016	0.243003	50950.0	14267.0	35.92559418211562	2.05002e-09	0.356454	ret_inl_elm_left__sys_sle_bentham2015	ret_inl_elm_left_to_sys_sle_bentham2015	ret_inl_elm_left	sys_sle_bentham2015	False	True
rs75159625	0.0402917	0.00680195	-0.01005033585350145	0.029120812391595894	0.313597	50533.0	14267.0	35.08846041297528	3.15067e-09	0.73	ret_inl_elm_left__sys_sle_bentham2015	ret_inl_elm_left_to_sys_sle_bentham2015	ret_inl_elm_left	sys_sle_bentham2015	False	True
rs4855836	-0.0374804	0.00634549	-0.06187540371808753	0.030419633425563638	0.431151	50930.0	14267.0	34.88816328004119	3.4921e-09	0.0419454	ret_inl_elm_left__sys_sle_bentham2015	ret_inl_elm_left_to_sys_sle_bentham2015	ret_inl_elm_left	sys_sle_bentham2015	False	True
rs919655	0.057172	0.00968628	0.03922071315328133	0.04641565127705318	0.120786	50403.0	14267.0	34.83796127787565	3.58306e-09	0.398117	ret_inl_elm_left__sys_sle_bentham2015	ret_inl_elm_left_to_sys_sle_bentham2015	ret_inl_elm_left	sys_sle_bentham2015	False	True
rs575770	-0.0505091	0.00862259	-0.05129329438755058	0.04499778416787388	0.158741	50529.0	14267.0	34.313402763462605	4.69148e-09	0.254325	ret_inl_elm_left__sys_sle_bentham2015	ret_inl_elm_left_to_sys_sle_bentham2015	ret_inl_elm_left	sys_sle_bentham2015	False	True
rs63338061	0.0386406	0.00661825	-0.040821994520255166	0.030155787707075086	0.362173	49486.0	14267.0	34.087989400423965	5.26786e-09	0.175831	ret_inl_elm_left__sys_sle_bentham2015	ret_inl_elm_left_to_sys_sle_bentham2015	ret_inl_elm_left	sys_sle_bentham2015	False	True
rs13162470	-0.0366625	0.0063311	-0.030459207484708574	0.02961262174402209	0.495997	50208.0	14267.0	33.5340343935285	7.00282e-09	0.303673	ret_inl_elm_left__sys_sle_bentham2015	ret_inl_elm_left_to_sys_sle_bentham2015	ret_inl_elm_left	sys_sle_bentham2015	False	True
rs11221653	0.0365966	0.00642138	0.02955880224154443	0.028782144952476173	0.391698	50950.0	14267.0	32.48065184096006	1.20384e-08	0.30442800000000003	ret_inl_elm_left__sys_sle_bentham2015	ret_inl_elm_left_to_sys_sle_bentham2015	ret_inl_elm_left	sys_sle_bentham2015	False	True
rs11218350	0.0418793	0.00755618	0.03922071315328133	0.03768968155720054	0.223385	50657.0	14267.0	30.718092090253265	2.98367e-08	0.298051	ret_inl_elm_left__sys_sle_bentham2015	ret_inl_elm_left_to_sys_sle_bentham2015	ret_inl_elm_left	sys_sle_bentham2015	False	True
rs1225379	0.0355206	0.00642776	0.02955880224154443	0.03392006600471545	0.48939	48304.0	14267.0	30.538048522871183	3.27392e-08	0.383522	ret_inl_elm_left__sys_sle_bentham2015	ret_inl_elm_left_to_sys_sle_bentham2015	ret_inl_elm_left	sys_sle_bentham2015	False	True
rs17407001	-0.0503814	0.00912557	0.03922071315328133	0.04709454196226584	0.138883	50215.0	14267.0	30.480385919668453	3.37261e-08	0.404953	ret_inl_elm_left__sys_sle_bentham2015	ret_inl_elm_left_to_sys_sle_bentham2015	ret_inl_elm_left	sys_sle_bentham2015	False	True
rs1270942	0.9282193027394288	0.04338217483584476	0.0130517	0.00934928	0.0725646	14267.0	50950.0	457.80291165846535	1.4455e-101	0.162711	ret_inl_elm_left__sys_sle_bentham2015	sys_sle_bentham2015_to_ret_inl_elm_left	sys_sle_bentham2015	ret_inl_elm_left	True	False
rs4274624	0.5596157879354227	0.032679116321158	-0.00157639	0.00748974	0.23160999999999998	14267.0	50770.0	293.25086934119986	9.73273e-66	0.833299	ret_inl_elm_left__sys_sle_bentham2015	sys_sle_bentham2015_to_ret_inl_elm_left	sys_sle_bentham2015	ret_inl_elm_left	True	False
rs17849501	0.8109302162163288	0.04986423265496375	-0.0180035	0.0141654	0.0596421	14267.0	50950.0	264.47747237775303	1.8137e-59	0.203748	ret_inl_elm_left__sys_sle_bentham2015	sys_sle_bentham2015_to_ret_inl_elm_left	sys_sle_bentham2015	ret_inl_elm_left	True	False
rs1143679	0.5822156198526637	0.03998663420667575	0.010454	0.0107078	0.131213	14267.0	50119.0	212.0010469386546	5.02694e-48	0.328917	ret_inl_elm_left__sys_sle_bentham2015	sys_sle_bentham2015_to_ret_inl_elm_left	sys_sle_bentham2015	ret_inl_elm_left	True	False
rs35000415	0.5877866649021191	0.041538954697302115	-0.000177101	0.01015	0.100398	14267.0	50922.0	200.22962356877744	1.8609e-45	0.986079	ret_inl_elm_left__sys_sle_bentham2015	sys_sle_bentham2015_to_ret_inl_elm_left	sys_sle_bentham2015	ret_inl_elm_left	True	False
rs2573219	0.5877866649021191	0.042929166291107275	0.0266902	0.0109198	0.0864811	14267.0	50856.0	187.471195730151	1.13327e-42	0.0145174	ret_inl_elm_left__sys_sle_bentham2015	sys_sle_bentham2015_to_ret_inl_elm_left	sys_sle_bentham2015	ret_inl_elm_left	True	False
rs150180633	0.9282193027394288	0.06895732862779987	-0.0310558	0.0289599	0.0168986	14267.0	50932.0	181.192548506574	2.66099e-41	0.283552	ret_inl_elm_left__sys_sle_bentham2015	sys_sle_bentham2015_to_ret_inl_elm_left	sys_sle_bentham2015	ret_inl_elm_left	True	False
rs7823055	0.35065687161316933	0.028620839404419996	0.00336917	0.00643809	0.42345900000000003	14267.0	49092.0	150.10666436715803	1.64303e-34	0.600753	ret_inl_elm_left__sys_sle_bentham2015	sys_sle_bentham2015_to_ret_inl_elm_left	sys_sle_bentham2015	ret_inl_elm_left	True	False
rs1078324	-0.7133498878774648	0.07816646901246015	-0.00258816	0.0136033	0.0497018	14267.0	50942.0	83.28450451053207	7.10544e-20	0.849105	ret_inl_elm_left__sys_sle_bentham2015	sys_sle_bentham2015_to_ret_inl_elm_left	sys_sle_bentham2015	ret_inl_elm_left	True	False
rs58721818	0.6575200029167941	0.07559406697400173	-0.00137645	0.0181065	0.0248509	14267.0	50657.0	75.65585027597527	3.37674e-18	0.939404	ret_inl_elm_left__sys_sle_bentham2015	sys_sle_bentham2015_to_ret_inl_elm_left	sys_sle_bentham2015	ret_inl_elm_left	True	False
rs13332649	-0.31471074483970024	0.037568252338112514	-0.0106652	0.00750074	0.197813	14267.0	50950.0	70.17479571574411	5.42755e-17	0.155061	ret_inl_elm_left__sys_sle_bentham2015	sys_sle_bentham2015_to_ret_inl_elm_left	sys_sle_bentham2015	ret_inl_elm_left	True	False
rs1464446	-0.3285040669720361	0.04014972755246729	-0.0146013	0.00803842	0.178926	14267.0	50647.0	66.94471485209834	2.79229e-16	0.069302	ret_inl_elm_left__sys_sle_bentham2015	sys_sle_bentham2015_to_ret_inl_elm_left	sys_sle_bentham2015	ret_inl_elm_left	True	False
rs10912578	0.2468600779315258	0.030991798852376563	-0.00384278	0.00686667	0.30119300000000004	14267.0	48923.0	63.446570822076126	1.64776e-15	0.575734	ret_inl_elm_left__sys_sle_bentham2015	sys_sle_bentham2015_to_ret_inl_elm_left	sys_sle_bentham2015	ret_inl_elm_left	True	False
rs2431697	-0.2231435513142097	0.029296428709987537	0.00715091	0.00634465	0.431412	14267.0	50950.0	58.01486909043906	2.60144e-14	0.25971	ret_inl_elm_left__sys_sle_bentham2015	sys_sle_bentham2015_to_ret_inl_elm_left	sys_sle_bentham2015	ret_inl_elm_left	True	False
rs35251378	-0.23572233352106983	0.03242655973320144	0.00229807	0.00696845	0.269384	14267.0	50316.0	52.844490301182496	3.6103e-13	0.741565	ret_inl_elm_left__sys_sle_bentham2015	sys_sle_bentham2015_to_ret_inl_elm_left	sys_sle_bentham2015	ret_inl_elm_left	True	False
rs6679677	0.3364722366212129	0.046485380374858505	-0.00132857	0.0103608	0.0914513	14267.0	50950.0	52.392086214081615	4.54552e-13	0.897967	ret_inl_elm_left__sys_sle_bentham2015	sys_sle_bentham2015_to_ret_inl_elm_left	sys_sle_bentham2015	ret_inl_elm_left	True	False
rs7768653	0.20701416938432612	0.0296890709490796	0.01362	0.00647239	0.40159	14267.0	50546.0	48.619101611474605	3.10827e-12	0.0353506	ret_inl_elm_left__sys_sle_bentham2015	sys_sle_bentham2015_to_ret_inl_elm_left	sys_sle_bentham2015	ret_inl_elm_left	True	False
rs6671847	0.19885085874516517	0.02896508081722554	0.00504114	0.00634803	0.487078	14267.0	50257.0	47.13086955850739	6.64016e-12	0.427121	ret_inl_elm_left__sys_sle_bentham2015	sys_sle_bentham2015_to_ret_inl_elm_left	sys_sle_bentham2015	ret_inl_elm_left	True	False
rs4916215	-0.2231435513142097	0.03396932281463995	-0.00587526	0.00707534	0.25447299999999995	14267.0	50821.0	43.15140121458759	5.06636e-11	0.406321	ret_inl_elm_left__sys_sle_bentham2015	sys_sle_bentham2015_to_ret_inl_elm_left	sys_sle_bentham2015	ret_inl_elm_left	True	False
rs7097397	-0.18632957819149348	0.028711836349021032	0.00671301	0.0065205	0.395626	14267.0	50950.0	42.115470974195595	8.60398e-11	0.303233	ret_inl_elm_left__sys_sle_bentham2015	sys_sle_bentham2015_to_ret_inl_elm_left	sys_sle_bentham2015	ret_inl_elm_left	True	False
rs4661543	-0.2744368457017603	0.04237545624860243	-0.0169085	0.00952303	0.12723700000000004	14267.0	50609.0	41.94266905156497	9.39891e-11	0.0758095	ret_inl_elm_left__sys_sle_bentham2015	sys_sle_bentham2015_to_ret_inl_elm_left	sys_sle_bentham2015	ret_inl_elm_left	True	False
rs13136219	-0.1743533871447778	0.027786960712837545	0.0117779	0.00649755	0.379722	14267.0	50507.0	39.37120286398545	3.50427e-10	0.0698831	ret_inl_elm_left__sys_sle_bentham2015	sys_sle_bentham2015_to_ret_inl_elm_left	sys_sle_bentham2015	ret_inl_elm_left	True	False
rs10200680	-0.2484613592984996	0.042483496013878894	-0.00671073	0.00885744	0.144135	14267.0	50687.0	34.20402518048219	4.96262e-09	0.448668	ret_inl_elm_left__sys_sle_bentham2015	sys_sle_bentham2015_to_ret_inl_elm_left	sys_sle_bentham2015	ret_inl_elm_left	True	False
rs73050535	-0.7133498878774648	0.1241341633444946	0.0189633	0.020831	0.0298211	14267.0	50862.0	33.0234582980788	9.10536e-09	0.362642	ret_inl_elm_left__sys_sle_bentham2015	sys_sle_bentham2015_to_ret_inl_elm_left	sys_sle_bentham2015	ret_inl_elm_left	True	False
rs143123127	0.47000362924573563	0.08403420051666054	0.0447257	0.0174561	0.0308151	14267.0	50862.0	31.281695024459218	2.23174e-08	0.0104015	ret_inl_elm_left__sys_sle_bentham2015	sys_sle_bentham2015_to_ret_inl_elm_left	sys_sle_bentham2015	ret_inl_elm_left	True	False
rs7899626	0.1823215567939546	0.03325318638695583	-0.00514168	0.0070201	0.362823	14267.0	48982.0	30.061421140607337	4.18576e-08	0.46391	ret_inl_elm_left__sys_sle_bentham2015	sys_sle_bentham2015_to_ret_inl_elm_left	sys_sle_bentham2015	ret_inl_elm_left	True	False
rs73068668	-0.31471074483970024	0.057490346033111685	-0.0214937	0.0120822	0.0954274	14267.0	50284.0	29.966311957600823	4.39618e-08	0.0752473	ret_inl_elm_left__sys_sle_bentham2015	sys_sle_bentham2015_to_ret_inl_elm_left	sys_sle_bentham2015	ret_inl_elm_left	True	False
rs143810596	-0.616186139423817	0.11257379615769905	0.018303	0.0205199	0.0258449	14267.0	50915.0	29.960511751951863	4.40935e-08	0.372411	ret_inl_elm_left__sys_sle_bentham2015	sys_sle_bentham2015_to_ret_inl_elm_left	sys_sle_bentham2015	ret_inl_elm_left	True	False
rs887595	-0.289382	0.00825258	-0.0083	0.0159	0.17798	50559.0	59957.0	1229.5991141231693	2.25331e-269	0.6003	ret_inl_elm_left__sys_ibd_delange2017	ret_inl_elm_left_to_sys_ibd_delange2017	ret_inl_elm_left	sys_ibd_delange2017	False	True
rs3138142	0.179594	0.00736339	0.0178	0.0164	0.239847	50601.0	59957.0	594.8781807965383	2.17307e-131	0.278	ret_inl_elm_left__sys_ibd_delange2017	ret_inl_elm_left_to_sys_ibd_delange2017	ret_inl_elm_left	sys_ibd_delange2017	False	True
rs375646	0.12702	0.00723761	0.0099	0.0141	0.25524	50664.0	59957.0	308.0022308435278	5.94978e-69	0.4831	ret_inl_elm_left__sys_ibd_delange2017	ret_inl_elm_left_to_sys_ibd_delange2017	ret_inl_elm_left	sys_ibd_delange2017	False	True
rs118186707	0.287453	0.0189209	0.0393	0.0397	0.0285994	50473.0	59957.0	230.8076027200531	3.97304e-52	0.3217	ret_inl_elm_left__sys_ibd_delange2017	ret_inl_elm_left_to_sys_ibd_delange2017	ret_inl_elm_left	sys_ibd_delange2017	False	True
rs17421627	0.176971	0.012019	-0.0101	0.0238	0.0732777	50950.0	59957.0	216.80412426421287	4.50846e-49	0.6708	ret_inl_elm_left__sys_ibd_delange2017	ret_inl_elm_left_to_sys_ibd_delange2017	ret_inl_elm_left	sys_ibd_delange2017	False	True
rs116350483	-0.286424	0.0246047	-0.0292	0.0521	0.0165653	50950.0	59957.0	135.51353135289187	2.54994e-31	0.5758	ret_inl_elm_left__sys_ibd_delange2017	ret_inl_elm_left_to_sys_ibd_delange2017	ret_inl_elm_left	sys_ibd_delange2017	False	True
rs4668035	-0.0883495	0.00831672	0.0092	0.0159	0.174116	50564.0	59957.0	112.85064132246973	2.32645e-26	0.5623	ret_inl_elm_left__sys_ibd_delange2017	ret_inl_elm_left_to_sys_ibd_delange2017	ret_inl_elm_left	sys_ibd_delange2017	False	True
rs9398063	-0.183053	0.0172324	-0.0075	0.0331	0.0345905	50722.0	59957.0	112.83976361342876	2.33921e-26	0.8208	ret_inl_elm_left__sys_ibd_delange2017	ret_inl_elm_left_to_sys_ibd_delange2017	ret_inl_elm_left	sys_ibd_delange2017	False	True
rs929271	0.0720471	0.00694495	-0.015	0.0134	0.306468	49103.0	59957.0	107.62043974095238	3.25499e-25	0.2645	ret_inl_elm_left__sys_ibd_delange2017	ret_inl_elm_left_to_sys_ibd_delange2017	ret_inl_elm_left	sys_ibd_delange2017	False	True
rs9964861	0.0703081	0.00685784	0.0354	0.0135	0.304415	50528.0	59957.0	105.1080615569125	1.1565e-24	0.008706	ret_inl_elm_left__sys_ibd_delange2017	ret_inl_elm_left_to_sys_ibd_delange2017	ret_inl_elm_left	sys_ibd_delange2017	False	True
rs9298816	0.0655484	0.00688433	0.0014	0.0134	0.311245	49633.0	59957.0	90.65689292854212	1.70868e-21	0.9146	ret_inl_elm_left__sys_ibd_delange2017	ret_inl_elm_left_to_sys_ibd_delange2017	ret_inl_elm_left	sys_ibd_delange2017	False	True
rs12891131	-0.0594779	0.00631987	0.0223	0.0124	0.462987	50941.0	59957.0	88.57169644099329	4.90279e-21	0.07194	ret_inl_elm_left__sys_ibd_delange2017	ret_inl_elm_left_to_sys_ibd_delange2017	ret_inl_elm_left	sys_ibd_delange2017	False	True
rs56238729	0.0691819	0.00739917	-0.0095	0.0144	0.23612	50936.0	59957.0	87.42164198019204	8.76896e-21	0.508	ret_inl_elm_left__sys_ibd_delange2017	ret_inl_elm_left_to_sys_ibd_delange2017	ret_inl_elm_left	sys_ibd_delange2017	False	True
rs17370487	-0.0707956	0.00796138	0.0221	0.0158	0.192542	50950.0	59957.0	79.07438568702416	5.98155e-19	0.162	ret_inl_elm_left__sys_ibd_delange2017	ret_inl_elm_left_to_sys_ibd_delange2017	ret_inl_elm_left	sys_ibd_delange2017	False	True
rs8132685	0.0525259	0.0062841	-0.0282	0.0124	0.47639	50783.0	59957.0	69.86518770209459	6.3501e-17	0.0227	ret_inl_elm_left__sys_ibd_delange2017	ret_inl_elm_left_to_sys_ibd_delange2017	ret_inl_elm_left	sys_ibd_delange2017	False	True
rs112109204	0.135048	0.0161913	0.0082	0.0355	0.0401357	49831.0	59957.0	69.5685376381147	7.38311e-17	0.8167	ret_inl_elm_left__sys_ibd_delange2017	ret_inl_elm_left_to_sys_ibd_delange2017	ret_inl_elm_left	sys_ibd_delange2017	False	True
rs7589104	-0.103489	0.012427	-0.0097	0.0248	0.0689341	50512.0	59957.0	69.35148808107505	8.23923e-17	0.6952	ret_inl_elm_left__sys_ibd_delange2017	ret_inl_elm_left_to_sys_ibd_delange2017	ret_inl_elm_left	sys_ibd_delange2017	False	True
rs11606813	-0.128155	0.015545	0.0158	0.0304	0.0427268	50542.0	59957.0	67.96567855532258	1.66419e-16	0.604	ret_inl_elm_left__sys_ibd_delange2017	ret_inl_elm_left_to_sys_ibd_delange2017	ret_inl_elm_left	sys_ibd_delange2017	False	True
rs9639276	0.0681921	0.00828562	0.0099	0.0165	0.173778	50950.0	59957.0	67.73577539820118	1.86937e-16	0.5495	ret_inl_elm_left__sys_ibd_delange2017	ret_inl_elm_left_to_sys_ibd_delange2017	ret_inl_elm_left	sys_ibd_delange2017	False	True
rs11662962	0.0765031	0.00941261	-0.0005	0.0183	0.127697	50796.0	59957.0	66.05990398334562	4.37412e-16	0.9784	ret_inl_elm_left__sys_ibd_delange2017	ret_inl_elm_left_to_sys_ibd_delange2017	ret_inl_elm_left	sys_ibd_delange2017	False	True
rs9837054	0.0713577	0.00879912	0.0134	0.0171	0.150461	50857.0	59957.0	65.76626919341254	5.07693e-16	0.4333	ret_inl_elm_left__sys_ibd_delange2017	ret_inl_elm_left_to_sys_ibd_delange2017	ret_inl_elm_left	sys_ibd_delange2017	False	True
rs1513617	0.0537479	0.0066616	0.0082	0.013	0.335916	50852.0	59957.0	65.09773793543343	7.12773e-16	0.5313	ret_inl_elm_left__sys_ibd_delange2017	ret_inl_elm_left_to_sys_ibd_delange2017	ret_inl_elm_left	sys_ibd_delange2017	False	True
rs62391698	-0.0629046	0.00782054	0.0213	0.0155	0.199984	50894.0	59957.0	64.69807020284303	8.73002e-16	0.1688	ret_inl_elm_left__sys_ibd_delange2017	ret_inl_elm_left_to_sys_ibd_delange2017	ret_inl_elm_left	sys_ibd_delange2017	False	True
rs113958504	-0.0733692	0.00917928	-0.0485	0.0182	0.136872	50295.0	59957.0	63.8866818358759	1.31785e-15	0.007693	ret_inl_elm_left__sys_ibd_delange2017	ret_inl_elm_left_to_sys_ibd_delange2017	ret_inl_elm_left	sys_ibd_delange2017	False	True
rs7752728	-0.0585254	0.00768777	0.0099	0.0151	0.210546	50711.0	59957.0	57.954614009649504	2.68241e-14	0.5109	ret_inl_elm_left__sys_ibd_delange2017	ret_inl_elm_left_to_sys_ibd_delange2017	ret_inl_elm_left	sys_ibd_delange2017	False	True
rs2930972	0.0581167	0.0081671	0.0353	0.0164	0.182466	50393.0	59957.0	50.636787540304056	1.11144e-12	0.03158	ret_inl_elm_left__sys_ibd_delange2017	ret_inl_elm_left_to_sys_ibd_delange2017	ret_inl_elm_left	sys_ibd_delange2017	False	True
rs9585141	-0.045004	0.00637667	0.0183	0.0124	0.479296	49484.0	59957.0	49.809748324967536	1.69394e-12	0.1381	ret_inl_elm_left__sys_ibd_delange2017	ret_inl_elm_left_to_sys_ibd_delange2017	ret_inl_elm_left	sys_ibd_delange2017	False	True
rs4490572	0.0457642	0.00649001	0.0104	0.0125	0.460809	47945.0	59957.0	49.723422962783246	1.77016e-12	0.4076	ret_inl_elm_left__sys_ibd_delange2017	ret_inl_elm_left_to_sys_ibd_delange2017	ret_inl_elm_left	sys_ibd_delange2017	False	True
rs10869406	0.0457603	0.00650894	0.0182	0.0127	0.37726	50497.0	59957.0	49.4261962896491	2.05963e-12	0.1528	ret_inl_elm_left__sys_ibd_delange2017	ret_inl_elm_left_to_sys_ibd_delange2017	ret_inl_elm_left	sys_ibd_delange2017	False	True
rs1947075	0.0450304	0.00661788	0.0369	0.013	0.351901	50068.0	59957.0	46.29923695692368	1.01502e-11	0.004599	ret_inl_elm_left__sys_ibd_delange2017	ret_inl_elm_left_to_sys_ibd_delange2017	ret_inl_elm_left	sys_ibd_delange2017	False	True
rs4134898	-0.0635832	0.00940508	0.024	0.0186	0.128996	50482.0	59957.0	45.70458546897417	1.37507e-11	0.1954	ret_inl_elm_left__sys_ibd_delange2017	ret_inl_elm_left_to_sys_ibd_delange2017	ret_inl_elm_left	sys_ibd_delange2017	False	True
rs729257	0.0434323	0.00644744	-0.0116	0.0128	0.397262	50468.0	59957.0	45.37859428145894	1.62397e-11	0.3635	ret_inl_elm_left__sys_ibd_delange2017	ret_inl_elm_left_to_sys_ibd_delange2017	ret_inl_elm_left	sys_ibd_delange2017	False	True
rs7742431	-0.0423741	0.00630325	0.0151	0.0124	0.498553	50802.0	59957.0	45.193076769071126	1.78534e-11	0.2234	ret_inl_elm_left__sys_ibd_delange2017	ret_inl_elm_left_to_sys_ibd_delange2017	ret_inl_elm_left	sys_ibd_delange2017	False	True
rs142963458	0.121736	0.0183321	-0.0679	0.0348	0.0310611	49789.0	59957.0	44.097464571367354	3.12487e-11	0.05141	ret_inl_elm_left__sys_ibd_delange2017	ret_inl_elm_left_to_sys_ibd_delange2017	ret_inl_elm_left	sys_ibd_delange2017	False	True
rs2177599	0.0417856	0.00629885	0.0081	0.0124	0.479312	50874.0	59957.0	44.00791090422121	3.27058e-11	0.5122	ret_inl_elm_left__sys_ibd_delange2017	ret_inl_elm_left_to_sys_ibd_delange2017	ret_inl_elm_left	sys_ibd_delange2017	False	True
rs58628422	0.0452996	0.0069654	0.0172	0.0135	0.286687	50583.0	59957.0	42.29573838917441	7.84636e-11	0.2032	ret_inl_elm_left__sys_ibd_delange2017	ret_inl_elm_left_to_sys_ibd_delange2017	ret_inl_elm_left	sys_ibd_delange2017	False	True
rs4298013	0.0410886	0.00636003	-0.0035	0.0125	0.428495	50388.0	59957.0	41.737300813072224	1.04396e-10	0.7766	ret_inl_elm_left__sys_ibd_delange2017	ret_inl_elm_left_to_sys_ibd_delange2017	ret_inl_elm_left	sys_ibd_delange2017	False	True
rs12193446	0.0687205	0.0106791	-0.0144	0.022	0.0954858	50950.0	59957.0	41.409817337146485	1.2342e-10	0.5136	ret_inl_elm_left__sys_ibd_delange2017	ret_inl_elm_left_to_sys_ibd_delange2017	ret_inl_elm_left	sys_ibd_delange2017	False	True
rs17384293	-0.0583194	0.00922212	-0.0021	0.0188	0.13277	50919.0	59957.0	39.99121108275047	2.55117e-10	0.9118	ret_inl_elm_left__sys_ibd_delange2017	ret_inl_elm_left_to_sys_ibd_delange2017	ret_inl_elm_left	sys_ibd_delange2017	False	True
rs9513095	-0.0429941	0.00680134	-0.0166	0.0135	0.305649	50913.0	59957.0	39.96030117925156	2.59172e-10	0.2186	ret_inl_elm_left__sys_ibd_delange2017	ret_inl_elm_left_to_sys_ibd_delange2017	ret_inl_elm_left	sys_ibd_delange2017	False	True
rs4752581	0.0428542	0.00679602	-0.0141	0.0132	0.321782	49678.0	59957.0	39.762848426475	2.86742e-10	0.2867	ret_inl_elm_left__sys_ibd_delange2017	ret_inl_elm_left_to_sys_ibd_delange2017	ret_inl_elm_left	sys_ibd_delange2017	False	True
rs6751857	0.0393776	0.0063059	0.0078	0.0125	0.445486	50950.0	59957.0	38.99458721956453	4.24957e-10	0.5339	ret_inl_elm_left__sys_ibd_delange2017	ret_inl_elm_left_to_sys_ibd_delange2017	ret_inl_elm_left	sys_ibd_delange2017	False	True
rs12531825	0.0603069	0.00970358	-0.0091	0.0193	0.120465	50330.0	59957.0	38.625136567009754	5.13524e-10	0.637	ret_inl_elm_left__sys_ibd_delange2017	ret_inl_elm_left_to_sys_ibd_delange2017	ret_inl_elm_left	sys_ibd_delange2017	False	True
rs8068292	0.0435431	0.00701134	0.0091	0.0138	0.279891	50868.0	59957.0	38.56884506090529	5.28576e-10	0.5106	ret_inl_elm_left__sys_ibd_delange2017	ret_inl_elm_left_to_sys_ibd_delange2017	ret_inl_elm_left	sys_ibd_delange2017	False	True
rs61817379	-0.0447674	0.00723644	-0.0067	0.0139	0.281705	47161.0	59957.0	38.27135275237602	6.1558e-10	0.6272	ret_inl_elm_left__sys_ibd_delange2017	ret_inl_elm_left_to_sys_ibd_delange2017	ret_inl_elm_left	sys_ibd_delange2017	False	True
rs11620670	-0.0389733	0.00638131	-0.0053	0.0125	0.416964	50936.0	59957.0	37.300501877178654	1.01265e-09	0.6684	ret_inl_elm_left__sys_ibd_delange2017	ret_inl_elm_left_to_sys_ibd_delange2017	ret_inl_elm_left	sys_ibd_delange2017	False	True
rs2076765	0.0416143	0.00683007	-0.0064	0.0136	0.304165	50706.0	59957.0	37.1223001606616	1.10945e-09	0.6392	ret_inl_elm_left__sys_ibd_delange2017	ret_inl_elm_left_to_sys_ibd_delange2017	ret_inl_elm_left	sys_ibd_delange2017	False	True
rs920221	0.0379773	0.00631126	-0.0174	0.0124	0.496469	50550.0	59957.0	36.20895798237369	1.77256e-09	0.1597	ret_inl_elm_left__sys_ibd_delange2017	ret_inl_elm_left_to_sys_ibd_delange2017	ret_inl_elm_left	sys_ibd_delange2017	False	True
rs75159625	0.0402917	0.00680195	0.0022	0.0157	0.313597	50533.0	59957.0	35.08846041297528	3.15067e-09	0.8888	ret_inl_elm_left__sys_ibd_delange2017	ret_inl_elm_left_to_sys_ibd_delange2017	ret_inl_elm_left	sys_ibd_delange2017	False	True
rs4855836	-0.0374804	0.00634549	0.1013	0.0125	0.431151	50930.0	59957.0	34.88816328004119	3.4921e-09	6.29e-16	ret_inl_elm_left__sys_ibd_delange2017	ret_inl_elm_left_to_sys_ibd_delange2017	ret_inl_elm_left	sys_ibd_delange2017	False	True
rs919655	0.057172	0.00968628	0.0135	0.0197	0.120786	50403.0	59957.0	34.83796127787565	3.58306e-09	0.4944	ret_inl_elm_left__sys_ibd_delange2017	ret_inl_elm_left_to_sys_ibd_delange2017	ret_inl_elm_left	sys_ibd_delange2017	False	True
rs575770	-0.0505091	0.00862259	0.0358	0.0172	0.158741	50529.0	59957.0	34.313402763462605	4.69148e-09	0.03763	ret_inl_elm_left__sys_ibd_delange2017	ret_inl_elm_left_to_sys_ibd_delange2017	ret_inl_elm_left	sys_ibd_delange2017	False	True
rs63338061	0.0386406	0.00661825	0.016	0.0133	0.362173	49486.0	59957.0	34.087989400423965	5.26786e-09	0.2284	ret_inl_elm_left__sys_ibd_delange2017	ret_inl_elm_left_to_sys_ibd_delange2017	ret_inl_elm_left	sys_ibd_delange2017	False	True
rs13162470	-0.0366625	0.0063311	-0.023	0.0124	0.495997	50208.0	59957.0	33.5340343935285	7.00282e-09	0.06445	ret_inl_elm_left__sys_ibd_delange2017	ret_inl_elm_left_to_sys_ibd_delange2017	ret_inl_elm_left	sys_ibd_delange2017	False	True
rs11221653	0.0365966	0.00642138	0.0164	0.0128	0.391698	50950.0	59957.0	32.48065184096006	1.20384e-08	0.2008	ret_inl_elm_left__sys_ibd_delange2017	ret_inl_elm_left_to_sys_ibd_delange2017	ret_inl_elm_left	sys_ibd_delange2017	False	True
rs4680287	-0.0399188	0.00702759	0.014	0.014	0.273859	50778.0	59957.0	32.2657766040493	1.34459e-08	0.3163	ret_inl_elm_left__sys_ibd_delange2017	ret_inl_elm_left_to_sys_ibd_delange2017	ret_inl_elm_left	sys_ibd_delange2017	False	True
rs12547986	0.0387887	0.00689631	-0.0119	0.0134	0.294916	50428.0	59957.0	31.635659903577007	1.85986e-08	0.3761	ret_inl_elm_left__sys_ibd_delange2017	ret_inl_elm_left_to_sys_ibd_delange2017	ret_inl_elm_left	sys_ibd_delange2017	False	True
rs34733940	0.0457563	0.00823352	-0.0035	0.0162	0.176951	50771.0	59957.0	30.88379833815931	2.73956e-08	0.8278	ret_inl_elm_left__sys_ibd_delange2017	ret_inl_elm_left_to_sys_ibd_delange2017	ret_inl_elm_left	sys_ibd_delange2017	False	True
rs1225379	0.0355206	0.00642776	0.0092	0.0135	0.48939	48304.0	59957.0	30.538048522871183	3.27392e-08	0.4944	ret_inl_elm_left__sys_ibd_delange2017	ret_inl_elm_left_to_sys_ibd_delange2017	ret_inl_elm_left	sys_ibd_delange2017	False	True
rs17407001	-0.0503814	0.00912557	-0.0163	0.0191	0.138883	50215.0	59957.0	30.480385919668453	3.37261e-08	0.3922	ret_inl_elm_left__sys_ibd_delange2017	ret_inl_elm_left_to_sys_ibd_delange2017	ret_inl_elm_left	sys_ibd_delange2017	False	True
rs11581607	0.6578	0.0294	0.0233973	0.0126464	NA	59957.0	50941.0	500.6025730019901	4.59e-111	0.0642968	ret_inl_elm_left__sys_ibd_delange2017	sys_ibd_delange2017_to_ret_inl_elm_left	sys_ibd_delange2017	ret_inl_elm_left	True	False
rs145568234	0.86	0.0476	0.00962183	0.0341158	NA	59957.0	48875.0	326.42468752206764	4.731e-73	0.777917	ret_inl_elm_left__sys_ibd_delange2017	sys_ibd_delange2017_to_ret_inl_elm_left	sys_ibd_delange2017	ret_inl_elm_left	True	False
rs749910	-0.1961	0.0138	-0.000587607	0.00719844	NA	59957.0	50939.0	201.9282188615837	7.828e-46	0.934941	ret_inl_elm_left__sys_ibd_delange2017	sys_ibd_delange2017_to_ret_inl_elm_left	sys_ibd_delange2017	ret_inl_elm_left	True	False
rs1445004	-0.1689	0.0127	-0.00619668	0.00642616	NA	59957.0	50950.0	176.86905573811146	3.484e-40	0.3349	ret_inl_elm_left__sys_ibd_delange2017	sys_ibd_delange2017_to_ret_inl_elm_left	sys_ibd_delange2017	ret_inl_elm_left	True	False
rs755374	-0.1767	0.0134	-0.00107523	0.00689119	NA	59957.0	47935.0	173.88555357540653	1.586e-39	0.87601	ret_inl_elm_left__sys_ibd_delange2017	sys_ibd_delange2017_to_ret_inl_elm_left	sys_ibd_delange2017	ret_inl_elm_left	True	False
rs3829110	0.1574	0.0125	0.001565	0.00634701	NA	59957.0	50947.0	158.55846400000001	3.52e-36	0.805238	ret_inl_elm_left__sys_ibd_delange2017	sys_ibd_delange2017_to_ret_inl_elm_left	sys_ibd_delange2017	ret_inl_elm_left	True	False
rs1131095	0.1635	0.0131	-0.0203878	0.00689439	NA	59957.0	50946.0	155.77326496124934	1.219e-35	0.00310482	ret_inl_elm_left__sys_ibd_delange2017	sys_ibd_delange2017_to_ret_inl_elm_left	sys_ibd_delange2017	ret_inl_elm_left	True	False
rs6584282	-0.152	0.0124	-0.000867395	0.00627742	NA	59957.0	50916.0	150.2601456815817	1.194e-34	0.8901	ret_inl_elm_left__sys_ibd_delange2017	sys_ibd_delange2017_to_ret_inl_elm_left	sys_ibd_delange2017	ret_inl_elm_left	True	False
rs11236797	-0.1488	0.0125	0.00990058	0.0063081	NA	59957.0	50826.0	141.70521599999995	7.188e-33	0.116531	ret_inl_elm_left__sys_ibd_delange2017	sys_ibd_delange2017_to_ret_inl_elm_left	sys_ibd_delange2017	ret_inl_elm_left	True	False
rs1297264	-0.1462	0.0126	-0.0118227	0.00632226	NA	59957.0	50676.0	134.6336608717561	3.98e-31	0.0614821	ret_inl_elm_left__sys_ibd_delange2017	sys_ibd_delange2017_to_ret_inl_elm_left	sys_ibd_delange2017	ret_inl_elm_left	True	False
rs3024493	-0.1911	0.0165	0.00722085	0.00870739	NA	59957.0	50950.0	134.13851239669418	4.041e-31	0.406947	ret_inl_elm_left__sys_ibd_delange2017	sys_ibd_delange2017_to_ret_inl_elm_left	sys_ibd_delange2017	ret_inl_elm_left	True	False
rs2836881	0.1643	0.0146	0.000399036	0.00708376	NA	59957.0	50651.0	126.63956652279977	1.959e-29	0.955078	ret_inl_elm_left__sys_ibd_delange2017	sys_ibd_delange2017_to_ret_inl_elm_left	sys_ibd_delange2017	ret_inl_elm_left	True	False
rs3792111	-0.1391	0.0124	0.0128896	0.00629129	NA	59957.0	50943.0	125.83773413111345	5.122e-29	0.0404814	ret_inl_elm_left__sys_ibd_delange2017	sys_ibd_delange2017_to_ret_inl_elm_left	sys_ibd_delange2017	ret_inl_elm_left	True	False
rs6457681	0.1687	0.0153	0.00237875	0.00739073	NA	59957.0	50936.0	121.5758468964928	3.75e-28	0.747562	ret_inl_elm_left__sys_ibd_delange2017	sys_ibd_delange2017_to_ret_inl_elm_left	sys_ibd_delange2017	ret_inl_elm_left	True	False
rs10114470	0.1475	0.0137	-0.00728871	0.00674104	NA	59957.0	50819.0	115.91587191645796	4.098e-27	0.279589	ret_inl_elm_left__sys_ibd_delange2017	sys_ibd_delange2017_to_ret_inl_elm_left	sys_ibd_delange2017	ret_inl_elm_left	True	False
rs6062496	-0.137	0.0129	-0.00149367	0.00631493	NA	59957.0	50546.0	112.78769304729285	2.826e-26	0.813021	ret_inl_elm_left__sys_ibd_delange2017	sys_ibd_delange2017_to_ret_inl_elm_left	sys_ibd_delange2017	ret_inl_elm_left	True	False
rs2838517	-0.128	0.0125	0.00821573	0.0064468	NA	59957.0	50901.0	104.8576	1.835e-24	0.202525	ret_inl_elm_left__sys_ibd_delange2017	sys_ibd_delange2017_to_ret_inl_elm_left	sys_ibd_delange2017	ret_inl_elm_left	True	False
rs2413583	0.1732	0.0171	-0.0037269	0.0084874	NA	59957.0	50950.0	102.589651516706	4.595e-24	0.660582	ret_inl_elm_left__sys_ibd_delange2017	sys_ibd_delange2017_to_ret_inl_elm_left	sys_ibd_delange2017	ret_inl_elm_left	True	False
rs56062135	-0.1382	0.0145	0.00954832	0.00737435	0.214712	59957.0	50836.0	90.84061831153386	1.371e-21	0.195388	ret_inl_elm_left__sys_ibd_delange2017	sys_ibd_delange2017_to_ret_inl_elm_left	sys_ibd_delange2017	ret_inl_elm_left	True	False
rs10800309	-0.123	0.0133	-0.0100831	0.0067401	NA	59957.0	50950.0	85.52772909717905	1.942e-20	0.134658	ret_inl_elm_left__sys_ibd_delange2017	sys_ibd_delange2017_to_ret_inl_elm_left	sys_ibd_delange2017	ret_inl_elm_left	True	False
rs6674040	0.1129	0.0124	-0.0132604	0.00629077	NA	59957.0	50630.0	82.89808792924039	6.307e-20	0.0350382	ret_inl_elm_left__sys_ibd_delange2017	sys_ibd_delange2017_to_ret_inl_elm_left	sys_ibd_delange2017	ret_inl_elm_left	True	False
rs35171809	0.1088	0.0123	0.00525797	0.00629961	NA	59957.0	50942.0	78.24337365324872	1.156e-18	0.403915	ret_inl_elm_left__sys_ibd_delange2017	sys_ibd_delange2017_to_ret_inl_elm_left	sys_ibd_delange2017	ret_inl_elm_left	True	False
rs744166	-0.1109	0.0126	-0.0065388	0.00633555	NA	59957.0	50708.0	77.46793902746285	1.34e-18	0.302034	ret_inl_elm_left__sys_ibd_delange2017	sys_ibd_delange2017_to_ret_inl_elm_left	sys_ibd_delange2017	ret_inl_elm_left	True	False
rs6017342	0.1156	0.0135	-0.00976056	0.00626713	NA	59957.0	50950.0	73.32433470507546	1.071e-17	0.11937	ret_inl_elm_left__sys_ibd_delange2017	sys_ibd_delange2017_to_ret_inl_elm_left	sys_ibd_delange2017	ret_inl_elm_left	True	False
rs62126610	0.1407	0.0166	0.0103036	0.00857131	NA	59957.0	50293.0	71.84094208157933	2.6e-17	0.229323	ret_inl_elm_left__sys_ibd_delange2017	sys_ibd_delange2017_to_ret_inl_elm_left	sys_ibd_delange2017	ret_inl_elm_left	True	False
rs4807569	0.1281	0.0152	-0.0075514	0.00779303	NA	59957.0	50697.0	71.02497403047091	4.239e-17	0.332548	ret_inl_elm_left__sys_ibd_delange2017	sys_ibd_delange2017_to_ret_inl_elm_left	sys_ibd_delange2017	ret_inl_elm_left	True	False
rs80262450	-0.1581	0.019	-0.00772387	0.00976652	NA	59957.0	50584.0	69.23991689750693	1.041e-16	0.429031	ret_inl_elm_left__sys_ibd_delange2017	sys_ibd_delange2017_to_ret_inl_elm_left	sys_ibd_delange2017	ret_inl_elm_left	True	False
rs28374519	0.1105	0.0137	0.00413905	0.00663386	NA	59957.0	47206.0	65.05541051734241	6.547e-16	0.532675	ret_inl_elm_left__sys_ibd_delange2017	sys_ibd_delange2017_to_ret_inl_elm_left	sys_ibd_delange2017	ret_inl_elm_left	True	False
rs5754100	0.1293	0.016	0.0240337	0.00803601	NA	59957.0	50718.0	65.30660156249998	7.14e-16	0.00278292	ret_inl_elm_left__sys_ibd_delange2017	sys_ibd_delange2017_to_ret_inl_elm_left	sys_ibd_delange2017	ret_inl_elm_left	True	False
rs143210366	0.2836	0.036	-0.0172604	0.0216169	NA	59957.0	48806.0	62.059382716049406	3.139e-15	0.424599	ret_inl_elm_left__sys_ibd_delange2017	sys_ibd_delange2017_to_ret_inl_elm_left	sys_ibd_delange2017	ret_inl_elm_left	True	False
rs4676408	-0.1011	0.013	-0.00494658	0.00630695	NA	59957.0	50159.0	60.4805325443787	7.629e-15	0.432861	ret_inl_elm_left__sys_ibd_delange2017	sys_ibd_delange2017_to_ret_inl_elm_left	sys_ibd_delange2017	ret_inl_elm_left	True	False
rs11152949	0.1019	0.0133	0.00267027	0.006712	NA	59957.0	50521.0	58.700944089547185	1.563e-14	0.690752	ret_inl_elm_left__sys_ibd_delange2017	sys_ibd_delange2017_to_ret_inl_elm_left	sys_ibd_delange2017	ret_inl_elm_left	True	False
rs4957256	0.1179	0.0155	0.00894549	0.00774201	NA	59957.0	50927.0	57.858106139438085	3.367e-14	0.247907	ret_inl_elm_left__sys_ibd_delange2017	sys_ibd_delange2017_to_ret_inl_elm_left	sys_ibd_delange2017	ret_inl_elm_left	True	False
rs3850378	0.1536	0.0207	-0.00805606	0.0106427	NA	59957.0	50577.0	55.060701533291315	1.1e-13	0.449076	ret_inl_elm_left__sys_ibd_delange2017	sys_ibd_delange2017_to_ret_inl_elm_left	sys_ibd_delange2017	ret_inl_elm_left	True	False
rs6740847	-0.0924	0.0125	0.00571434	0.00638418	NA	59957.0	50646.0	54.64166399999999	1.218e-13	0.370746	ret_inl_elm_left__sys_ibd_delange2017	sys_ibd_delange2017_to_ret_inl_elm_left	sys_ibd_delange2017	ret_inl_elm_left	True	False
rs11677002	-0.0931	0.0126	-0.0101401	0.00634919	NA	59957.0	50163.0	54.595679012345684	1.371e-13	0.110252	ret_inl_elm_left__sys_ibd_delange2017	sys_ibd_delange2017_to_ret_inl_elm_left	sys_ibd_delange2017	ret_inl_elm_left	True	False
rs2384352	0.0951	0.0131	-0.000533309	0.00671051	NA	59957.0	50827.0	52.7009498280986	3.118e-13	0.936656	ret_inl_elm_left__sys_ibd_delange2017	sys_ibd_delange2017_to_ret_inl_elm_left	sys_ibd_delange2017	ret_inl_elm_left	True	False
rs10826797	0.099	0.0136	-0.011863	0.00683089	NA	59957.0	50260.0	52.989835640138416	3.986e-13	0.0824466	ret_inl_elm_left__sys_ibd_delange2017	sys_ibd_delange2017_to_ret_inl_elm_left	sys_ibd_delange2017	ret_inl_elm_left	True	False
rs55946629	-0.1298	0.018	-0.0107942	0.00922389	NA	59957.0	49281.0	52.00012345679013	5.454e-13	0.241901	ret_inl_elm_left__sys_ibd_delange2017	sys_ibd_delange2017_to_ret_inl_elm_left	sys_ibd_delange2017	ret_inl_elm_left	True	False
rs6873866	-0.0919	0.0128	0.00661626	0.00635346	NA	59957.0	50950.0	51.547912597656236	6.148e-13	0.297707	ret_inl_elm_left__sys_ibd_delange2017	sys_ibd_delange2017_to_ret_inl_elm_left	sys_ibd_delange2017	ret_inl_elm_left	True	False
rs4072601	0.1264	0.0177	0.00412766	0.00892706	NA	59957.0	50639.0	50.99735069743689	8.433e-13	0.643811	ret_inl_elm_left__sys_ibd_delange2017	sys_ibd_delange2017_to_ret_inl_elm_left	sys_ibd_delange2017	ret_inl_elm_left	True	False
rs1250573	0.098	0.0138	0.00782544	0.00670823	NA	59957.0	50552.0	50.43058181054401	1.107e-12	0.243395	ret_inl_elm_left__sys_ibd_delange2017	sys_ibd_delange2017_to_ret_inl_elm_left	sys_ibd_delange2017	ret_inl_elm_left	True	False
rs11669299	0.1107	0.0157	-0.000553257	0.00788428	NA	59957.0	50520.0	49.715972250395566	1.836e-12	0.944057	ret_inl_elm_left__sys_ibd_delange2017	sys_ibd_delange2017_to_ret_inl_elm_left	sys_ibd_delange2017	ret_inl_elm_left	True	False
rs62324212	-0.0886	0.0127	0.00615953	0.00632985	NA	59957.0	50807.0	48.66984933969868	2.674e-12	0.330507	ret_inl_elm_left__sys_ibd_delange2017	sys_ibd_delange2017_to_ret_inl_elm_left	sys_ibd_delange2017	ret_inl_elm_left	True	False
rs1558619	0.0843	0.0123	-0.00528842	0.00629692	NA	59957.0	50880.0	46.972635336109455	8.897e-12	0.400997	ret_inl_elm_left__sys_ibd_delange2017	sys_ibd_delange2017_to_ret_inl_elm_left	sys_ibd_delange2017	ret_inl_elm_left	True	False
rs194746	-0.0833	0.0124	0.000956143	0.00628208	NA	59957.0	50426.0	45.12805671175858	1.836e-11	0.879028	ret_inl_elm_left__sys_ibd_delange2017	sys_ibd_delange2017_to_ret_inl_elm_left	sys_ibd_delange2017	ret_inl_elm_left	True	False
rs3897234	0.0971	0.0145	0.00496611	0.00750647	NA	59957.0	50711.0	44.8438049940547	1.899e-11	0.508242	ret_inl_elm_left__sys_ibd_delange2017	sys_ibd_delange2017_to_ret_inl_elm_left	sys_ibd_delange2017	ret_inl_elm_left	True	False
rs34140409	0.1583	0.0237	-0.00731148	0.0113443	NA	59957.0	50949.0	44.61338104648472	2.284e-11	0.519245	ret_inl_elm_left__sys_ibd_delange2017	sys_ibd_delange2017_to_ret_inl_elm_left	sys_ibd_delange2017	ret_inl_elm_left	True	False
rs16940202	0.113	0.0169	0.00471256	0.00853899	NA	59957.0	50950.0	44.70781835369911	2.505e-11	0.581025	ret_inl_elm_left__sys_ibd_delange2017	sys_ibd_delange2017_to_ret_inl_elm_left	sys_ibd_delange2017	ret_inl_elm_left	True	False
rs1336900	0.0848	0.0128	0.00466142	0.0064443	NA	59957.0	50950.0	43.890625	2.984e-11	0.469471	ret_inl_elm_left__sys_ibd_delange2017	sys_ibd_delange2017_to_ret_inl_elm_left	sys_ibd_delange2017	ret_inl_elm_left	True	False
rs1456896	-0.0879	0.0133	0.00174021	0.0066516	NA	59957.0	50950.0	43.67917915088474	4.504e-11	0.793612	ret_inl_elm_left__sys_ibd_delange2017	sys_ibd_delange2017_to_ret_inl_elm_left	sys_ibd_delange2017	ret_inl_elm_left	True	False
rs76286777	0.0996	0.0151	0.00443197	0.0076648	NA	59957.0	50749.0	43.50756545765535	4.655e-11	0.563113	ret_inl_elm_left__sys_ibd_delange2017	sys_ibd_delange2017_to_ret_inl_elm_left	sys_ibd_delange2017	ret_inl_elm_left	True	False
rs11548656	-0.2374	0.0362	-0.0189573	0.0168474	NA	59957.0	50950.0	43.00750892829888	5.184e-11	0.260488	ret_inl_elm_left__sys_ibd_delange2017	sys_ibd_delange2017_to_ret_inl_elm_left	sys_ibd_delange2017	ret_inl_elm_left	True	False
rs7543680	0.1001	0.0153	-0.0138058	0.00771105	NA	59957.0	50639.0	42.804092443077444	5.508e-11	0.0733914	ret_inl_elm_left__sys_ibd_delange2017	sys_ibd_delange2017_to_ret_inl_elm_left	sys_ibd_delange2017	ret_inl_elm_left	True	False
rs2529269	0.1042	0.0163	-0.0058505	0.00717826	NA	59957.0	48099.0	40.86582106966766	1.697e-10	0.415055	ret_inl_elm_left__sys_ibd_delange2017	sys_ibd_delange2017_to_ret_inl_elm_left	sys_ibd_delange2017	ret_inl_elm_left	True	False
rs3820330	0.0892	0.014	0.00329131	0.00682884	NA	59957.0	50715.0	40.59510204081632	1.722e-10	0.629826	ret_inl_elm_left__sys_ibd_delange2017	sys_ibd_delange2017_to_ret_inl_elm_left	sys_ibd_delange2017	ret_inl_elm_left	True	False
rs56235845	0.0877	0.0138	0.0112612	0.00674788	NA	59957.0	49906.0	40.38694601974375	1.771e-10	0.0951476	ret_inl_elm_left__sys_ibd_delange2017	sys_ibd_delange2017_to_ret_inl_elm_left	sys_ibd_delange2017	ret_inl_elm_left	True	False
rs10041497	0.0819	0.0129	-0.00341127	0.00645086	NA	59957.0	50947.0	40.307733910221735	1.946e-10	0.596938	ret_inl_elm_left__sys_ibd_delange2017	sys_ibd_delange2017_to_ret_inl_elm_left	sys_ibd_delange2017	ret_inl_elm_left	True	False
rs62408218	0.0818	0.0129	0.0080457	0.00654104	NA	59957.0	50772.0	40.20936241812391	2.402e-10	0.218684	ret_inl_elm_left__sys_ibd_delange2017	sys_ibd_delange2017_to_ret_inl_elm_left	sys_ibd_delange2017	ret_inl_elm_left	True	False
rs243505	-0.0805	0.0128	-0.00201342	0.0064784	NA	59957.0	50748.0	39.55230712890625	3.038e-10	0.755961	ret_inl_elm_left__sys_ibd_delange2017	sys_ibd_delange2017_to_ret_inl_elm_left	sys_ibd_delange2017	ret_inl_elm_left	True	False
rs4276914	-0.0783	0.0125	0.00559568	0.00628132	NA	59957.0	50943.0	39.23769599999999	3.154e-10	0.373013	ret_inl_elm_left__sys_ibd_delange2017	sys_ibd_delange2017_to_ret_inl_elm_left	sys_ibd_delange2017	ret_inl_elm_left	True	False
rs11209013	0.0773	0.0124	-0.00303259	0.006293	NA	59957.0	50868.0	38.86114724245577	4.46e-10	0.629877	ret_inl_elm_left__sys_ibd_delange2017	sys_ibd_delange2017_to_ret_inl_elm_left	sys_ibd_delange2017	ret_inl_elm_left	True	False
rs62183956	0.078	0.0125	0.0060121	0.00626834	NA	59957.0	50778.0	38.93759999999999	4.489e-10	0.337497	ret_inl_elm_left__sys_ibd_delange2017	sys_ibd_delange2017_to_ret_inl_elm_left	sys_ibd_delange2017	ret_inl_elm_left	True	False
rs2301127	-0.0783	0.0126	0.00775165	0.00634947	NA	59957.0	50053.0	38.6173469387755	4.961e-10	0.222149	ret_inl_elm_left__sys_ibd_delange2017	sys_ibd_delange2017_to_ret_inl_elm_left	sys_ibd_delange2017	ret_inl_elm_left	True	False
rs56116661	0.1	0.0163	0.00917923	0.00790686	NA	59957.0	50124.0	37.63784862057286	9.271e-10	0.245674	ret_inl_elm_left__sys_ibd_delange2017	sys_ibd_delange2017_to_ret_inl_elm_left	sys_ibd_delange2017	ret_inl_elm_left	True	False
rs12136659	0.087	0.0142	0.00963821	0.00730211	NA	59957.0	49054.0	37.53719500099186	1.02e-09	0.186861	ret_inl_elm_left__sys_ibd_delange2017	sys_ibd_delange2017_to_ret_inl_elm_left	sys_ibd_delange2017	ret_inl_elm_left	True	False
rs140933577	-0.1857	0.0305	0.000394575	0.0165175	NA	59957.0	49129.0	37.070131685030915	1.13e-09	0.980942	ret_inl_elm_left__sys_ibd_delange2017	sys_ibd_delange2017_to_ret_inl_elm_left	sys_ibd_delange2017	ret_inl_elm_left	True	False
rs111456533	0.1031	0.017	0.00743895	0.0085217	NA	59957.0	50802.0	36.780657439446365	1.179e-09	0.382695	ret_inl_elm_left__sys_ibd_delange2017	sys_ibd_delange2017_to_ret_inl_elm_left	sys_ibd_delange2017	ret_inl_elm_left	True	False
rs7256518	0.1665	0.0276	-0.00246337	0.0137454	NA	59957.0	49954.0	36.392367674858235	1.632e-09	0.857769	ret_inl_elm_left__sys_ibd_delange2017	sys_ibd_delange2017_to_ret_inl_elm_left	sys_ibd_delange2017	ret_inl_elm_left	True	False
rs2593855	0.0832	0.014	0.0130229	0.00664795	NA	59957.0	50572.0	35.31755102040815	2.541e-09	0.0501207	ret_inl_elm_left__sys_ibd_delange2017	sys_ibd_delange2017_to_ret_inl_elm_left	sys_ibd_delange2017	ret_inl_elm_left	True	False
rs11195128	-0.0792	0.0133	-0.00322314	0.00664142	NA	59957.0	50293.0	35.46068177963708	2.744e-09	0.627457	ret_inl_elm_left__sys_ibd_delange2017	sys_ibd_delange2017_to_ret_inl_elm_left	sys_ibd_delange2017	ret_inl_elm_left	True	False
rs7532133	0.0789	0.0134	0.0029274	0.00674947	NA	59957.0	50923.0	34.66924704834039	3.832e-09	0.66449	ret_inl_elm_left__sys_ibd_delange2017	sys_ibd_delange2017_to_ret_inl_elm_left	sys_ibd_delange2017	ret_inl_elm_left	True	False
rs6933404	0.0863	0.0149	0.000464087	0.00768117	NA	59957.0	50081.0	33.546642043151216	6.641e-09	0.951822	ret_inl_elm_left__sys_ibd_delange2017	sys_ibd_delange2017_to_ret_inl_elm_left	sys_ibd_delange2017	ret_inl_elm_left	True	False
rs78771661	0.3848	0.0669	-0.0072428	0.0226805	NA	59957.0	50950.0	33.08399078561357	8.949e-09	0.749468	ret_inl_elm_left__sys_ibd_delange2017	sys_ibd_delange2017_to_ret_inl_elm_left	sys_ibd_delange2017	ret_inl_elm_left	True	False
rs212402	0.0743	0.013	0.00889294	0.0066297	NA	59957.0	49780.0	32.66562130177516	1.059e-08	0.179797	ret_inl_elm_left__sys_ibd_delange2017	sys_ibd_delange2017_to_ret_inl_elm_left	sys_ibd_delange2017	ret_inl_elm_left	True	False
rs4256018	0.0786	0.0138	-0.00535263	0.00705014	NA	59957.0	50826.0	32.440453686200385	1.23e-08	0.447719	ret_inl_elm_left__sys_ibd_delange2017	sys_ibd_delange2017_to_ret_inl_elm_left	sys_ibd_delange2017	ret_inl_elm_left	True	False
rs7918084	-0.071	0.0125	0.0114799	0.00634155	NA	59957.0	50406.0	32.262399999999985	1.383e-08	0.0702549	ret_inl_elm_left__sys_ibd_delange2017	sys_ibd_delange2017_to_ret_inl_elm_left	sys_ibd_delange2017	ret_inl_elm_left	True	False
rs938650	0.1074	0.0189	0.00618701	0.00939505	NA	59957.0	50808.0	32.29125724363819	1.413e-08	0.510192	ret_inl_elm_left__sys_ibd_delange2017	sys_ibd_delange2017_to_ret_inl_elm_left	sys_ibd_delange2017	ret_inl_elm_left	True	False
rs341295	-0.0702	0.0124	0.00306736	0.00640527	NA	59957.0	49136.0	32.050208116545264	1.451e-08	0.632023	ret_inl_elm_left__sys_ibd_delange2017	sys_ibd_delange2017_to_ret_inl_elm_left	sys_ibd_delange2017	ret_inl_elm_left	True	False
rs5763793	-0.0734	0.013	0.0190891	0.00656166	NA	59957.0	50790.0	31.879053254437874	1.467e-08	0.00362371	ret_inl_elm_left__sys_ibd_delange2017	sys_ibd_delange2017_to_ret_inl_elm_left	sys_ibd_delange2017	ret_inl_elm_left	True	False
rs62482552	0.0737	0.0131	-0.0115414	0.00662744	NA	59957.0	47337.0	31.651360643319155	1.971e-08	0.0816035	ret_inl_elm_left__sys_ibd_delange2017	sys_ibd_delange2017_to_ret_inl_elm_left	sys_ibd_delange2017	ret_inl_elm_left	True	False
rs7190426	-0.0872	0.0155	0.0116879	0.00784992	NA	59957.0	50821.0	31.649698231009367	2.057e-08	0.136507	ret_inl_elm_left__sys_ibd_delange2017	sys_ibd_delange2017_to_ret_inl_elm_left	sys_ibd_delange2017	ret_inl_elm_left	True	False
rs72852162	-0.1129	0.0202	0.00810811	0.0102778	NA	59957.0	49698.0	31.238138417802176	2.298e-08	0.430172	ret_inl_elm_left__sys_ibd_delange2017	sys_ibd_delange2017_to_ret_inl_elm_left	sys_ibd_delange2017	ret_inl_elm_left	True	False
rs11221335	0.0827	0.0148	-0.00905979	0.00767163	NA	59957.0	50802.0	31.22393170197224	2.44e-08	0.237624	ret_inl_elm_left__sys_ibd_delange2017	sys_ibd_delange2017_to_ret_inl_elm_left	sys_ibd_delange2017	ret_inl_elm_left	True	False
rs13422838	-0.1143	0.0205	-0.0105523	0.0100848	NA	59957.0	50728.0	31.0874241522903	2.557e-08	0.295396	ret_inl_elm_left__sys_ibd_delange2017	sys_ibd_delange2017_to_ret_inl_elm_left	sys_ibd_delange2017	ret_inl_elm_left	True	False
rs503734	-0.0692	0.0124	0.00962344	0.00631097	NA	59957.0	50474.0	31.143600416233095	2.674e-08	0.12729	ret_inl_elm_left__sys_ibd_delange2017	sys_ibd_delange2017_to_ret_inl_elm_left	sys_ibd_delange2017	ret_inl_elm_left	True	False
rs112936798	-0.1844	0.0332	0.00380242	0.0188232	NA	59957.0	50950.0	30.84932501088692	2.889e-08	0.839911	ret_inl_elm_left__sys_ibd_delange2017	sys_ibd_delange2017_to_ret_inl_elm_left	sys_ibd_delange2017	ret_inl_elm_left	True	False
rs149169037	0.1338	0.0242	-0.00918666	0.0111012	NA	59957.0	50264.0	30.56901850966464	3.261e-08	0.407931	ret_inl_elm_left__sys_ibd_delange2017	sys_ibd_delange2017_to_ret_inl_elm_left	sys_ibd_delange2017	ret_inl_elm_left	True	False
rs11768365	-0.0837	0.0152	0.00154154	0.0074912	NA	59957.0	50842.0	30.32241170360111	3.879e-08	0.836963	ret_inl_elm_left__sys_ibd_delange2017	sys_ibd_delange2017_to_ret_inl_elm_left	sys_ibd_delange2017	ret_inl_elm_left	True	False
rs11734570	-0.0694	0.0127	-0.00310229	0.00647513	NA	59957.0	50161.0	29.86149172298345	4.801e-08	0.631861	ret_inl_elm_left__sys_ibd_delange2017	sys_ibd_delange2017_to_ret_inl_elm_left	sys_ibd_delange2017	ret_inl_elm_left	True	False
rs887595	-0.111192	0.00819739	-0.00904	0.0110605	0.17827	49958.0	184305.0	183.99070715148443	6.52053e-42	0.4137432	ret_elm_isos_left__sys_cad_nikpay2015	ret_elm_isos_left_to_sys_cad_nikpay2015	ret_elm_isos_left	sys_cad_nikpay2015	False	True
rs8063535	0.0572259	0.00625499	0.007767	0.0093963	0.471174	50267.0	184305.0	83.70126541337501	5.75493e-20	0.408463	ret_elm_isos_left__sys_cad_nikpay2015	ret_elm_isos_left_to_sys_cad_nikpay2015	ret_elm_isos_left	sys_cad_nikpay2015	False	True
rs12747978	-0.0779268	0.00923087	0.009932	0.0139771	0.131202	50182.0	184305.0	71.26698988046113	3.12018e-17	0.477339	ret_elm_isos_left__sys_cad_nikpay2015	ret_elm_isos_left_to_sys_cad_nikpay2015	ret_elm_isos_left	sys_cad_nikpay2015	False	True
rs8023039	-0.0500841	0.00626574	-0.003415	0.0092562	0.489026	49707.0	184305.0	63.89325428808736	1.31341e-15	0.7121703	ret_elm_isos_left__sys_cad_nikpay2015	ret_elm_isos_left_to_sys_cad_nikpay2015	ret_elm_isos_left	sys_cad_nikpay2015	False	True
rs3828616	0.0523081	0.00663496	0.015432	0.0104728	0.329099	50345.0	184305.0	62.15288217209014	3.17791e-15	0.1406081	ret_elm_isos_left__sys_cad_nikpay2015	ret_elm_isos_left_to_sys_cad_nikpay2015	ret_elm_isos_left	sys_cad_nikpay2015	False	True
rs1555211	-0.0495682	0.00684562	-0.014597	0.0100068	0.292859	50135.0	184305.0	52.43010424071557	4.45816e-13	0.1446452	ret_elm_isos_left__sys_cad_nikpay2015	ret_elm_isos_left_to_sys_cad_nikpay2015	ret_elm_isos_left	sys_cad_nikpay2015	False	True
rs11008690	-0.0449387	0.00623315	0.009508	0.0092051	0.48924	50280.0	184305.0	51.97875262783604	5.61076e-13	0.3016491	ret_elm_isos_left__sys_cad_nikpay2015	ret_elm_isos_left_to_sys_cad_nikpay2015	ret_elm_isos_left	sys_cad_nikpay2015	False	True
rs7116940	0.0508116	0.00731599	-0.001576	0.0107379	0.239627	49721.0	184305.0	48.23691612541413	3.77721e-12	0.8833132	ret_elm_isos_left__sys_cad_nikpay2015	ret_elm_isos_left_to_sys_cad_nikpay2015	ret_elm_isos_left	sys_cad_nikpay2015	False	True
rs12544796	0.0503641	0.00744424	0.009911	0.0110735	0.248751	47423.0	184305.0	45.77216161791318	1.32835e-11	0.3707774	ret_elm_isos_left__sys_cad_nikpay2015	ret_elm_isos_left_to_sys_cad_nikpay2015	ret_elm_isos_left	sys_cad_nikpay2015	False	True
rs35440822	-0.0542627	0.00809352	-0.000637	0.0132124	0.184495	50061.0	184305.0	44.94981520546087	2.02157e-11	0.9615471	ret_elm_isos_left__sys_cad_nikpay2015	ret_elm_isos_left_to_sys_cad_nikpay2015	ret_elm_isos_left	sys_cad_nikpay2015	False	True
rs55978930	0.0454354	0.00685547	0.030968	0.0106781	0.308979	49191.0	184305.0	43.925250030687565	3.4115e-11	0.00373	ret_elm_isos_left__sys_cad_nikpay2015	ret_elm_isos_left_to_sys_cad_nikpay2015	ret_elm_isos_left	sys_cad_nikpay2015	False	True
rs113319029	0.0539525	0.00825766	-0.009374	0.012742	0.175171	49917.0	184305.0	42.68832872168324	6.41937e-11	0.4619286	ret_elm_isos_left__sys_cad_nikpay2015	ret_elm_isos_left_to_sys_cad_nikpay2015	ret_elm_isos_left	sys_cad_nikpay2015	False	True
rs12265809	0.0479814	0.00744464	0.009051	0.0106336	0.231313	49740.0	184305.0	41.53922871071263	1.1553e-10	0.3946739	ret_elm_isos_left__sys_cad_nikpay2015	ret_elm_isos_left_to_sys_cad_nikpay2015	ret_elm_isos_left	sys_cad_nikpay2015	False	True
rs11913168	-0.0640109	0.00998159	0.007552	0.0145474	0.109197	50345.0	184305.0	41.12523692547546	1.42778e-10	0.6036706	ret_elm_isos_left__sys_cad_nikpay2015	ret_elm_isos_left_to_sys_cad_nikpay2015	ret_elm_isos_left	sys_cad_nikpay2015	False	True
rs2012649	-0.0455452	0.00713612	0.00275	0.0114657	0.259132	50345.0	184305.0	40.73436382915238	1.74395e-10	0.8104492	ret_elm_isos_left__sys_cad_nikpay2015	ret_elm_isos_left_to_sys_cad_nikpay2015	ret_elm_isos_left	sys_cad_nikpay2015	False	True
rs12497826	0.0414862	0.00681449	-0.013536	0.0098547	0.327094	48159.0	184305.0	37.06300227525875	1.14378e-09	0.1695796	ret_elm_isos_left__sys_cad_nikpay2015	ret_elm_isos_left_to_sys_cad_nikpay2015	ret_elm_isos_left	sys_cad_nikpay2015	False	True
rs375259	-0.0398587	0.00677073	0.001618	0.0106032	0.314297	49466.0	184305.0	34.655747353625	3.93484e-09	0.8787169	ret_elm_isos_left__sys_cad_nikpay2015	ret_elm_isos_left_to_sys_cad_nikpay2015	ret_elm_isos_left	sys_cad_nikpay2015	False	True
rs80247972	-0.0448981	0.00792832	-0.036363	0.0126486	0.192181	50273.0	184305.0	32.069603056636424	1.48746e-08	0.0040421	ret_elm_isos_left__sys_cad_nikpay2015	ret_elm_isos_left_to_sys_cad_nikpay2015	ret_elm_isos_left	sys_cad_nikpay2015	False	True
rs78658393	0.0530173	0.0094797	-0.012329	0.0167167	0.124828	50205.0	184305.0	31.27850781377828	2.23547e-08	0.4608035	ret_elm_isos_left__sys_cad_nikpay2015	ret_elm_isos_left_to_sys_cad_nikpay2015	ret_elm_isos_left	sys_cad_nikpay2015	False	True
rs4647260	-0.0341133	0.00623763	0.011167	0.0098102	0.487877	50154.0	184305.0	29.909437620033845	4.52721e-08	0.254992	ret_elm_isos_left__sys_cad_nikpay2015	ret_elm_isos_left_to_sys_cad_nikpay2015	ret_elm_isos_left	sys_cad_nikpay2015	False	True
rs2891168	-0.193401	0.0091877	-0.0045922	0.006244	0.511332	184305.0	50321.0	443.1021105119655	2.29e-98	0.462061	ret_elm_isos_left__sys_cad_nikpay2015	sys_cad_nikpay2015_to_ret_elm_isos_left	sys_cad_nikpay2015	ret_elm_isos_left	True	False
rs9349379	-0.131836	0.0096527	0.0200139	0.00636831	0.568394	184305.0	50345.0	186.5393322937254	1.81e-42	0.00167383	ret_elm_isos_left__sys_cad_nikpay2015	sys_cad_nikpay2015_to_ret_elm_isos_left	sys_cad_nikpay2015	ret_elm_isos_left	True	False
rs55730499	-0.316641	0.0242403	-0.000181592	0.0114889	0.943757	184305.0	50278.0	170.631149325991	5.39e-39	0.987389	ret_elm_isos_left__sys_cad_nikpay2015	sys_cad_nikpay2015_to_ret_elm_isos_left	sys_cad_nikpay2015	ret_elm_isos_left	True	False
rs7528419	0.11453	0.011482	-0.0156279	0.0075124	0.78582	184305.0	50345.0	99.49549943458682	1.97e-23	0.0374992	ret_elm_isos_left__sys_cad_nikpay2015	sys_cad_nikpay2015_to_ret_elm_isos_left	sys_cad_nikpay2015	ret_elm_isos_left	True	False
rs115654617	-0.137846	0.0158314	-0.00761893	0.00932847	0.893038	184305.0	50345.0	75.8140491677371	3.12e-18	0.414078	ret_elm_isos_left__sys_cad_nikpay2015	sys_cad_nikpay2015_to_ret_elm_isos_left	sys_cad_nikpay2015	ret_elm_isos_left	True	False
rs4468572	0.077234	0.0095277	-0.0063616	0.00635741	0.585831	184305.0	49605.0	65.71142838249757	4.44e-16	0.316991	ret_elm_isos_left__sys_cad_nikpay2015	sys_cad_nikpay2015_to_ret_elm_isos_left	sys_cad_nikpay2015	ret_elm_isos_left	True	False
rs10080815	-0.246627	0.0308579	0.055714	0.0223885	0.972442	184305.0	50345.0	63.87758752148254	1.33e-15	0.012828	ret_elm_isos_left__sys_cad_nikpay2015	sys_cad_nikpay2015_to_ret_elm_isos_left	sys_cad_nikpay2015	ret_elm_isos_left	True	False
rs28451064	-0.127571	0.015952	0.00924523	0.00966403	0.878814	184305.0	48411.0	63.954872551612944	1.33e-15	0.338737	ret_elm_isos_left__sys_cad_nikpay2015	sys_cad_nikpay2015_to_ret_elm_isos_left	sys_cad_nikpay2015	ret_elm_isos_left	True	False
rs56289821	0.13361	0.0170415	-0.00736931	0.0095126	0.899622	184305.0	50343.0	61.46986936967773	4.44e-15	0.438523	ret_elm_isos_left__sys_cad_nikpay2015	sys_cad_nikpay2015_to_ret_elm_isos_left	sys_cad_nikpay2015	ret_elm_isos_left	True	False
rs1870634	0.075878	0.0097113	-0.00117656	0.00661673	0.637485	184305.0	50291.0	61.048782809156116	5.55e-15	0.858868	ret_elm_isos_left__sys_cad_nikpay2015	sys_cad_nikpay2015_to_ret_elm_isos_left	sys_cad_nikpay2015	ret_elm_isos_left	True	False
rs9970807	0.12575	0.016695	0.00200508	0.0108664	0.915097	184305.0	50290.0	56.73396555594931	5e-14	0.853605	ret_elm_isos_left__sys_cad_nikpay2015	sys_cad_nikpay2015_to_ret_elm_isos_left	sys_cad_nikpay2015	ret_elm_isos_left	True	False
rs1412444	-0.066812	0.0096809	-0.00174424	0.00660027	0.630869	184305.0	50345.0	47.6296594989335	5.15e-12	0.791573	ret_elm_isos_left__sys_cad_nikpay2015	sys_cad_nikpay2015_to_ret_elm_isos_left	sys_cad_nikpay2015	ret_elm_isos_left	True	False
rs2519093	-0.079704	0.0117524	0.00775694	0.00797098	0.809128	184305.0	50308.0	45.99462746279435	1.19e-11	0.33048	ret_elm_isos_left__sys_cad_nikpay2015	sys_cad_nikpay2015_to_ret_elm_isos_left	sys_cad_nikpay2015	ret_elm_isos_left	True	False
rs12202017	0.066813	0.0099612	0.0154582	0.00688618	0.699953	184305.0	50041.0	44.988200858289325	1.98e-11	0.0247797	ret_elm_isos_left__sys_cad_nikpay2015	sys_cad_nikpay2015_to_ret_elm_isos_left	sys_cad_nikpay2015	ret_elm_isos_left	True	False
rs2487928	-0.062633	0.0095049	0.00117247	0.00636611	0.581779	184305.0	49272.0	43.42215007492742	4.41e-11	0.853877	ret_elm_isos_left__sys_cad_nikpay2015	sys_cad_nikpay2015_to_ret_elm_isos_left	sys_cad_nikpay2015	ret_elm_isos_left	True	False
rs2681472	-0.074114	0.0113331	0.0100131	0.00833223	0.798694	184305.0	50345.0	42.76643652718264	6.17e-11	0.229467	ret_elm_isos_left__sys_cad_nikpay2015	sys_cad_nikpay2015_to_ret_elm_isos_left	sys_cad_nikpay2015	ret_elm_isos_left	True	False
rs2128739	-0.065565	0.0100568	-0.00148156	0.00696827	0.676464	184305.0	50113.0	42.50348143656117	7.05e-11	0.831627	ret_elm_isos_left__sys_cad_nikpay2015	sys_cad_nikpay2015_to_ret_elm_isos_left	sys_cad_nikpay2015	ret_elm_isos_left	True	False
rs4420638	-0.091906	0.0140977	-0.00334484	0.00798424	0.833964	184305.0	50345.0	42.50022220001871	7.07e-11	0.675267	ret_elm_isos_left__sys_cad_nikpay2015	sys_cad_nikpay2015_to_ret_elm_isos_left	sys_cad_nikpay2015	ret_elm_isos_left	True	False
rs2107595	-0.073415	0.0112951	-0.00864699	0.00872054	0.79953	184305.0	49997.0	42.24637461186516	8.05e-11	0.321409	ret_elm_isos_left__sys_cad_nikpay2015	sys_cad_nikpay2015_to_ret_elm_isos_left	sys_cad_nikpay2015	ret_elm_isos_left	True	False
rs11838776	-0.068566	0.0107552	-0.00670337	0.00710106	0.736723	184305.0	48588.0	40.642521779048685	1.83e-10	0.345172	ret_elm_isos_left__sys_cad_nikpay2015	sys_cad_nikpay2015_to_ret_elm_isos_left	sys_cad_nikpay2015	ret_elm_isos_left	True	False
rs3918226	-0.133315	0.0221275	-0.00740214	0.0117256	0.935485	184305.0	49512.0	36.29888919993962	1.69e-09	0.527857	ret_elm_isos_left__sys_cad_nikpay2015	sys_cad_nikpay2015_to_ret_elm_isos_left	sys_cad_nikpay2015	ret_elm_isos_left	True	False
rs6689306	-0.056012	0.0094061	0.0105851	0.00658873	0.552455	184305.0	46837.0	35.460346672296524	2.6e-09	0.108153	ret_elm_isos_left__sys_cad_nikpay2015	sys_cad_nikpay2015_to_ret_elm_isos_left	sys_cad_nikpay2015	ret_elm_isos_left	True	False
rs1199338	-0.073596	0.0124987	-0.0127462	0.0084993	0.838134	184305.0	50103.0	34.67198718072137	3.9e-09	0.133697	ret_elm_isos_left__sys_cad_nikpay2015	sys_cad_nikpay2015_to_ret_elm_isos_left	sys_cad_nikpay2015	ret_elm_isos_left	True	False
rs56062135	0.069743	0.0118937	0.00505165	0.00733284	0.794271	184305.0	50232.0	34.38486230152041	4.52e-09	0.490881	ret_elm_isos_left__sys_cad_nikpay2015	sys_cad_nikpay2015_to_ret_elm_isos_left	sys_cad_nikpay2015	ret_elm_isos_left	True	False
rs11191416	0.079249	0.0135252	-0.0451637	0.0111279	0.87253	184305.0	50333.0	34.33208585752941	4.65e-09	4.93685e-05	ret_elm_isos_left__sys_cad_nikpay2015	sys_cad_nikpay2015_to_ret_elm_isos_left	sys_cad_nikpay2015	ret_elm_isos_left	True	False
rs10840293	0.054714	0.009619	0.00480563	0.00634642	0.549821	184305.0	49262.0	32.35467805346482	1.28e-08	0.448919	ret_elm_isos_left__sys_cad_nikpay2015	sys_cad_nikpay2015_to_ret_elm_isos_left	sys_cad_nikpay2015	ret_elm_isos_left	True	False
rs16986953	-0.08516	0.0150265	0.00505293	0.0125659	0.895294	184305.0	49905.0	32.11852806644818	1.45e-08	0.6876	ret_elm_isos_left__sys_cad_nikpay2015	sys_cad_nikpay2015_to_ret_elm_isos_left	sys_cad_nikpay2015	ret_elm_isos_left	True	False
rs56336142	0.066813	0.0118763	0.00500151	0.00771595	0.807262	184305.0	49481.0	31.648973320949015	1.85e-08	0.516853	ret_elm_isos_left__sys_cad_nikpay2015	sys_cad_nikpay2015_to_ret_elm_isos_left	sys_cad_nikpay2015	ret_elm_isos_left	True	False
rs663129	-0.058163	0.0105173	0.00283245	0.00734929	0.743165	184305.0	50339.0	30.583351330344364	3.2e-08	0.699937	ret_elm_isos_left__sys_cad_nikpay2015	sys_cad_nikpay2015_to_ret_elm_isos_left	sys_cad_nikpay2015	ret_elm_isos_left	True	False
rs17087335	-0.060764	0.0111159	-0.00118624	0.00800978	0.785363	184305.0	50080.0	29.88157247129896	4.59e-08	0.882265	ret_elm_isos_left__sys_cad_nikpay2015	sys_cad_nikpay2015_to_ret_elm_isos_left	sys_cad_nikpay2015	ret_elm_isos_left	True	False
rs887595	-0.111192	0.00819739	0.0067	0.0129	0.17827	49958.0	440328.0	183.99070715148443	6.52053e-42	0.6015	ret_elm_isos_left__sys_stroke_megastroke2018	ret_elm_isos_left_to_sys_stroke_megastroke2018	ret_elm_isos_left	sys_stroke_megastroke2018	False	True
rs8063535	0.0572259	0.00625499	0.0107	0.0099	0.471174	50267.0	440328.0	83.70126541337501	5.75493e-20	0.2789	ret_elm_isos_left__sys_stroke_megastroke2018	ret_elm_isos_left_to_sys_stroke_megastroke2018	ret_elm_isos_left	sys_stroke_megastroke2018	False	True
rs12747978	-0.0779268	0.00923087	-0.0003	0.0147	0.131202	50182.0	440328.0	71.26698988046113	3.12018e-17	0.9813	ret_elm_isos_left__sys_stroke_megastroke2018	ret_elm_isos_left_to_sys_stroke_megastroke2018	ret_elm_isos_left	sys_stroke_megastroke2018	False	True
rs8023039	-0.0500841	0.00626574	0.0054	0.01	0.489026	49707.0	440328.0	63.89325428808736	1.31341e-15	0.5934	ret_elm_isos_left__sys_stroke_megastroke2018	ret_elm_isos_left_to_sys_stroke_megastroke2018	ret_elm_isos_left	sys_stroke_megastroke2018	False	True
rs3828616	0.0523081	0.00663496	0.0173	0.0107	0.329099	50345.0	440328.0	62.15288217209014	3.17791e-15	0.1052	ret_elm_isos_left__sys_stroke_megastroke2018	ret_elm_isos_left_to_sys_stroke_megastroke2018	ret_elm_isos_left	sys_stroke_megastroke2018	False	True
rs1555211	-0.0495682	0.00684562	-0.0109	0.0108	0.292859	50135.0	440328.0	52.43010424071557	4.45816e-13	0.3149	ret_elm_isos_left__sys_stroke_megastroke2018	ret_elm_isos_left_to_sys_stroke_megastroke2018	ret_elm_isos_left	sys_stroke_megastroke2018	False	True
rs11008690	-0.0449387	0.00623315	0.0023	0.01	0.48924	50280.0	440328.0	51.97875262783604	5.61076e-13	0.8158	ret_elm_isos_left__sys_stroke_megastroke2018	ret_elm_isos_left_to_sys_stroke_megastroke2018	ret_elm_isos_left	sys_stroke_megastroke2018	False	True
rs7116940	0.0508116	0.00731599	0.0009	0.0111	0.239627	49721.0	440328.0	48.23691612541413	3.77721e-12	0.9367	ret_elm_isos_left__sys_stroke_megastroke2018	ret_elm_isos_left_to_sys_stroke_megastroke2018	ret_elm_isos_left	sys_stroke_megastroke2018	False	True
rs12544796	0.0503641	0.00744424	0.004	0.0119	0.248751	47423.0	440328.0	45.77216161791318	1.32835e-11	0.7355	ret_elm_isos_left__sys_stroke_megastroke2018	ret_elm_isos_left_to_sys_stroke_megastroke2018	ret_elm_isos_left	sys_stroke_megastroke2018	False	True
rs35440822	-0.0542627	0.00809352	0.0106	0.0135	0.184495	50061.0	440328.0	44.94981520546087	2.02157e-11	0.4323	ret_elm_isos_left__sys_stroke_megastroke2018	ret_elm_isos_left_to_sys_stroke_megastroke2018	ret_elm_isos_left	sys_stroke_megastroke2018	False	True
rs55978930	0.0454354	0.00685547	0.0125	0.0107	0.308979	49191.0	440328.0	43.925250030687565	3.4115e-11	0.2404	ret_elm_isos_left__sys_stroke_megastroke2018	ret_elm_isos_left_to_sys_stroke_megastroke2018	ret_elm_isos_left	sys_stroke_megastroke2018	False	True
rs113319029	0.0539525	0.00825766	0.0063	0.0144	0.175171	49917.0	440328.0	42.68832872168324	6.41937e-11	0.6617	ret_elm_isos_left__sys_stroke_megastroke2018	ret_elm_isos_left_to_sys_stroke_megastroke2018	ret_elm_isos_left	sys_stroke_megastroke2018	False	True
rs12265809	0.0479814	0.00744464	0.0195	0.0113	0.231313	49740.0	440328.0	41.53922871071263	1.1553e-10	0.08501	ret_elm_isos_left__sys_stroke_megastroke2018	ret_elm_isos_left_to_sys_stroke_megastroke2018	ret_elm_isos_left	sys_stroke_megastroke2018	False	True
rs11913168	-0.0640109	0.00998159	0.0023	0.0158	0.109197	50345.0	440328.0	41.12523692547546	1.42778e-10	0.8854	ret_elm_isos_left__sys_stroke_megastroke2018	ret_elm_isos_left_to_sys_stroke_megastroke2018	ret_elm_isos_left	sys_stroke_megastroke2018	False	True
rs2012649	-0.0455452	0.00713612	-0.0072	0.0116	0.259132	50345.0	440328.0	40.73436382915238	1.74395e-10	0.5332	ret_elm_isos_left__sys_stroke_megastroke2018	ret_elm_isos_left_to_sys_stroke_megastroke2018	ret_elm_isos_left	sys_stroke_megastroke2018	False	True
rs12497826	0.0414862	0.00681449	-0.0018	0.0127	0.327094	48159.0	440328.0	37.06300227525875	1.14378e-09	0.8874	ret_elm_isos_left__sys_stroke_megastroke2018	ret_elm_isos_left_to_sys_stroke_megastroke2018	ret_elm_isos_left	sys_stroke_megastroke2018	False	True
rs375259	-0.0398587	0.00677073	0.0057	0.011	0.314297	49466.0	440328.0	34.655747353625	3.93484e-09	0.6035	ret_elm_isos_left__sys_stroke_megastroke2018	ret_elm_isos_left_to_sys_stroke_megastroke2018	ret_elm_isos_left	sys_stroke_megastroke2018	False	True
rs80247972	-0.0448981	0.00792832	0.0171	0.0128	0.192181	50273.0	440328.0	32.069603056636424	1.48746e-08	0.1812	ret_elm_isos_left__sys_stroke_megastroke2018	ret_elm_isos_left_to_sys_stroke_megastroke2018	ret_elm_isos_left	sys_stroke_megastroke2018	False	True
rs78658393	0.0530173	0.0094797	-0.0263	0.0161	0.124828	50205.0	440328.0	31.27850781377828	2.23547e-08	0.1011	ret_elm_isos_left__sys_stroke_megastroke2018	ret_elm_isos_left_to_sys_stroke_megastroke2018	ret_elm_isos_left	sys_stroke_megastroke2018	False	True
rs4647260	-0.0341133	0.00623763	0.023	0.0099	0.487877	50154.0	440328.0	29.909437620033845	4.52721e-08	0.0203	ret_elm_isos_left__sys_stroke_megastroke2018	ret_elm_isos_left_to_sys_stroke_megastroke2018	ret_elm_isos_left	sys_stroke_megastroke2018	False	True
rs2107595	0.0882	0.0132	0.00864699	0.00872054	0.1673	440328.0	49997.0	44.64669421487603	2.328e-11	0.321409	ret_elm_isos_left__sys_stroke_megastroke2018	sys_stroke_megastroke2018_to_ret_elm_isos_left	sys_stroke_megastroke2018	ret_elm_isos_left	True	False
rs11242678	0.0723	0.0114	-0.000888025	0.00717474	0.255	440328.0	50316.0	40.22229916897507	2.703e-10	0.901497	ret_elm_isos_left__sys_stroke_megastroke2018	sys_stroke_megastroke2018_to_ret_elm_isos_left	sys_stroke_megastroke2018	ret_elm_isos_left	True	False
rs2758612	0.0653	0.0111	-0.00217386	0.00666854	0.6453	440328.0	48186.0	34.60831101371642	3.677e-09	0.744433	ret_elm_isos_left__sys_stroke_megastroke2018	sys_stroke_megastroke2018_to_ret_elm_isos_left	sys_stroke_megastroke2018	ret_elm_isos_left	True	False
rs635634	0.0772	0.0134	-0.00682485	0.00799919	0.1921	440328.0	50345.0	33.19135664958788	9.179e-09	0.393552	ret_elm_isos_left__sys_stroke_megastroke2018	sys_stroke_megastroke2018_to_ret_elm_isos_left	sys_stroke_megastroke2018	ret_elm_isos_left	True	False
rs473238	0.0831	0.0147	-0.0134895	0.00945799	0.1326	440328.0	50191.0	31.957101207830068	1.651e-08	0.153796	ret_elm_isos_left__sys_stroke_megastroke2018	sys_stroke_megastroke2018_to_ret_elm_isos_left	sys_stroke_megastroke2018	ret_elm_isos_left	True	False
rs4942561	0.0655	0.0116	0.0172009	0.00725388	0.759	440328.0	50201.0	31.883546373365046	1.771e-08	0.0177272	ret_elm_isos_left__sys_stroke_megastroke2018	sys_stroke_megastroke2018_to_ret_elm_isos_left	sys_stroke_megastroke2018	ret_elm_isos_left	True	False
rs2066864	0.0634	0.0115	-0.00112396	0.00728993	0.2452	440328.0	50335.0	30.39364839319471	3.514e-08	0.877468	ret_elm_isos_left__sys_stroke_megastroke2018	sys_stroke_megastroke2018_to_ret_elm_isos_left	sys_stroke_megastroke2018	ret_elm_isos_left	True	False
rs887595	-0.111192	0.00819739	0.023	0.016	0.17827	49958.0	152598.0	183.99070715148443	6.52053e-42	0.16	ret_elm_isos_left__sys_t2d_scott2017	ret_elm_isos_left_to_sys_t2d_scott2017	ret_elm_isos_left	sys_t2d_scott2017	False	True
rs8063535	0.0572259	0.00625499	0.0009	0.012	0.471174	50267.0	158182.0	83.70126541337501	5.75493e-20	0.94	ret_elm_isos_left__sys_t2d_scott2017	ret_elm_isos_left_to_sys_t2d_scott2017	ret_elm_isos_left	sys_t2d_scott2017	False	True
rs12747978	-0.0779268	0.00923087	-0.0006	0.018	0.131202	50182.0	158184.0	71.26698988046113	3.12018e-17	0.97	ret_elm_isos_left__sys_t2d_scott2017	ret_elm_isos_left_to_sys_t2d_scott2017	ret_elm_isos_left	sys_t2d_scott2017	False	True
rs8023039	-0.0500841	0.00626574	0.0095	0.012	0.489026	49707.0	158185.0	63.89325428808736	1.31341e-15	0.44	ret_elm_isos_left__sys_t2d_scott2017	ret_elm_isos_left_to_sys_t2d_scott2017	ret_elm_isos_left	sys_t2d_scott2017	False	True
rs3828616	0.0523081	0.00663496	0.013	0.013	0.329099	50345.0	158186.0	62.15288217209014	3.17791e-15	0.31	ret_elm_isos_left__sys_t2d_scott2017	ret_elm_isos_left_to_sys_t2d_scott2017	ret_elm_isos_left	sys_t2d_scott2017	False	True
rs1555211	-0.0495682	0.00684562	-0.027	0.013	0.292859	50135.0	158185.0	52.43010424071557	4.45816e-13	0.04	ret_elm_isos_left__sys_t2d_scott2017	ret_elm_isos_left_to_sys_t2d_scott2017	ret_elm_isos_left	sys_t2d_scott2017	False	True
rs11008690	-0.0449387	0.00623315	0.013	0.012	0.48924	50280.0	158186.0	51.97875262783604	5.61076e-13	0.29	ret_elm_isos_left__sys_t2d_scott2017	ret_elm_isos_left_to_sys_t2d_scott2017	ret_elm_isos_left	sys_t2d_scott2017	False	True
rs7116940	0.0508116	0.00731599	-0.019	0.014	0.239627	49721.0	158185.0	48.23691612541413	3.77721e-12	0.17	ret_elm_isos_left__sys_t2d_scott2017	ret_elm_isos_left_to_sys_t2d_scott2017	ret_elm_isos_left	sys_t2d_scott2017	False	True
rs12544796	0.0503641	0.00744424	0.022	0.015	0.248751	47423.0	152598.0	45.77216161791318	1.32835e-11	0.16	ret_elm_isos_left__sys_t2d_scott2017	ret_elm_isos_left_to_sys_t2d_scott2017	ret_elm_isos_left	sys_t2d_scott2017	False	True
rs35440822	-0.0542627	0.00809352	0.013	0.015	0.184495	50061.0	158185.0	44.94981520546087	2.02157e-11	0.41	ret_elm_isos_left__sys_t2d_scott2017	ret_elm_isos_left_to_sys_t2d_scott2017	ret_elm_isos_left	sys_t2d_scott2017	False	True
rs55978930	0.0454354	0.00685547	-0.0026	0.013	0.308979	49191.0	158182.0	43.925250030687565	3.4115e-11	0.84	ret_elm_isos_left__sys_t2d_scott2017	ret_elm_isos_left_to_sys_t2d_scott2017	ret_elm_isos_left	sys_t2d_scott2017	False	True
rs113319029	0.0539525	0.00825766	-0.015	0.017	0.175171	49917.0	158184.0	42.68832872168324	6.41937e-11	0.37	ret_elm_isos_left__sys_t2d_scott2017	ret_elm_isos_left_to_sys_t2d_scott2017	ret_elm_isos_left	sys_t2d_scott2017	False	True
rs12265809	0.0479814	0.00744464	0.027	0.014	0.231313	49740.0	158186.0	41.53922871071263	1.1553e-10	0.062	ret_elm_isos_left__sys_t2d_scott2017	ret_elm_isos_left_to_sys_t2d_scott2017	ret_elm_isos_left	sys_t2d_scott2017	False	True
rs11913168	-0.0640109	0.00998159	-0.012	0.019	0.109197	50345.0	158183.0	41.12523692547546	1.42778e-10	0.52	ret_elm_isos_left__sys_t2d_scott2017	ret_elm_isos_left_to_sys_t2d_scott2017	ret_elm_isos_left	sys_t2d_scott2017	False	True
rs2012649	-0.0455452	0.00713612	-0.022	0.014	0.259132	50345.0	158182.0	40.73436382915238	1.74395e-10	0.12	ret_elm_isos_left__sys_t2d_scott2017	ret_elm_isos_left_to_sys_t2d_scott2017	ret_elm_isos_left	sys_t2d_scott2017	False	True
rs375259	-0.0398587	0.00677073	0.03	0.013	0.314297	49466.0	158185.0	34.655747353625	3.93484e-09	0.027	ret_elm_isos_left__sys_t2d_scott2017	ret_elm_isos_left_to_sys_t2d_scott2017	ret_elm_isos_left	sys_t2d_scott2017	False	True
rs80247972	-0.0448981	0.00792832	-0.0072	0.016	0.192181	50273.0	158183.0	32.069603056636424	1.48746e-08	0.64	ret_elm_isos_left__sys_t2d_scott2017	ret_elm_isos_left_to_sys_t2d_scott2017	ret_elm_isos_left	sys_t2d_scott2017	False	True
rs78658393	0.0530173	0.0094797	0.0017	0.021	0.124828	50205.0	149852.0	31.27850781377828	2.23547e-08	0.94	ret_elm_isos_left__sys_t2d_scott2017	ret_elm_isos_left_to_sys_t2d_scott2017	ret_elm_isos_left	sys_t2d_scott2017	False	True
rs4647260	-0.0341133	0.00623763	-0.0051	0.012	0.487877	50154.0	158185.0	29.909437620033845	4.52721e-08	0.68	ret_elm_isos_left__sys_t2d_scott2017	ret_elm_isos_left_to_sys_t2d_scott2017	ret_elm_isos_left	sys_t2d_scott2017	False	True
rs7903146	0.29	0.013	0.00559393	0.00685097	NA	158186.0	50345.0	497.6331360946745	9.3e-108	0.414205	ret_elm_isos_left__sys_t2d_scott2017	sys_t2d_scott2017_to_ret_elm_isos_left	sys_t2d_scott2017	ret_elm_isos_left	True	False
rs7451008	-0.17	0.013	0.00121579	0.00709693	NA	158185.0	50052.0	171.00591715976336	3.8e-37	0.863978	ret_elm_isos_left__sys_t2d_scott2017	sys_t2d_scott2017_to_ret_elm_isos_left	sys_t2d_scott2017	ret_elm_isos_left	True	False
rs4402960	0.14	0.013	0.0107469	0.00675548	NA	152598.0	50345.0	115.97633136094676	2.7e-25	0.111645	ret_elm_isos_left__sys_t2d_scott2017	sys_t2d_scott2017_to_ret_elm_isos_left	sys_t2d_scott2017	ret_elm_isos_left	True	False
rs3802177	-0.11	0.013	0.00129308	0.00677689	NA	158185.0	50345.0	71.59763313609467	1.7e-17	0.848676	ret_elm_isos_left__sys_t2d_scott2017	sys_t2d_scott2017_to_ret_elm_isos_left	sys_t2d_scott2017	ret_elm_isos_left	True	False
rs10965250	-0.14	0.016	0.00635019	0.00824474	NA	158183.0	50345.0	76.5625	2.7e-17	0.441175	ret_elm_isos_left__sys_t2d_scott2017	sys_t2d_scott2017_to_ret_elm_isos_left	sys_t2d_scott2017	ret_elm_isos_left	True	False
rs3821943	0.1	0.012	0.00481766	0.00629864	NA	158185.0	49511.0	69.44444444444446	4.2e-16	0.444347	ret_elm_isos_left__sys_t2d_scott2017	sys_t2d_scott2017_to_ret_elm_isos_left	sys_t2d_scott2017	ret_elm_isos_left	True	False
rs2237895	-0.097	0.013	0.00096578	0.0063151	NA	158185.0	50345.0	55.67455621301775	1.7e-13	0.878452	ret_elm_isos_left__sys_t2d_scott2017	sys_t2d_scott2017_to_ret_elm_isos_left	sys_t2d_scott2017	ret_elm_isos_left	True	False
rs11708067	0.11	0.015	-0.00137628	0.00728864	NA	152598.0	50345.0	53.777777777777786	8.8e-13	0.85023	ret_elm_isos_left__sys_t2d_scott2017	sys_t2d_scott2017_to_ret_elm_isos_left	sys_t2d_scott2017	ret_elm_isos_left	True	False
rs810517	-0.089	0.013	-0.00252836	0.00624535	NA	152599.0	50333.0	46.869822485207095	1.3e-12	0.685596	ret_elm_isos_left__sys_t2d_scott2017	sys_t2d_scott2017_to_ret_elm_isos_left	sys_t2d_scott2017	ret_elm_isos_left	True	False
rs11616380	-0.09	0.014	-0.00883891	0.00699044	NA	158184.0	49575.0	41.32653061224489	3.9e-11	0.206077	ret_elm_isos_left__sys_t2d_scott2017	sys_t2d_scott2017_to_ret_elm_isos_left	sys_t2d_scott2017	ret_elm_isos_left	True	False
rs429358	0.12	0.019	0.000503595	0.00862926	NA	152543.0	50345.0	39.88919667590028	1.4e-10	0.953463	ret_elm_isos_left__sys_t2d_scott2017	sys_t2d_scott2017_to_ret_elm_isos_left	sys_t2d_scott2017	ret_elm_isos_left	True	False
rs6757251	-0.13	0.021	-0.0105701	0.0099998	NA	158186.0	50332.0	38.32199546485261	1.9e-10	0.290498	ret_elm_isos_left__sys_t2d_scott2017	sys_t2d_scott2017_to_ret_elm_isos_left	sys_t2d_scott2017	ret_elm_isos_left	True	False
rs10965223	0.077	0.012	0.00131544	0.00637071	NA	158183.0	50303.0	41.1736111111111	4e-10	0.836414	ret_elm_isos_left__sys_t2d_scott2017	sys_t2d_scott2017_to_ret_elm_isos_left	sys_t2d_scott2017	ret_elm_isos_left	True	False
rs11759026	-0.091	0.015	0.00383999	0.0074547	NA	158185.0	49921.0	36.80444444444444	5.8e-10	0.606476	ret_elm_isos_left__sys_t2d_scott2017	sys_t2d_scott2017_to_ret_elm_isos_left	sys_t2d_scott2017	ret_elm_isos_left	True	False
rs28650790	0.1	0.016	-0.00365514	0.00792491	NA	158186.0	50284.0	39.0625	7.4e-10	0.644639	ret_elm_isos_left__sys_t2d_scott2017	sys_t2d_scott2017_to_ret_elm_isos_left	sys_t2d_scott2017	ret_elm_isos_left	True	False
rs231360	0.079	0.013	-0.00654949	0.00646787	NA	158185.0	49682.0	36.92899408284024	9.5e-10	0.311242	ret_elm_isos_left__sys_t2d_scott2017	sys_t2d_scott2017_to_ret_elm_isos_left	sys_t2d_scott2017	ret_elm_isos_left	True	False
rs4238013	-0.099	0.017	0.00342476	0.00781188	NA	158183.0	49784.0	33.91349480968858	3.6e-09	0.661094	ret_elm_isos_left__sys_t2d_scott2017	sys_t2d_scott2017_to_ret_elm_isos_left	sys_t2d_scott2017	ret_elm_isos_left	True	False
rs76550717	0.096	0.016	0.00763908	0.0086099	NA	158185.0	49585.0	36.0	3.8e-09	0.374948	ret_elm_isos_left__sys_t2d_scott2017	sys_t2d_scott2017_to_ret_elm_isos_left	sys_t2d_scott2017	ret_elm_isos_left	True	False
rs2023681	-0.12	0.021	-0.00219176	0.0109517	NA	158183.0	50333.0	32.65306122448979	3.9e-09	0.841379	ret_elm_isos_left__sys_t2d_scott2017	sys_t2d_scott2017_to_ret_elm_isos_left	sys_t2d_scott2017	ret_elm_isos_left	True	False
rs1061810	0.08	0.014	-0.00259651	0.0068677	NA	158185.0	50345.0	32.6530612244898	5.3e-09	0.705374	ret_elm_isos_left__sys_t2d_scott2017	sys_t2d_scott2017_to_ret_elm_isos_left	sys_t2d_scott2017	ret_elm_isos_left	True	False
rs4846569	-0.077	0.013	-0.00587385	0.0068727	NA	158184.0	49985.0	35.082840236686394	8.8e-09	0.392737	ret_elm_isos_left__sys_t2d_scott2017	sys_t2d_scott2017_to_ret_elm_isos_left	sys_t2d_scott2017	ret_elm_isos_left	True	False
rs10193447	0.071	0.012	0.000366547	0.00641518	NA	158186.0	49400.0	35.006944444444436	1.3e-08	0.954436	ret_elm_isos_left__sys_t2d_scott2017	sys_t2d_scott2017_to_ret_elm_isos_left	sys_t2d_scott2017	ret_elm_isos_left	True	False
rs2215383	-0.069	0.012	0.0061179	0.00629148	NA	158184.0	50327.0	33.0625	1.4e-08	0.330847	ret_elm_isos_left__sys_t2d_scott2017	sys_t2d_scott2017_to_ret_elm_isos_left	sys_t2d_scott2017	ret_elm_isos_left	True	False
rs35352848	0.083	0.015	0.00789247	0.00778598	NA	158185.0	50287.0	30.617777777777786	1.5e-08	0.310737	ret_elm_isos_left__sys_t2d_scott2017	sys_t2d_scott2017_to_ret_elm_isos_left	sys_t2d_scott2017	ret_elm_isos_left	True	False
rs62530366	-0.076	0.013	-0.018187	0.00653576	NA	158185.0	48577.0	34.177514792899416	1.9e-08	0.00539089	ret_elm_isos_left__sys_t2d_scott2017	sys_t2d_scott2017_to_ret_elm_isos_left	sys_t2d_scott2017	ret_elm_isos_left	True	False
rs9410573	0.073	0.013	0.00588763	0.00634585	NA	158183.0	49601.0	31.53254437869822	2e-08	0.353515	ret_elm_isos_left__sys_t2d_scott2017	sys_t2d_scott2017_to_ret_elm_isos_left	sys_t2d_scott2017	ret_elm_isos_left	True	False
rs4774420	-0.075	0.013	0.00693018	0.00690991	NA	158185.0	48728.0	33.28402366863905	2.7e-08	0.315893	ret_elm_isos_left__sys_t2d_scott2017	sys_t2d_scott2017_to_ret_elm_isos_left	sys_t2d_scott2017	ret_elm_isos_left	True	False
rs5219	0.068	0.012	0.0143631	0.00652395	NA	158185.0	50345.0	32.111111111111114	4.3e-08	0.0276942	ret_elm_isos_left__sys_t2d_scott2017	sys_t2d_scott2017_to_ret_elm_isos_left	sys_t2d_scott2017	ret_elm_isos_left	True	False
rs887595	-0.111192	0.00819739	-0.0076	0.0127	0.17827	49958.0	402682.0	183.99070715148443	6.52053e-42	0.5482	ret_elm_isos_left__sys_ckd_wuttke2019	ret_elm_isos_left_to_sys_ckd_wuttke2019	ret_elm_isos_left	sys_ckd_wuttke2019	False	True
rs8063535	0.0572259	0.00625499	-0.0268	0.0092	0.471174	50267.0	444876.0	83.70126541337501	5.75493e-20	0.003421	ret_elm_isos_left__sys_ckd_wuttke2019	ret_elm_isos_left_to_sys_ckd_wuttke2019	ret_elm_isos_left	sys_ckd_wuttke2019	False	True
rs12747978	-0.0779268	0.00923087	0.038	0.0131	0.131202	50182.0	444681.0	71.26698988046113	3.12018e-17	0.003688	ret_elm_isos_left__sys_ckd_wuttke2019	ret_elm_isos_left_to_sys_ckd_wuttke2019	ret_elm_isos_left	sys_ckd_wuttke2019	False	True
rs8023039	-0.0500841	0.00626574	-0.0208	0.0092	0.489026	49707.0	438951.0	63.89325428808736	1.31341e-15	0.02316	ret_elm_isos_left__sys_ckd_wuttke2019	ret_elm_isos_left_to_sys_ckd_wuttke2019	ret_elm_isos_left	sys_ckd_wuttke2019	False	True
rs3828616	0.0523081	0.00663496	0.0043	0.0099	0.329099	50345.0	440290.0	62.15288217209014	3.17791e-15	0.6648	ret_elm_isos_left__sys_ckd_wuttke2019	ret_elm_isos_left_to_sys_ckd_wuttke2019	ret_elm_isos_left	sys_ckd_wuttke2019	False	True
rs1555211	-0.0495682	0.00684562	0.0037	0.0099	0.292859	50135.0	444815.0	52.43010424071557	4.45816e-13	0.7084	ret_elm_isos_left__sys_ckd_wuttke2019	ret_elm_isos_left_to_sys_ckd_wuttke2019	ret_elm_isos_left	sys_ckd_wuttke2019	False	True
rs11008690	-0.0449387	0.00623315	0.0025	0.0091	0.48924	50280.0	444750.0	51.97875262783604	5.61076e-13	0.7809	ret_elm_isos_left__sys_ckd_wuttke2019	ret_elm_isos_left_to_sys_ckd_wuttke2019	ret_elm_isos_left	sys_ckd_wuttke2019	False	True
rs7116940	0.0508116	0.00731599	0.0223	0.0112	0.239627	49721.0	402682.0	48.23691612541413	3.77721e-12	0.04643	ret_elm_isos_left__sys_ckd_wuttke2019	ret_elm_isos_left_to_sys_ckd_wuttke2019	ret_elm_isos_left	sys_ckd_wuttke2019	False	True
rs12544796	0.0503641	0.00744424	-0.0139	0.0115	0.248751	47423.0	402682.0	45.77216161791318	1.32835e-11	0.2286	ret_elm_isos_left__sys_ckd_wuttke2019	ret_elm_isos_left_to_sys_ckd_wuttke2019	ret_elm_isos_left	sys_ckd_wuttke2019	False	True
rs35440822	-0.0542627	0.00809352	0.0049	0.0133	0.184495	50061.0	349193.0	44.94981520546087	2.02157e-11	0.7134	ret_elm_isos_left__sys_ckd_wuttke2019	ret_elm_isos_left_to_sys_ckd_wuttke2019	ret_elm_isos_left	sys_ckd_wuttke2019	False	True
rs55978930	0.0454354	0.00685547	-0.0057	0.0103	0.308979	49191.0	402682.0	43.925250030687565	3.4115e-11	0.5797	ret_elm_isos_left__sys_ckd_wuttke2019	ret_elm_isos_left_to_sys_ckd_wuttke2019	ret_elm_isos_left	sys_ckd_wuttke2019	False	True
rs113319029	0.0539525	0.00825766	-0.0211	0.015	0.175171	49917.0	306905.0	42.68832872168324	6.41937e-11	0.1598	ret_elm_isos_left__sys_ckd_wuttke2019	ret_elm_isos_left_to_sys_ckd_wuttke2019	ret_elm_isos_left	sys_ckd_wuttke2019	False	True
rs12265809	0.0479814	0.00744464	-0.0025	0.0107	0.231313	49740.0	444971.0	41.53922871071263	1.1553e-10	0.8189	ret_elm_isos_left__sys_ckd_wuttke2019	ret_elm_isos_left_to_sys_ckd_wuttke2019	ret_elm_isos_left	sys_ckd_wuttke2019	False	True
rs11913168	-0.0640109	0.00998159	0.0162	0.0143	0.109197	50345.0	440290.0	41.12523692547546	1.42778e-10	0.2572	ret_elm_isos_left__sys_ckd_wuttke2019	ret_elm_isos_left_to_sys_ckd_wuttke2019	ret_elm_isos_left	sys_ckd_wuttke2019	False	True
rs2012649	-0.0455452	0.00713612	0.0074	0.0103	0.259132	50345.0	440290.0	40.73436382915238	1.74395e-10	0.4716	ret_elm_isos_left__sys_ckd_wuttke2019	ret_elm_isos_left_to_sys_ckd_wuttke2019	ret_elm_isos_left	sys_ckd_wuttke2019	False	True
rs375259	-0.0398587	0.00677073	-0.0147	0.0104	0.314297	49466.0	402682.0	34.655747353625	3.93484e-09	0.1574	ret_elm_isos_left__sys_ckd_wuttke2019	ret_elm_isos_left_to_sys_ckd_wuttke2019	ret_elm_isos_left	sys_ckd_wuttke2019	False	True
rs80247972	-0.0448981	0.00792832	-0.0101	0.0118	0.192181	50273.0	444617.0	32.069603056636424	1.48746e-08	0.39	ret_elm_isos_left__sys_ckd_wuttke2019	ret_elm_isos_left_to_sys_ckd_wuttke2019	ret_elm_isos_left	sys_ckd_wuttke2019	False	True
rs78658393	0.0530173	0.0094797	0.0224	0.0148	0.124828	50205.0	397273.0	31.27850781377828	2.23547e-08	0.1294	ret_elm_isos_left__sys_ckd_wuttke2019	ret_elm_isos_left_to_sys_ckd_wuttke2019	ret_elm_isos_left	sys_ckd_wuttke2019	False	True
rs4647260	-0.0341133	0.00623763	-0.0003	0.0091	0.487877	50154.0	444922.0	29.909437620033845	4.52721e-08	0.9722	ret_elm_isos_left__sys_ckd_wuttke2019	ret_elm_isos_left_to_sys_ckd_wuttke2019	ret_elm_isos_left	sys_ckd_wuttke2019	False	True
rs77924615	-0.2237	0.0128	0.00898504	0.00800912	0.2	402682.0	49077.0	305.43023681640625	6.383e-69	0.261925	ret_elm_isos_left__sys_ckd_wuttke2019	sys_ckd_wuttke2019_to_ret_elm_isos_left	sys_ckd_wuttke2019	ret_elm_isos_left	True	False
rs10224002	-0.1083	0.0102	-0.00544754	0.00685419	0.72	440290.0	50345.0	112.7344290657439	2.651e-26	0.426744	ret_elm_isos_left__sys_ckd_wuttke2019	sys_ckd_wuttke2019_to_ret_elm_isos_left	sys_ckd_wuttke2019	ret_elm_isos_left	True	False
rs2484639	-0.0774	0.0092	-0.00134843	0.00628605	0.51	438949.0	50047.0	70.77930056710774	2.95e-17	0.830148	ret_elm_isos_left__sys_ckd_wuttke2019	sys_ckd_wuttke2019_to_ret_elm_isos_left	sys_ckd_wuttke2019	ret_elm_isos_left	True	False
rs62300825	-0.0949	0.0116	-0.0096912	0.00765748	0.2	444622.0	49853.0	66.92932520808561	2.629e-16	0.205661	ret_elm_isos_left__sys_ckd_wuttke2019	sys_ckd_wuttke2019_to_ret_elm_isos_left	sys_ckd_wuttke2019	ret_elm_isos_left	True	False
rs17730281	-0.0869	0.011	0.0254073	0.00744662	0.23	440290.0	50345.0	62.41000000000002	2.677e-15	0.000645071	ret_elm_isos_left__sys_ckd_wuttke2019	sys_ckd_wuttke2019_to_ret_elm_isos_left	sys_ckd_wuttke2019	ret_elm_isos_left	True	False
rs35716097	0.0785	0.0105	-0.0138244	0.00679813	0.32	402682.0	50345.0	55.89342403628117	8.202e-14	0.0419959	ret_elm_isos_left__sys_ckd_wuttke2019	sys_ckd_wuttke2019_to_ret_elm_isos_left	sys_ckd_wuttke2019	ret_elm_isos_left	True	False
rs700221	-0.0719	0.0098	-0.00391138	0.00636947	0.59	402682.0	50003.0	53.82767596834653	2.192e-13	0.539161	ret_elm_isos_left__sys_ckd_wuttke2019	sys_ckd_wuttke2019_to_ret_elm_isos_left	sys_ckd_wuttke2019	ret_elm_isos_left	True	False
rs7908590	-0.1343	0.0188	0.021726	0.0119171	0.93	402682.0	50085.0	51.0312641466727	8.993e-13	0.06829	ret_elm_isos_left__sys_ckd_wuttke2019	sys_ckd_wuttke2019_to_ret_elm_isos_left	sys_ckd_wuttke2019	ret_elm_isos_left	True	False
rs12205178	0.0931	0.014	0.0116146	0.00927063	0.12	444904.0	50210.0	44.222500000000004	3.087e-11	0.210265	ret_elm_isos_left__sys_ckd_wuttke2019	sys_ckd_wuttke2019_to_ret_elm_isos_left	sys_ckd_wuttke2019	ret_elm_isos_left	True	False
rs4871907	-0.0628	0.0097	-0.00266457	0.00654493	0.55	402682.0	46800.0	41.91561271123391	9.909e-11	0.68392	ret_elm_isos_left__sys_ckd_wuttke2019	sys_ckd_wuttke2019_to_ret_elm_isos_left	sys_ckd_wuttke2019	ret_elm_isos_left	True	False
rs77713116	-0.0752	0.0116	-0.00114471	0.00655392	0.65	306905.0	50225.0	42.02615933412605	1.031e-10	0.861347	ret_elm_isos_left__sys_ckd_wuttke2019	sys_ckd_wuttke2019_to_ret_elm_isos_left	sys_ckd_wuttke2019	ret_elm_isos_left	True	False
rs187355703	-0.1987	0.0312	-0.00918373	0.0204406	0.98	401575.0	50214.0	40.55893532215648	1.801e-10	0.653223	ret_elm_isos_left__sys_ckd_wuttke2019	sys_ckd_wuttke2019_to_ret_elm_isos_left	sys_ckd_wuttke2019	ret_elm_isos_left	True	False
rs7178881	-0.0544	0.0092	-0.00584337	0.00630709	0.41	444846.0	50345.0	34.964083175803395	4.14e-09	0.354199	ret_elm_isos_left__sys_ckd_wuttke2019	sys_ckd_wuttke2019_to_ret_elm_isos_left	sys_ckd_wuttke2019	ret_elm_isos_left	True	False
rs1458038	-0.059	0.01	-0.00494586	0.0069121	0.31	440290.0	49555.0	34.809999999999995	4.206e-09	0.474278	ret_elm_isos_left__sys_ckd_wuttke2019	sys_ckd_wuttke2019_to_ret_elm_isos_left	sys_ckd_wuttke2019	ret_elm_isos_left	True	False
rs2580350	0.055	0.0098	-0.00265617	0.0063783	0.55	402682.0	48817.0	31.49729279466889	1.691e-08	0.677089	ret_elm_isos_left__sys_ckd_wuttke2019	sys_ckd_wuttke2019_to_ret_elm_isos_left	sys_ckd_wuttke2019	ret_elm_isos_left	True	False
rs9474801	0.0522	0.0096	0.00732016	0.00659765	0.34	444725.0	50102.0	29.56640625000001	4.606e-08	0.26721	ret_elm_isos_left__sys_ckd_wuttke2019	sys_ckd_wuttke2019_to_ret_elm_isos_left	sys_ckd_wuttke2019	ret_elm_isos_left	True	False
rs887595	-0.111192	0.00819739	0.0064	0.0184	0.17827	49958.0	63926.0	183.99070715148443	6.52053e-42	0.7278	ret_elm_isos_left__sys_ad_kunkle2019	ret_elm_isos_left_to_sys_ad_kunkle2019	ret_elm_isos_left	sys_ad_kunkle2019	False	True
rs8063535	0.0572259	0.00625499	-0.0108	0.0142	0.471174	50267.0	63926.0	83.70126541337501	5.75493e-20	0.4498	ret_elm_isos_left__sys_ad_kunkle2019	ret_elm_isos_left_to_sys_ad_kunkle2019	ret_elm_isos_left	sys_ad_kunkle2019	False	True
rs12747978	-0.0779268	0.00923087	0.0206	0.0209	0.131202	50182.0	63926.0	71.26698988046113	3.12018e-17	0.3252	ret_elm_isos_left__sys_ad_kunkle2019	ret_elm_isos_left_to_sys_ad_kunkle2019	ret_elm_isos_left	sys_ad_kunkle2019	False	True
rs8023039	-0.0500841	0.00626574	0.008	0.0143	0.489026	49707.0	63926.0	63.89325428808736	1.31341e-15	0.5749	ret_elm_isos_left__sys_ad_kunkle2019	ret_elm_isos_left_to_sys_ad_kunkle2019	ret_elm_isos_left	sys_ad_kunkle2019	False	True
rs3828616	0.0523081	0.00663496	0.0248	0.0155	0.329099	50345.0	63926.0	62.15288217209014	3.17791e-15	0.11	ret_elm_isos_left__sys_ad_kunkle2019	ret_elm_isos_left_to_sys_ad_kunkle2019	ret_elm_isos_left	sys_ad_kunkle2019	False	True
rs1555211	-0.0495682	0.00684562	-0.0143	0.0155	0.292859	50135.0	63926.0	52.43010424071557	4.45816e-13	0.3554	ret_elm_isos_left__sys_ad_kunkle2019	ret_elm_isos_left_to_sys_ad_kunkle2019	ret_elm_isos_left	sys_ad_kunkle2019	False	True
rs11008690	-0.0449387	0.00623315	-0.0065	0.0142	0.48924	50280.0	63926.0	51.97875262783604	5.61076e-13	0.6498	ret_elm_isos_left__sys_ad_kunkle2019	ret_elm_isos_left_to_sys_ad_kunkle2019	ret_elm_isos_left	sys_ad_kunkle2019	False	True
rs7116940	0.0508116	0.00731599	-0.0058	0.0167	0.239627	49721.0	63926.0	48.23691612541413	3.77721e-12	0.7288	ret_elm_isos_left__sys_ad_kunkle2019	ret_elm_isos_left_to_sys_ad_kunkle2019	ret_elm_isos_left	sys_ad_kunkle2019	False	True
rs12544796	0.0503641	0.00744424	0.0008	0.0169	0.248751	47423.0	63926.0	45.77216161791318	1.32835e-11	0.961	ret_elm_isos_left__sys_ad_kunkle2019	ret_elm_isos_left_to_sys_ad_kunkle2019	ret_elm_isos_left	sys_ad_kunkle2019	False	True
rs35440822	-0.0542627	0.00809352	0.0144	0.0186	0.184495	50061.0	63926.0	44.94981520546087	2.02157e-11	0.4385	ret_elm_isos_left__sys_ad_kunkle2019	ret_elm_isos_left_to_sys_ad_kunkle2019	ret_elm_isos_left	sys_ad_kunkle2019	False	True
rs55978930	0.0454354	0.00685547	0.0312	0.0156	0.308979	49191.0	63926.0	43.925250030687565	3.4115e-11	0.04488	ret_elm_isos_left__sys_ad_kunkle2019	ret_elm_isos_left_to_sys_ad_kunkle2019	ret_elm_isos_left	sys_ad_kunkle2019	False	True
rs113319029	0.0539525	0.00825766	-0.0146	0.0198	0.175171	49917.0	63926.0	42.68832872168324	6.41937e-11	0.4624	ret_elm_isos_left__sys_ad_kunkle2019	ret_elm_isos_left_to_sys_ad_kunkle2019	ret_elm_isos_left	sys_ad_kunkle2019	False	True
rs12265809	0.0479814	0.00744464	0.0095	0.0171	0.231313	49740.0	63926.0	41.53922871071263	1.1553e-10	0.581	ret_elm_isos_left__sys_ad_kunkle2019	ret_elm_isos_left_to_sys_ad_kunkle2019	ret_elm_isos_left	sys_ad_kunkle2019	False	True
rs11913168	-0.0640109	0.00998159	-0.0097	0.0231	0.109197	50345.0	63926.0	41.12523692547546	1.42778e-10	0.676	ret_elm_isos_left__sys_ad_kunkle2019	ret_elm_isos_left_to_sys_ad_kunkle2019	ret_elm_isos_left	sys_ad_kunkle2019	False	True
rs2012649	-0.0455452	0.00713612	-0.0238	0.0164	0.259132	50345.0	63926.0	40.73436382915238	1.74395e-10	0.1482	ret_elm_isos_left__sys_ad_kunkle2019	ret_elm_isos_left_to_sys_ad_kunkle2019	ret_elm_isos_left	sys_ad_kunkle2019	False	True
rs12497826	0.0414862	0.00681449	-0.0122	0.0153	0.327094	48159.0	63926.0	37.06300227525875	1.14378e-09	0.4233	ret_elm_isos_left__sys_ad_kunkle2019	ret_elm_isos_left_to_sys_ad_kunkle2019	ret_elm_isos_left	sys_ad_kunkle2019	False	True
rs375259	-0.0398587	0.00677073	-0.0308	0.0158	0.314297	49466.0	63926.0	34.655747353625	3.93484e-09	0.05114	ret_elm_isos_left__sys_ad_kunkle2019	ret_elm_isos_left_to_sys_ad_kunkle2019	ret_elm_isos_left	sys_ad_kunkle2019	False	True
rs80247972	-0.0448981	0.00792832	0.0066	0.0182	0.192181	50273.0	63926.0	32.069603056636424	1.48746e-08	0.7148	ret_elm_isos_left__sys_ad_kunkle2019	ret_elm_isos_left_to_sys_ad_kunkle2019	ret_elm_isos_left	sys_ad_kunkle2019	False	True
rs78658393	0.0530173	0.0094797	-0.0675	0.0237	0.124828	50205.0	63926.0	31.27850781377828	2.23547e-08	0.004358	ret_elm_isos_left__sys_ad_kunkle2019	ret_elm_isos_left_to_sys_ad_kunkle2019	ret_elm_isos_left	sys_ad_kunkle2019	False	True
rs4647260	-0.0341133	0.00623763	0.015	0.0145	0.487877	50154.0	63926.0	29.909437620033845	4.52721e-08	0.2996	ret_elm_isos_left__sys_ad_kunkle2019	ret_elm_isos_left_to_sys_ad_kunkle2019	ret_elm_isos_left	sys_ad_kunkle2019	False	True
rs12972156	-0.9653	0.0189	-0.00316623	0.00894132	0.864811	63926.0	49673.0	2608.5610425240056	0.0	0.723255	ret_elm_isos_left__sys_ad_kunkle2019	sys_ad_kunkle2019_to_ret_elm_isos_left	sys_ad_kunkle2019	ret_elm_isos_left	True	False
rs117310449	0.9879	0.0691	0.00401908	0.0295753	0.0149105	63926.0	50289.0	204.3948157099445	2.275e-46	0.891906	ret_elm_isos_left__sys_ad_kunkle2019	sys_ad_kunkle2019_to_ret_elm_isos_left	sys_ad_kunkle2019	ret_elm_isos_left	True	False
rs6733839	0.1693	0.0154	-0.00740188	0.00660278	0.379722	63926.0	47255.0	120.85718502276946	4.022e-28	0.262277	ret_elm_isos_left__sys_ad_kunkle2019	sys_ad_kunkle2019_to_ret_elm_isos_left	sys_ad_kunkle2019	ret_elm_isos_left	True	False
rs867230	0.1333	0.0158	-0.010733	0.00646204	0.59841	63926.0	48569.0	71.17805640121775	3.492e-17	0.096726	ret_elm_isos_left__sys_ad_kunkle2019	sys_ad_kunkle2019_to_ret_elm_isos_left	sys_ad_kunkle2019	ret_elm_isos_left	True	False
rs1582763	-0.1232	0.0149	-0.00525715	0.00645098	0.362823	63926.0	50229.0	68.36737083915139	1.186e-16	0.415108	ret_elm_isos_left__sys_ad_kunkle2019	sys_ad_kunkle2019_to_ret_elm_isos_left	sys_ad_kunkle2019	ret_elm_isos_left	True	False
rs679515	0.1508	0.0183	0.00660623	0.00817822	0.171968	63926.0	50237.0	67.90480456269222	1.555e-16	0.419216	ret_elm_isos_left__sys_ad_kunkle2019	sys_ad_kunkle2019_to_ret_elm_isos_left	sys_ad_kunkle2019	ret_elm_isos_left	True	False
rs3851179	-0.1198	0.0148	0.00335816	0.00644355	0.37077499999999997	63926.0	50345.0	65.52246165084003	5.809e-16	0.602251	ret_elm_isos_left__sys_ad_kunkle2019	sys_ad_kunkle2019_to_ret_elm_isos_left	sys_ad_kunkle2019	ret_elm_isos_left	True	False
rs117316645	0.2709	0.0349	-0.00535445	0.0156121	0.0397614	63926.0	50264.0	60.25140187683186	8.946e-15	0.731622	ret_elm_isos_left__sys_ad_kunkle2019	sys_ad_kunkle2019_to_ret_elm_isos_left	sys_ad_kunkle2019	ret_elm_isos_left	True	False
rs114812713	0.298	0.0431	0.029908	0.020146	0.027833	63926.0	50023.0	47.805513536210505	4.467e-12	0.13766	ret_elm_isos_left__sys_ad_kunkle2019	sys_ad_kunkle2019_to_ret_elm_isos_left	sys_ad_kunkle2019	ret_elm_isos_left	True	False
rs3740688	0.0935	0.0144	0.00240639	0.00627689	0.542744	63926.0	49918.0	42.15977044753086	9.702e-11	0.701443	ret_elm_isos_left__sys_ad_kunkle2019	sys_ad_kunkle2019_to_ret_elm_isos_left	sys_ad_kunkle2019	ret_elm_isos_left	True	False
rs12151021	0.1071	0.0169	-0.00212782	0.00673622	0.33797200000000005	63926.0	49326.0	40.16109379923674	2.562e-10	0.752096	ret_elm_isos_left__sys_ad_kunkle2019	sys_ad_kunkle2019_to_ret_elm_isos_left	sys_ad_kunkle2019	ret_elm_isos_left	True	False
rs73223431	0.0936	0.0153	-0.00405882	0.00651503	0.345924	63926.0	49797.0	37.425605536332185	8.342e-10	0.533289	ret_elm_isos_left__sys_ad_kunkle2019	sys_ad_kunkle2019_to_ret_elm_isos_left	sys_ad_kunkle2019	ret_elm_isos_left	True	False
rs34665982	0.0967	0.0166	0.00150079	0.00630973	0.5099400000000001	63926.0	49619.0	33.93413412686892	5.798e-09	0.811995	ret_elm_isos_left__sys_ad_kunkle2019	sys_ad_kunkle2019_to_ret_elm_isos_left	sys_ad_kunkle2019	ret_elm_isos_left	True	False
rs12590654	-0.0906	0.0157	0.00205689	0.0066629	0.336978	63926.0	49029.0	33.3009858412106	8.729e-09	0.757543	ret_elm_isos_left__sys_ad_kunkle2019	sys_ad_kunkle2019_to_ret_elm_isos_left	sys_ad_kunkle2019	ret_elm_isos_left	True	False
rs11767557	0.1028	0.0182	-0.00268845	0.00764238	0.782306	63926.0	50345.0	31.903876343436778	1.561e-08	0.725002	ret_elm_isos_left__sys_ad_kunkle2019	sys_ad_kunkle2019_to_ret_elm_isos_left	sys_ad_kunkle2019	ret_elm_isos_left	True	False
rs1385742	0.0876	0.0157	0.0101044	0.00665066	0.324056	63926.0	48460.0	31.13213517789769	2.232e-08	0.128684	ret_elm_isos_left__sys_ad_kunkle2019	sys_ad_kunkle2019_to_ret_elm_isos_left	sys_ad_kunkle2019	ret_elm_isos_left	True	False
rs11218343	0.2053	0.0369	-0.00264487	0.0161051	0.9572565	63926.0	50309.0	30.95459786576185	2.633e-08	0.869554	ret_elm_isos_left__sys_ad_kunkle2019	sys_ad_kunkle2019_to_ret_elm_isos_left	sys_ad_kunkle2019	ret_elm_isos_left	True	False
rs12416487	-0.085	0.0154	0.00213946	0.00658655	0.34890699999999997	63926.0	50058.0	30.46466520492495	3.417e-08	0.745316	ret_elm_isos_left__sys_ad_kunkle2019	sys_ad_kunkle2019_to_ret_elm_isos_left	sys_ad_kunkle2019	ret_elm_isos_left	True	False
rs887595	-0.111192	0.00819739	-0.0275	0.026	0.17827	49958.0	27693.0	183.99070715148443	6.52053e-42	0.2912	ret_elm_isos_left__sys_pd_nalls2019_clinical	ret_elm_isos_left_to_sys_pd_nalls2019_clinical	ret_elm_isos_left	sys_pd_nalls2019_clinical	False	True
rs8063535	0.0572259	0.00625499	-0.0005	0.0189	0.471174	50267.0	27693.0	83.70126541337501	5.75493e-20	0.9792	ret_elm_isos_left__sys_pd_nalls2019_clinical	ret_elm_isos_left_to_sys_pd_nalls2019_clinical	ret_elm_isos_left	sys_pd_nalls2019_clinical	False	True
rs12747978	-0.0779268	0.00923087	-0.018	0.0411	0.131202	50182.0	27693.0	71.26698988046113	3.12018e-17	0.6607	ret_elm_isos_left__sys_pd_nalls2019_clinical	ret_elm_isos_left_to_sys_pd_nalls2019_clinical	ret_elm_isos_left	sys_pd_nalls2019_clinical	False	True
rs8023039	-0.0500841	0.00626574	-0.0303	0.0275	0.489026	49707.0	27693.0	63.89325428808736	1.31341e-15	0.2705	ret_elm_isos_left__sys_pd_nalls2019_clinical	ret_elm_isos_left_to_sys_pd_nalls2019_clinical	ret_elm_isos_left	sys_pd_nalls2019_clinical	False	True
rs3828616	0.0523081	0.00663496	-0.0013	0.0218	0.329099	50345.0	27693.0	62.15288217209014	3.17791e-15	0.9526	ret_elm_isos_left__sys_pd_nalls2019_clinical	ret_elm_isos_left_to_sys_pd_nalls2019_clinical	ret_elm_isos_left	sys_pd_nalls2019_clinical	False	True
rs1555211	-0.0495682	0.00684562	-0.0286	0.0202	0.292859	50135.0	27693.0	52.43010424071557	4.45816e-13	0.1574	ret_elm_isos_left__sys_pd_nalls2019_clinical	ret_elm_isos_left_to_sys_pd_nalls2019_clinical	ret_elm_isos_left	sys_pd_nalls2019_clinical	False	True
rs11008690	-0.0449387	0.00623315	-0.001	0.0194	0.48924	50280.0	27693.0	51.97875262783604	5.61076e-13	0.9608	ret_elm_isos_left__sys_pd_nalls2019_clinical	ret_elm_isos_left_to_sys_pd_nalls2019_clinical	ret_elm_isos_left	sys_pd_nalls2019_clinical	False	True
rs7116940	0.0508116	0.00731599	0.0239	0.0222	0.239627	49721.0	27693.0	48.23691612541413	3.77721e-12	0.2825	ret_elm_isos_left__sys_pd_nalls2019_clinical	ret_elm_isos_left_to_sys_pd_nalls2019_clinical	ret_elm_isos_left	sys_pd_nalls2019_clinical	False	True
rs12544796	0.0503641	0.00744424	0.0054	0.0243	0.248751	47423.0	27693.0	45.77216161791318	1.32835e-11	0.8236	ret_elm_isos_left__sys_pd_nalls2019_clinical	ret_elm_isos_left_to_sys_pd_nalls2019_clinical	ret_elm_isos_left	sys_pd_nalls2019_clinical	False	True
rs55978930	0.0454354	0.00685547	0.0029	0.0218	0.308979	49191.0	27693.0	43.925250030687565	3.4115e-11	0.8944	ret_elm_isos_left__sys_pd_nalls2019_clinical	ret_elm_isos_left_to_sys_pd_nalls2019_clinical	ret_elm_isos_left	sys_pd_nalls2019_clinical	False	True
rs12265809	0.0479814	0.00744464	0.0136	0.0323	0.231313	49740.0	27693.0	41.53922871071263	1.1553e-10	0.6739	ret_elm_isos_left__sys_pd_nalls2019_clinical	ret_elm_isos_left_to_sys_pd_nalls2019_clinical	ret_elm_isos_left	sys_pd_nalls2019_clinical	False	True
rs11913168	-0.0640109	0.00998159	-0.0339	0.0333	0.109197	50345.0	27693.0	41.12523692547546	1.42778e-10	0.3081	ret_elm_isos_left__sys_pd_nalls2019_clinical	ret_elm_isos_left_to_sys_pd_nalls2019_clinical	ret_elm_isos_left	sys_pd_nalls2019_clinical	False	True
rs2012649	-0.0455452	0.00713612	0.0127	0.0239	0.259132	50345.0	27693.0	40.73436382915238	1.74395e-10	0.5952	ret_elm_isos_left__sys_pd_nalls2019_clinical	ret_elm_isos_left_to_sys_pd_nalls2019_clinical	ret_elm_isos_left	sys_pd_nalls2019_clinical	False	True
rs375259	-0.0398587	0.00677073	0.0113	0.0283	0.314297	49466.0	27693.0	34.655747353625	3.93484e-09	0.69	ret_elm_isos_left__sys_pd_nalls2019_clinical	ret_elm_isos_left_to_sys_pd_nalls2019_clinical	ret_elm_isos_left	sys_pd_nalls2019_clinical	False	True
rs80247972	-0.0448981	0.00792832	0.0103	0.0262	0.192181	50273.0	27693.0	32.069603056636424	1.48746e-08	0.6956	ret_elm_isos_left__sys_pd_nalls2019_clinical	ret_elm_isos_left_to_sys_pd_nalls2019_clinical	ret_elm_isos_left	sys_pd_nalls2019_clinical	False	True
rs78658393	0.0530173	0.0094797	0.0366	0.0351	0.124828	50205.0	27693.0	31.27850781377828	2.23547e-08	0.2982	ret_elm_isos_left__sys_pd_nalls2019_clinical	ret_elm_isos_left_to_sys_pd_nalls2019_clinical	ret_elm_isos_left	sys_pd_nalls2019_clinical	False	True
rs4647260	-0.0341133	0.00623763	0.0167	0.0191	0.487877	50154.0	27693.0	29.909437620033845	4.52721e-08	0.3798	ret_elm_isos_left__sys_pd_nalls2019_clinical	ret_elm_isos_left_to_sys_pd_nalls2019_clinical	ret_elm_isos_left	sys_pd_nalls2019_clinical	False	True
rs356182	-0.2615	0.0215	0.010228	0.00682857	0.6159	27693.0	47467.0	147.93347755543542	4.933e-34	0.13418	ret_elm_isos_left__sys_pd_nalls2019_clinical	sys_pd_nalls2019_clinical_to_ret_elm_isos_left	sys_pd_nalls2019_clinical	ret_elm_isos_left	True	False
rs35749011	0.6977	0.0806	0.0389787	0.0255611	0.0212	27693.0	50333.0	74.93200653904645	4.713e-18	0.127278	ret_elm_isos_left__sys_pd_nalls2019_clinical	sys_pd_nalls2019_clinical_to_ret_elm_isos_left	sys_pd_nalls2019_clinical	ret_elm_isos_left	True	False
rs6599388	0.1774	0.0215	0.010877	0.00698159	0.3201	27693.0	50025.0	68.08168739859384	1.497e-16	0.119246	ret_elm_isos_left__sys_pd_nalls2019_clinical	sys_pd_nalls2019_clinical_to_ret_elm_isos_left	sys_pd_nalls2019_clinical	ret_elm_isos_left	True	False
rs4630591	-0.2203	0.0309	0.0184313	0.0078397	0.1954	27693.0	49036.0	50.82905499523464	1.043e-12	0.0187218	ret_elm_isos_left__sys_pd_nalls2019_clinical	sys_pd_nalls2019_clinical_to_ret_elm_isos_left	sys_pd_nalls2019_clinical	ret_elm_isos_left	True	False
rs12637471	-0.1659	0.0244	-0.00909725	0.00794765	0.1801	27693.0	50304.0	46.22885313087879	9.784e-12	0.252356	ret_elm_isos_left__sys_pd_nalls2019_clinical	sys_pd_nalls2019_clinical_to_ret_elm_isos_left	sys_pd_nalls2019_clinical	ret_elm_isos_left	True	False
rs10847864	0.1317	0.0199	-0.0124052	0.00653629	0.365	27693.0	50345.0	43.799121234312274	3.775e-11	0.0577108	ret_elm_isos_left__sys_pd_nalls2019_clinical	sys_pd_nalls2019_clinical_to_ret_elm_isos_left	sys_pd_nalls2019_clinical	ret_elm_isos_left	True	False
rs4613239	-0.1808	0.0276	0.0378753	0.00968154	0.8643	27693.0	49886.0	42.91199327872295	5.964e-11	9.149e-05	ret_elm_isos_left__sys_pd_nalls2019_clinical	sys_pd_nalls2019_clinical_to_ret_elm_isos_left	sys_pd_nalls2019_clinical	ret_elm_isos_left	True	False
rs75646569	-0.184	0.0295	-0.00303417	0.0107253	0.8847	27693.0	50247.0	38.90376328641195	4.386e-10	0.777254	ret_elm_isos_left__sys_pd_nalls2019_clinical	sys_pd_nalls2019_clinical_to_ret_elm_isos_left	sys_pd_nalls2019_clinical	ret_elm_isos_left	True	False
rs4588066	0.1148	0.0198	0.00718244	0.00673754	0.3285	27693.0	50295.0	33.61656973778185	6.863e-09	0.286409	ret_elm_isos_left__sys_pd_nalls2019_clinical	sys_pd_nalls2019_clinical_to_ret_elm_isos_left	sys_pd_nalls2019_clinical	ret_elm_isos_left	True	False
rs510306	0.1054	0.0187	0.00175444	0.0063338	0.472	27693.0	49271.0	31.768595041322307	1.814e-08	0.781783	ret_elm_isos_left__sys_pd_nalls2019_clinical	sys_pd_nalls2019_clinical_to_ret_elm_isos_left	sys_pd_nalls2019_clinical	ret_elm_isos_left	True	False
rs887595	-0.111192	0.00819739	0.02955880224154443	0.03841825274208216	0.17827	49958.0	14267.0	183.99070715148443	6.52053e-42	0.441659	ret_elm_isos_left__sys_sle_bentham2015	ret_elm_isos_left_to_sys_sle_bentham2015	ret_elm_isos_left	sys_sle_bentham2015	False	True
rs8063535	0.0572259	0.00625499	0.020202707317519466	0.03244121326505943	0.471174	50267.0	14267.0	83.70126541337501	5.75493e-20	0.53345	ret_elm_isos_left__sys_sle_bentham2015	ret_elm_isos_left_to_sys_sle_bentham2015	ret_elm_isos_left	sys_sle_bentham2015	False	True
rs12747978	-0.0779268	0.00923087	-0.08338160893905101	0.04258729461424857	0.131202	50182.0	14267.0	71.26698988046113	3.12018e-17	0.050241900000000006	ret_elm_isos_left__sys_sle_bentham2015	ret_elm_isos_left_to_sys_sle_bentham2015	ret_elm_isos_left	sys_sle_bentham2015	False	True
rs8023039	-0.0500841	0.00626574	0.009950330853168092	0.03479214146998471	0.489026	49707.0	14267.0	63.89325428808736	1.31341e-15	0.774883	ret_elm_isos_left__sys_sle_bentham2015	ret_elm_isos_left_to_sys_sle_bentham2015	ret_elm_isos_left	sys_sle_bentham2015	False	True
rs3828616	0.0523081	0.00663496	-0.040821994520255166	0.035173881345184	0.329099	50345.0	14267.0	62.15288217209014	3.17791e-15	0.24581399999999998	ret_elm_isos_left__sys_sle_bentham2015	ret_elm_isos_left_to_sys_sle_bentham2015	ret_elm_isos_left	sys_sle_bentham2015	False	True
rs1555211	-0.0495682	0.00684562	0.01980262729617973	0.024333346231775455	0.292859	50135.0	14267.0	52.43010424071557	4.45816e-13	0.415756	ret_elm_isos_left__sys_sle_bentham2015	ret_elm_isos_left_to_sys_sle_bentham2015	ret_elm_isos_left	sys_sle_bentham2015	False	True
rs11008690	-0.0449387	0.00623315	-0.020202707317519466	0.02693469474809011	0.48924	50280.0	14267.0	51.97875262783604	5.61076e-13	0.453217	ret_elm_isos_left__sys_sle_bentham2015	ret_elm_isos_left_to_sys_sle_bentham2015	ret_elm_isos_left	sys_sle_bentham2015	False	True
rs7116940	0.0508116	0.00731599	0.04879016416943205	0.030059427512304015	0.239627	49721.0	14267.0	48.23691612541413	3.77721e-12	0.10456300000000002	ret_elm_isos_left__sys_sle_bentham2015	ret_elm_isos_left_to_sys_sle_bentham2015	ret_elm_isos_left	sys_sle_bentham2015	False	True
rs12544796	0.0503641	0.00744424	0.02955880224154443	0.029509216425359253	0.248751	47423.0	14267.0	45.77216161791318	1.32835e-11	0.316498	ret_elm_isos_left__sys_sle_bentham2015	ret_elm_isos_left_to_sys_sle_bentham2015	ret_elm_isos_left	sys_sle_bentham2015	False	True
rs35440822	-0.0542627	0.00809352	-0.08338160893905101	0.04029844928951012	0.184495	50061.0	14267.0	44.94981520546087	2.02157e-11	0.0385365	ret_elm_isos_left__sys_sle_bentham2015	ret_elm_isos_left_to_sys_sle_bentham2015	ret_elm_isos_left	sys_sle_bentham2015	False	True
rs55978930	0.0454354	0.00685547	-0.10536051565782628	0.03273771781921493	0.308979	49191.0	14267.0	43.925250030687565	3.4115e-11	0.00128943	ret_elm_isos_left__sys_sle_bentham2015	ret_elm_isos_left_to_sys_sle_bentham2015	ret_elm_isos_left	sys_sle_bentham2015	False	True
rs113319029	0.0539525	0.00825766	-0.10536051565782628	0.038759736371041034	0.175171	49917.0	14267.0	42.68832872168324	6.41937e-11	0.00656187	ret_elm_isos_left__sys_sle_bentham2015	ret_elm_isos_left_to_sys_sle_bentham2015	ret_elm_isos_left	sys_sle_bentham2015	False	True
rs12265809	0.0479814	0.00744464	0.058268908123975824	0.03247476926692476	0.231313	49740.0	14267.0	41.53922871071263	1.1553e-10	0.0727681	ret_elm_isos_left__sys_sle_bentham2015	ret_elm_isos_left_to_sys_sle_bentham2015	ret_elm_isos_left	sys_sle_bentham2015	False	True
rs11913168	-0.0640109	0.00998159	0.058268908123975824	0.042463741713771846	0.109197	50345.0	14267.0	41.12523692547546	1.42778e-10	0.17	ret_elm_isos_left__sys_sle_bentham2015	ret_elm_isos_left_to_sys_sle_bentham2015	ret_elm_isos_left	sys_sle_bentham2015	False	True
rs2012649	-0.0455452	0.00713612	-0.01005033585350145	0.04382909457634677	0.259132	50345.0	14267.0	40.73436382915238	1.74395e-10	0.81863	ret_elm_isos_left__sys_sle_bentham2015	ret_elm_isos_left_to_sys_sle_bentham2015	ret_elm_isos_left	sys_sle_bentham2015	False	True
rs80247972	-0.0448981	0.00792832	0.01980262729617973	0.031156164476131534	0.192181	50273.0	14267.0	32.069603056636424	1.48746e-08	0.525042	ret_elm_isos_left__sys_sle_bentham2015	ret_elm_isos_left_to_sys_sle_bentham2015	ret_elm_isos_left	sys_sle_bentham2015	False	True
rs4647260	-0.0341133	0.00623763	0.03922071315328133	0.02864486654454299	0.487877	50154.0	14267.0	29.909437620033845	4.52721e-08	0.170935	ret_elm_isos_left__sys_sle_bentham2015	ret_elm_isos_left_to_sys_sle_bentham2015	ret_elm_isos_left	sys_sle_bentham2015	False	True
rs1270942	0.9282193027394288	0.04338217483584476	0.0266997	0.00929213	0.0725646	14267.0	50345.0	457.80291165846535	1.4455e-101	0.00406116	ret_elm_isos_left__sys_sle_bentham2015	sys_sle_bentham2015_to_ret_elm_isos_left	sys_sle_bentham2015	ret_elm_isos_left	True	False
rs4274624	0.5596157879354227	0.032679116321158	-0.00282627	0.00744548	0.23160999999999998	14267.0	50165.0	293.25086934119986	9.73273e-66	0.704245	ret_elm_isos_left__sys_sle_bentham2015	sys_sle_bentham2015_to_ret_elm_isos_left	sys_sle_bentham2015	ret_elm_isos_left	True	False
rs17849501	0.8109302162163288	0.04986423265496375	-0.0195097	0.014098	0.0596421	14267.0	50345.0	264.47747237775303	1.8137e-59	0.166402	ret_elm_isos_left__sys_sle_bentham2015	sys_sle_bentham2015_to_ret_elm_isos_left	sys_sle_bentham2015	ret_elm_isos_left	True	False
rs1143679	0.5822156198526637	0.03998663420667575	0.0112896	0.0106535	0.131213	14267.0	49525.0	212.0010469386546	5.02694e-48	0.289277	ret_elm_isos_left__sys_sle_bentham2015	sys_sle_bentham2015_to_ret_elm_isos_left	sys_sle_bentham2015	ret_elm_isos_left	True	False
rs35000415	0.5877866649021191	0.041538954697302115	-0.00370677	0.0100964	0.100398	14267.0	50318.0	200.22962356877744	1.8609e-45	0.713516	ret_elm_isos_left__sys_sle_bentham2015	sys_sle_bentham2015_to_ret_elm_isos_left	sys_sle_bentham2015	ret_elm_isos_left	True	False
rs2573219	0.5877866649021191	0.042929166291107275	0.00457666	0.0108498	0.0864811	14267.0	50252.0	187.471195730151	1.13327e-42	0.673156	ret_elm_isos_left__sys_sle_bentham2015	sys_sle_bentham2015_to_ret_elm_isos_left	sys_sle_bentham2015	ret_elm_isos_left	True	False
rs150180633	0.9282193027394288	0.06895732862779987	-0.00746471	0.0288371	0.0168986	14267.0	50327.0	181.192548506574	2.66099e-41	0.795745	ret_elm_isos_left__sys_sle_bentham2015	sys_sle_bentham2015_to_ret_elm_isos_left	sys_sle_bentham2015	ret_elm_isos_left	True	False
rs7823055	0.35065687161316933	0.028620839404419996	-0.00836719	0.0064002	0.42345900000000003	14267.0	48513.0	150.10666436715803	1.64303e-34	0.1911	ret_elm_isos_left__sys_sle_bentham2015	sys_sle_bentham2015_to_ret_elm_isos_left	sys_sle_bentham2015	ret_elm_isos_left	True	False
rs1078324	-0.7133498878774648	0.07816646901246015	-0.00822693	0.0135135	0.0497018	14267.0	50337.0	83.28450451053207	7.10544e-20	0.542663	ret_elm_isos_left__sys_sle_bentham2015	sys_sle_bentham2015_to_ret_elm_isos_left	sys_sle_bentham2015	ret_elm_isos_left	True	False
rs58721818	0.6575200029167941	0.07559406697400173	-0.0282929	0.0180214	0.0248509	14267.0	50053.0	75.65585027597527	3.37674e-18	0.116424	ret_elm_isos_left__sys_sle_bentham2015	sys_sle_bentham2015_to_ret_elm_isos_left	sys_sle_bentham2015	ret_elm_isos_left	True	False
rs13332649	-0.31471074483970024	0.037568252338112514	-0.00501212	0.00745664	0.197813	14267.0	50345.0	70.17479571574411	5.42755e-17	0.501476	ret_elm_isos_left__sys_sle_bentham2015	sys_sle_bentham2015_to_ret_elm_isos_left	sys_sle_bentham2015	ret_elm_isos_left	True	False
rs1464446	-0.3285040669720361	0.04014972755246729	0.00384784	0.00799619	0.178926	14267.0	50044.0	66.94471485209834	2.79229e-16	0.630368	ret_elm_isos_left__sys_sle_bentham2015	sys_sle_bentham2015_to_ret_elm_isos_left	sys_sle_bentham2015	ret_elm_isos_left	True	False
rs10912578	0.2468600779315258	0.030991798852376563	-0.00494131	0.00682333	0.30119300000000004	14267.0	48336.0	63.446570822076126	1.64776e-15	0.468955	ret_elm_isos_left__sys_sle_bentham2015	sys_sle_bentham2015_to_ret_elm_isos_left	sys_sle_bentham2015	ret_elm_isos_left	True	False
rs2431697	-0.2231435513142097	0.029296428709987537	-0.00358163	0.00630883	0.431412	14267.0	50345.0	58.01486909043906	2.60144e-14	0.570228	ret_elm_isos_left__sys_sle_bentham2015	sys_sle_bentham2015_to_ret_elm_isos_left	sys_sle_bentham2015	ret_elm_isos_left	True	False
rs35251378	-0.23572233352106983	0.03242655973320144	-0.000860949	0.00692671	0.269384	14267.0	49715.0	52.844490301182496	3.6103e-13	0.901082	ret_elm_isos_left__sys_sle_bentham2015	sys_sle_bentham2015_to_ret_elm_isos_left	sys_sle_bentham2015	ret_elm_isos_left	True	False
rs6679677	0.3364722366212129	0.046485380374858505	-0.000870943	0.0103028	0.0914513	14267.0	50345.0	52.392086214081615	4.54552e-13	0.932631	ret_elm_isos_left__sys_sle_bentham2015	sys_sle_bentham2015_to_ret_elm_isos_left	sys_sle_bentham2015	ret_elm_isos_left	True	False
rs7768653	0.20701416938432612	0.0296890709490796	-0.00346771	0.00643447	0.40159	14267.0	49947.0	48.619101611474605	3.10827e-12	0.589937	ret_elm_isos_left__sys_sle_bentham2015	sys_sle_bentham2015_to_ret_elm_isos_left	sys_sle_bentham2015	ret_elm_isos_left	True	False
rs6671847	0.19885085874516517	0.02896508081722554	-0.00358788	0.00631297	0.487078	14267.0	49655.0	47.13086955850739	6.64016e-12	0.569807	ret_elm_isos_left__sys_sle_bentham2015	sys_sle_bentham2015_to_ret_elm_isos_left	sys_sle_bentham2015	ret_elm_isos_left	True	False
rs4916215	-0.2231435513142097	0.03396932281463995	-0.00642776	0.00703477	0.25447299999999995	14267.0	50217.0	43.15140121458759	5.06636e-11	0.360868	ret_elm_isos_left__sys_sle_bentham2015	sys_sle_bentham2015_to_ret_elm_isos_left	sys_sle_bentham2015	ret_elm_isos_left	True	False
rs7097397	-0.18632957819149348	0.028711836349021032	-0.00212102	0.00648173	0.395626	14267.0	50345.0	42.115470974195595	8.60398e-11	0.743494	ret_elm_isos_left__sys_sle_bentham2015	sys_sle_bentham2015_to_ret_elm_isos_left	sys_sle_bentham2015	ret_elm_isos_left	True	False
rs4661543	-0.2744368457017603	0.04237545624860243	0.0206467	0.0094667	0.12723700000000004	14267.0	50005.0	41.94266905156497	9.39891e-11	0.0291843	ret_elm_isos_left__sys_sle_bentham2015	sys_sle_bentham2015_to_ret_elm_isos_left	sys_sle_bentham2015	ret_elm_isos_left	True	False
rs13136219	-0.1743533871447778	0.027786960712837545	0.00421279	0.00645652	0.379722	14267.0	49909.0	39.37120286398545	3.50427e-10	0.514088	ret_elm_isos_left__sys_sle_bentham2015	sys_sle_bentham2015_to_ret_elm_isos_left	sys_sle_bentham2015	ret_elm_isos_left	True	False
rs10200680	-0.2484613592984996	0.042483496013878894	-0.00119427	0.00880583	0.144135	14267.0	50087.0	34.20402518048219	4.96262e-09	0.892119	ret_elm_isos_left__sys_sle_bentham2015	sys_sle_bentham2015_to_ret_elm_isos_left	sys_sle_bentham2015	ret_elm_isos_left	True	False
rs73050535	-0.7133498878774648	0.1241341633444946	0.00194411	0.0206653	0.0298211	14267.0	50258.0	33.0234582980788	9.10536e-09	0.925049	ret_elm_isos_left__sys_sle_bentham2015	sys_sle_bentham2015_to_ret_elm_isos_left	sys_sle_bentham2015	ret_elm_isos_left	True	False
rs143123127	0.47000362924573563	0.08403420051666054	-0.0280207	0.0173885	0.0308151	14267.0	50258.0	31.281695024459218	2.23174e-08	0.107081	ret_elm_isos_left__sys_sle_bentham2015	sys_sle_bentham2015_to_ret_elm_isos_left	sys_sle_bentham2015	ret_elm_isos_left	True	False
rs7899626	0.1823215567939546	0.03325318638695583	-0.00638256	0.00697939	0.362823	14267.0	48397.0	30.061421140607337	4.18576e-08	0.360461	ret_elm_isos_left__sys_sle_bentham2015	sys_sle_bentham2015_to_ret_elm_isos_left	sys_sle_bentham2015	ret_elm_isos_left	True	False
rs73068668	-0.31471074483970024	0.057490346033111685	0.00649519	0.0120209	0.0954274	14267.0	49694.0	29.966311957600823	4.39618e-08	0.588972	ret_elm_isos_left__sys_sle_bentham2015	sys_sle_bentham2015_to_ret_elm_isos_left	sys_sle_bentham2015	ret_elm_isos_left	True	False
rs143810596	-0.616186139423817	0.11257379615769905	0.0224039	0.0203855	0.0258449	14267.0	50310.0	29.960511751951863	4.40935e-08	0.271764	ret_elm_isos_left__sys_sle_bentham2015	sys_sle_bentham2015_to_ret_elm_isos_left	sys_sle_bentham2015	ret_elm_isos_left	True	False
rs887595	-0.111192	0.00819739	-0.0083	0.0159	0.17827	49958.0	59957.0	183.99070715148443	6.52053e-42	0.6003	ret_elm_isos_left__sys_ibd_delange2017	ret_elm_isos_left_to_sys_ibd_delange2017	ret_elm_isos_left	sys_ibd_delange2017	False	True
rs8063535	0.0572259	0.00625499	-0.0097	0.0124	0.471174	50267.0	59957.0	83.70126541337501	5.75493e-20	0.4345	ret_elm_isos_left__sys_ibd_delange2017	ret_elm_isos_left_to_sys_ibd_delange2017	ret_elm_isos_left	sys_ibd_delange2017	False	True
rs12747978	-0.0779268	0.00923087	0.0026	0.0181	0.131202	50182.0	59957.0	71.26698988046113	3.12018e-17	0.8865	ret_elm_isos_left__sys_ibd_delange2017	ret_elm_isos_left_to_sys_ibd_delange2017	ret_elm_isos_left	sys_ibd_delange2017	False	True
rs3828616	0.0523081	0.00663496	0.0108	0.0135	0.329099	50345.0	59957.0	62.15288217209014	3.17791e-15	0.4226	ret_elm_isos_left__sys_ibd_delange2017	ret_elm_isos_left_to_sys_ibd_delange2017	ret_elm_isos_left	sys_ibd_delange2017	False	True
rs1555211	-0.0495682	0.00684562	0.0203	0.0135	0.292859	50135.0	59957.0	52.43010424071557	4.45816e-13	0.1335	ret_elm_isos_left__sys_ibd_delange2017	ret_elm_isos_left_to_sys_ibd_delange2017	ret_elm_isos_left	sys_ibd_delange2017	False	True
rs11008690	-0.0449387	0.00623315	-0.0155	0.0124	0.48924	50280.0	59957.0	51.97875262783604	5.61076e-13	0.2105	ret_elm_isos_left__sys_ibd_delange2017	ret_elm_isos_left_to_sys_ibd_delange2017	ret_elm_isos_left	sys_ibd_delange2017	False	True
rs7116940	0.0508116	0.00731599	0.0107	0.0145	0.239627	49721.0	59957.0	48.23691612541413	3.77721e-12	0.4582	ret_elm_isos_left__sys_ibd_delange2017	ret_elm_isos_left_to_sys_ibd_delange2017	ret_elm_isos_left	sys_ibd_delange2017	False	True
rs12544796	0.0503641	0.00744424	-0.0035	0.0146	0.248751	47423.0	59957.0	45.77216161791318	1.32835e-11	0.809	ret_elm_isos_left__sys_ibd_delange2017	ret_elm_isos_left_to_sys_ibd_delange2017	ret_elm_isos_left	sys_ibd_delange2017	False	True
rs55978930	0.0454354	0.00685547	-0.014	0.0135	0.308979	49191.0	59957.0	43.925250030687565	3.4115e-11	0.3014	ret_elm_isos_left__sys_ibd_delange2017	ret_elm_isos_left_to_sys_ibd_delange2017	ret_elm_isos_left	sys_ibd_delange2017	False	True
rs12265809	0.0479814	0.00744464	-0.0109	0.0149	0.231313	49740.0	59957.0	41.53922871071263	1.1553e-10	0.4642	ret_elm_isos_left__sys_ibd_delange2017	ret_elm_isos_left_to_sys_ibd_delange2017	ret_elm_isos_left	sys_ibd_delange2017	False	True
rs11913168	-0.0640109	0.00998159	0.0621	0.0205	0.109197	50345.0	59957.0	41.12523692547546	1.42778e-10	0.002501	ret_elm_isos_left__sys_ibd_delange2017	ret_elm_isos_left_to_sys_ibd_delange2017	ret_elm_isos_left	sys_ibd_delange2017	False	True
rs2012649	-0.0455452	0.00713612	-0.0039	0.0143	0.259132	50345.0	59957.0	40.73436382915238	1.74395e-10	0.7846	ret_elm_isos_left__sys_ibd_delange2017	ret_elm_isos_left_to_sys_ibd_delange2017	ret_elm_isos_left	sys_ibd_delange2017	False	True
rs375259	-0.0398587	0.00677073	-0.0181	0.0134	0.314297	49466.0	59957.0	34.655747353625	3.93484e-09	0.1785	ret_elm_isos_left__sys_ibd_delange2017	ret_elm_isos_left_to_sys_ibd_delange2017	ret_elm_isos_left	sys_ibd_delange2017	False	True
rs80247972	-0.0448981	0.00792832	0.0225	0.0158	0.192181	50273.0	59957.0	32.069603056636424	1.48746e-08	0.1551	ret_elm_isos_left__sys_ibd_delange2017	ret_elm_isos_left_to_sys_ibd_delange2017	ret_elm_isos_left	sys_ibd_delange2017	False	True
rs78658393	0.0530173	0.0094797	0.0446	0.0196	0.124828	50205.0	59957.0	31.27850781377828	2.23547e-08	0.02264	ret_elm_isos_left__sys_ibd_delange2017	ret_elm_isos_left_to_sys_ibd_delange2017	ret_elm_isos_left	sys_ibd_delange2017	False	True
rs4647260	-0.0341133	0.00623763	-0.0096	0.0124	0.487877	50154.0	59957.0	29.909437620033845	4.52721e-08	0.4376	ret_elm_isos_left__sys_ibd_delange2017	ret_elm_isos_left_to_sys_ibd_delange2017	ret_elm_isos_left	sys_ibd_delange2017	False	True
rs11581607	0.6578	0.0294	0.016478	0.0125864	NA	59957.0	50336.0	500.6025730019901	4.59e-111	0.190471	ret_elm_isos_left__sys_ibd_delange2017	sys_ibd_delange2017_to_ret_elm_isos_left	sys_ibd_delange2017	ret_elm_isos_left	True	False
rs145568234	0.86	0.0476	-0.0405398	0.0338639	NA	59957.0	48294.0	326.42468752206764	4.731e-73	0.231253	ret_elm_isos_left__sys_ibd_delange2017	sys_ibd_delange2017_to_ret_elm_isos_left	sys_ibd_delange2017	ret_elm_isos_left	True	False
rs749910	-0.1961	0.0138	-0.00133928	0.00715563	NA	59957.0	50334.0	201.9282188615837	7.828e-46	0.851532	ret_elm_isos_left__sys_ibd_delange2017	sys_ibd_delange2017_to_ret_elm_isos_left	sys_ibd_delange2017	ret_elm_isos_left	True	False
rs1445004	-0.1689	0.0127	-0.0032051	0.00639076	NA	59957.0	50345.0	176.86905573811146	3.484e-40	0.616004	ret_elm_isos_left__sys_ibd_delange2017	sys_ibd_delange2017_to_ret_elm_isos_left	sys_ibd_delange2017	ret_elm_isos_left	True	False
rs755374	-0.1767	0.0134	0.0015708	0.00684776	NA	59957.0	47357.0	173.88555357540653	1.586e-39	0.818567	ret_elm_isos_left__sys_ibd_delange2017	sys_ibd_delange2017_to_ret_elm_isos_left	sys_ibd_delange2017	ret_elm_isos_left	True	False
rs3829110	0.1574	0.0125	-0.00229282	0.00630803	NA	59957.0	50342.0	158.55846400000001	3.52e-36	0.716249	ret_elm_isos_left__sys_ibd_delange2017	sys_ibd_delange2017_to_ret_elm_isos_left	sys_ibd_delange2017	ret_elm_isos_left	True	False
rs1131095	0.1635	0.0131	-0.0243502	0.00685231	NA	59957.0	50341.0	155.77326496124934	1.219e-35	0.000380035	ret_elm_isos_left__sys_ibd_delange2017	sys_ibd_delange2017_to_ret_elm_isos_left	sys_ibd_delange2017	ret_elm_isos_left	True	False
rs6584282	-0.152	0.0124	-0.00298269	0.00623811	NA	59957.0	50312.0	150.2601456815817	1.194e-34	0.63255	ret_elm_isos_left__sys_ibd_delange2017	sys_ibd_delange2017_to_ret_elm_isos_left	sys_ibd_delange2017	ret_elm_isos_left	True	False
rs11236797	-0.1488	0.0125	0.00122719	0.00626869	NA	59957.0	50223.0	141.70521599999995	7.188e-33	0.844795	ret_elm_isos_left__sys_ibd_delange2017	sys_ibd_delange2017_to_ret_elm_isos_left	sys_ibd_delange2017	ret_elm_isos_left	True	False
rs1297264	-0.1462	0.0126	0.00572825	0.00628429	NA	59957.0	50074.0	134.6336608717561	3.98e-31	0.362022	ret_elm_isos_left__sys_ibd_delange2017	sys_ibd_delange2017_to_ret_elm_isos_left	sys_ibd_delange2017	ret_elm_isos_left	True	False
rs3024493	-0.1911	0.0165	0.0222193	0.00865024	NA	59957.0	50345.0	134.13851239669418	4.041e-31	0.0102101	ret_elm_isos_left__sys_ibd_delange2017	sys_ibd_delange2017_to_ret_elm_isos_left	sys_ibd_delange2017	ret_elm_isos_left	True	False
rs2836881	0.1643	0.0146	-0.000543879	0.0070417	NA	59957.0	50048.0	126.63956652279977	1.959e-29	0.938435	ret_elm_isos_left__sys_ibd_delange2017	sys_ibd_delange2017_to_ret_elm_isos_left	sys_ibd_delange2017	ret_elm_isos_left	True	False
rs3792111	-0.1391	0.0124	0.00472318	0.00625287	NA	59957.0	50338.0	125.83773413111345	5.122e-29	0.450032	ret_elm_isos_left__sys_ibd_delange2017	sys_ibd_delange2017_to_ret_elm_isos_left	sys_ibd_delange2017	ret_elm_isos_left	True	False
rs6457681	0.1687	0.0153	-0.0145499	0.00734744	NA	59957.0	50331.0	121.5758468964928	3.75e-28	0.0476727	ret_elm_isos_left__sys_ibd_delange2017	sys_ibd_delange2017_to_ret_elm_isos_left	sys_ibd_delange2017	ret_elm_isos_left	True	False
rs10114470	0.1475	0.0137	-0.000721081	0.00670152	NA	59957.0	50215.0	115.91587191645796	4.098e-27	0.914313	ret_elm_isos_left__sys_ibd_delange2017	sys_ibd_delange2017_to_ret_elm_isos_left	sys_ibd_delange2017	ret_elm_isos_left	True	False
rs6062496	-0.137	0.0129	0.0022058	0.00627845	NA	59957.0	49942.0	112.78769304729285	2.826e-26	0.725342	ret_elm_isos_left__sys_ibd_delange2017	sys_ibd_delange2017_to_ret_elm_isos_left	sys_ibd_delange2017	ret_elm_isos_left	True	False
rs2838517	-0.128	0.0125	0.0145474	0.00640803	NA	59957.0	50298.0	104.8576	1.835e-24	0.0231969	ret_elm_isos_left__sys_ibd_delange2017	sys_ibd_delange2017_to_ret_elm_isos_left	sys_ibd_delange2017	ret_elm_isos_left	True	False
rs2413583	0.1732	0.0171	0.000881418	0.00844185	NA	59957.0	50345.0	102.589651516706	4.595e-24	0.916844	ret_elm_isos_left__sys_ibd_delange2017	sys_ibd_delange2017_to_ret_elm_isos_left	sys_ibd_delange2017	ret_elm_isos_left	True	False
rs56062135	-0.1382	0.0145	-0.00505165	0.00733284	0.214712	59957.0	50232.0	90.84061831153386	1.371e-21	0.490881	ret_elm_isos_left__sys_ibd_delange2017	sys_ibd_delange2017_to_ret_elm_isos_left	sys_ibd_delange2017	ret_elm_isos_left	True	False
rs10800309	-0.123	0.0133	0.0030097	0.00669977	NA	59957.0	50345.0	85.52772909717905	1.942e-20	0.65327	ret_elm_isos_left__sys_ibd_delange2017	sys_ibd_delange2017_to_ret_elm_isos_left	sys_ibd_delange2017	ret_elm_isos_left	True	False
rs6674040	0.1129	0.0124	-0.0174789	0.00625166	NA	59957.0	50025.0	82.89808792924039	6.307e-20	0.00517583	ret_elm_isos_left__sys_ibd_delange2017	sys_ibd_delange2017_to_ret_elm_isos_left	sys_ibd_delange2017	ret_elm_isos_left	True	False
rs35171809	0.1088	0.0123	-0.0072933	0.00625792	NA	59957.0	50337.0	78.24337365324872	1.156e-18	0.243836	ret_elm_isos_left__sys_ibd_delange2017	sys_ibd_delange2017_to_ret_elm_isos_left	sys_ibd_delange2017	ret_elm_isos_left	True	False
rs744166	-0.1109	0.0126	-0.0157211	0.00629779	NA	59957.0	50109.0	77.46793902746285	1.34e-18	0.0125503	ret_elm_isos_left__sys_ibd_delange2017	sys_ibd_delange2017_to_ret_elm_isos_left	sys_ibd_delange2017	ret_elm_isos_left	True	False
rs6017342	0.1156	0.0135	0.00564122	0.00622754	NA	59957.0	50345.0	73.32433470507546	1.071e-17	0.365015	ret_elm_isos_left__sys_ibd_delange2017	sys_ibd_delange2017_to_ret_elm_isos_left	sys_ibd_delange2017	ret_elm_isos_left	True	False
rs62126610	0.1407	0.0166	0.00934747	0.00851446	NA	59957.0	49700.0	71.84094208157933	2.6e-17	0.272277	ret_elm_isos_left__sys_ibd_delange2017	sys_ibd_delange2017_to_ret_elm_isos_left	sys_ibd_delange2017	ret_elm_isos_left	True	False
rs4807569	0.1281	0.0152	-0.00293458	0.00774796	NA	59957.0	50095.0	71.02497403047091	4.239e-17	0.70487	ret_elm_isos_left__sys_ibd_delange2017	sys_ibd_delange2017_to_ret_elm_isos_left	sys_ibd_delange2017	ret_elm_isos_left	True	False
rs80262450	-0.1581	0.019	-0.00395882	0.00971306	NA	59957.0	49983.0	69.23991689750693	1.041e-16	0.683585	ret_elm_isos_left__sys_ibd_delange2017	sys_ibd_delange2017_to_ret_elm_isos_left	sys_ibd_delange2017	ret_elm_isos_left	True	False
rs28374519	0.1105	0.0137	0.00169985	0.006595	NA	59957.0	46637.0	65.05541051734241	6.547e-16	0.796601	ret_elm_isos_left__sys_ibd_delange2017	sys_ibd_delange2017_to_ret_elm_isos_left	sys_ibd_delange2017	ret_elm_isos_left	True	False
rs5754100	0.1293	0.016	0.00636203	0.00798058	NA	59957.0	50119.0	65.30660156249998	7.14e-16	0.425341	ret_elm_isos_left__sys_ibd_delange2017	sys_ibd_delange2017_to_ret_elm_isos_left	sys_ibd_delange2017	ret_elm_isos_left	True	False
rs143210366	0.2836	0.036	-0.0270395	0.0214604	NA	59957.0	48228.0	62.059382716049406	3.139e-15	0.207679	ret_elm_isos_left__sys_ibd_delange2017	sys_ibd_delange2017_to_ret_elm_isos_left	sys_ibd_delange2017	ret_elm_isos_left	True	False
rs4676408	-0.1011	0.013	0.00959632	0.00627206	NA	59957.0	49568.0	60.4805325443787	7.629e-15	0.126014	ret_elm_isos_left__sys_ibd_delange2017	sys_ibd_delange2017_to_ret_elm_isos_left	sys_ibd_delange2017	ret_elm_isos_left	True	False
rs11152949	0.1019	0.0133	0.00178566	0.00666922	NA	59957.0	49921.0	58.700944089547185	1.563e-14	0.788894	ret_elm_isos_left__sys_ibd_delange2017	sys_ibd_delange2017_to_ret_elm_isos_left	sys_ibd_delange2017	ret_elm_isos_left	True	False
rs4957256	0.1179	0.0155	0.00090712	0.0076973	NA	59957.0	50323.0	57.858106139438085	3.367e-14	0.906187	ret_elm_isos_left__sys_ibd_delange2017	sys_ibd_delange2017_to_ret_elm_isos_left	sys_ibd_delange2017	ret_elm_isos_left	True	False
rs3850378	0.1536	0.0207	-0.0284367	0.010573	NA	59957.0	49979.0	55.060701533291315	1.1e-13	0.00715474	ret_elm_isos_left__sys_ibd_delange2017	sys_ibd_delange2017_to_ret_elm_isos_left	sys_ibd_delange2017	ret_elm_isos_left	True	False
rs6740847	-0.0924	0.0125	-0.00135661	0.00634398	NA	59957.0	50043.0	54.64166399999999	1.218e-13	0.83067	ret_elm_isos_left__sys_ibd_delange2017	sys_ibd_delange2017_to_ret_elm_isos_left	sys_ibd_delange2017	ret_elm_isos_left	True	False
rs11677002	-0.0931	0.0126	-0.00183797	0.00630916	NA	59957.0	49565.0	54.595679012345684	1.371e-13	0.770808	ret_elm_isos_left__sys_ibd_delange2017	sys_ibd_delange2017_to_ret_elm_isos_left	sys_ibd_delange2017	ret_elm_isos_left	True	False
rs2384352	0.0951	0.0131	-0.00114118	0.00666736	NA	59957.0	50225.0	52.7009498280986	3.118e-13	0.864098	ret_elm_isos_left__sys_ibd_delange2017	sys_ibd_delange2017_to_ret_elm_isos_left	sys_ibd_delange2017	ret_elm_isos_left	True	False
rs10826797	0.099	0.0136	-0.000613573	0.00678805	NA	59957.0	49666.0	52.989835640138416	3.986e-13	0.927977	ret_elm_isos_left__sys_ibd_delange2017	sys_ibd_delange2017_to_ret_elm_isos_left	sys_ibd_delange2017	ret_elm_isos_left	True	False
rs55946629	-0.1298	0.018	-0.013488	0.00916152	NA	59957.0	48705.0	52.00012345679013	5.454e-13	0.140955	ret_elm_isos_left__sys_ibd_delange2017	sys_ibd_delange2017_to_ret_elm_isos_left	sys_ibd_delange2017	ret_elm_isos_left	True	False
rs6873866	-0.0919	0.0128	0.00289198	0.00631588	NA	59957.0	50345.0	51.547912597656236	6.148e-13	0.647031	ret_elm_isos_left__sys_ibd_delange2017	sys_ibd_delange2017_to_ret_elm_isos_left	sys_ibd_delange2017	ret_elm_isos_left	True	False
rs4072601	0.1264	0.0177	0.00831625	0.00887551	NA	59957.0	50039.0	50.99735069743689	8.433e-13	0.348765	ret_elm_isos_left__sys_ibd_delange2017	sys_ibd_delange2017_to_ret_elm_isos_left	sys_ibd_delange2017	ret_elm_isos_left	True	False
rs1250573	0.098	0.0138	0.00417299	0.00666665	NA	59957.0	49949.0	50.43058181054401	1.107e-12	0.531348	ret_elm_isos_left__sys_ibd_delange2017	sys_ibd_delange2017_to_ret_elm_isos_left	sys_ibd_delange2017	ret_elm_isos_left	True	False
rs11669299	0.1107	0.0157	0.0021053	0.00783277	NA	59957.0	49920.0	49.715972250395566	1.836e-12	0.788098	ret_elm_isos_left__sys_ibd_delange2017	sys_ibd_delange2017_to_ret_elm_isos_left	sys_ibd_delange2017	ret_elm_isos_left	True	False
rs62324212	-0.0886	0.0127	0.00656387	0.0062932	NA	59957.0	50205.0	48.66984933969868	2.674e-12	0.296944	ret_elm_isos_left__sys_ibd_delange2017	sys_ibd_delange2017_to_ret_elm_isos_left	sys_ibd_delange2017	ret_elm_isos_left	True	False
rs1558619	0.0843	0.0123	0.00101871	0.00625887	NA	59957.0	50276.0	46.972635336109455	8.897e-12	0.870705	ret_elm_isos_left__sys_ibd_delange2017	sys_ibd_delange2017_to_ret_elm_isos_left	sys_ibd_delange2017	ret_elm_isos_left	True	False
rs194746	-0.0833	0.0124	-0.00362534	0.00624455	NA	59957.0	49831.0	45.12805671175858	1.836e-11	0.561537	ret_elm_isos_left__sys_ibd_delange2017	sys_ibd_delange2017_to_ret_elm_isos_left	sys_ibd_delange2017	ret_elm_isos_left	True	False
rs3897234	0.0971	0.0145	-0.00245379	0.00746462	NA	59957.0	50108.0	44.8438049940547	1.899e-11	0.742366	ret_elm_isos_left__sys_ibd_delange2017	sys_ibd_delange2017_to_ret_elm_isos_left	sys_ibd_delange2017	ret_elm_isos_left	True	False
rs34140409	0.1583	0.0237	-0.0105146	0.0112688	NA	59957.0	50344.0	44.61338104648472	2.284e-11	0.350781	ret_elm_isos_left__sys_ibd_delange2017	sys_ibd_delange2017_to_ret_elm_isos_left	sys_ibd_delange2017	ret_elm_isos_left	True	False
rs16940202	0.113	0.0169	0.0030939	0.00848957	NA	59957.0	50345.0	44.70781835369911	2.505e-11	0.715533	ret_elm_isos_left__sys_ibd_delange2017	sys_ibd_delange2017_to_ret_elm_isos_left	sys_ibd_delange2017	ret_elm_isos_left	True	False
rs1336900	0.0848	0.0128	0.00452416	0.00640541	NA	59957.0	50345.0	43.890625	2.984e-11	0.48	ret_elm_isos_left__sys_ibd_delange2017	sys_ibd_delange2017_to_ret_elm_isos_left	sys_ibd_delange2017	ret_elm_isos_left	True	False
rs1456896	-0.0879	0.0133	-0.00314822	0.00661016	NA	59957.0	50345.0	43.67917915088474	4.504e-11	0.633882	ret_elm_isos_left__sys_ibd_delange2017	sys_ibd_delange2017_to_ret_elm_isos_left	sys_ibd_delange2017	ret_elm_isos_left	True	False
rs76286777	0.0996	0.0151	0.0138181	0.00762033	NA	59957.0	50146.0	43.50756545765535	4.655e-11	0.0697826	ret_elm_isos_left__sys_ibd_delange2017	sys_ibd_delange2017_to_ret_elm_isos_left	sys_ibd_delange2017	ret_elm_isos_left	True	False
rs11548656	-0.2374	0.0362	-0.00876335	0.0167657	NA	59957.0	50345.0	43.00750892829888	5.184e-11	0.601187	ret_elm_isos_left__sys_ibd_delange2017	sys_ibd_delange2017_to_ret_elm_isos_left	sys_ibd_delange2017	ret_elm_isos_left	True	False
rs7543680	0.1001	0.0153	0.0019266	0.00766572	NA	59957.0	50039.0	42.804092443077444	5.508e-11	0.801562	ret_elm_isos_left__sys_ibd_delange2017	sys_ibd_delange2017_to_ret_elm_isos_left	sys_ibd_delange2017	ret_elm_isos_left	True	False
rs2529269	0.1042	0.0163	-0.00607391	0.0071391	NA	59957.0	47538.0	40.86582106966766	1.697e-10	0.394884	ret_elm_isos_left__sys_ibd_delange2017	sys_ibd_delange2017_to_ret_elm_isos_left	sys_ibd_delange2017	ret_elm_isos_left	True	False
rs3820330	0.0892	0.014	0.00757064	0.00679127	NA	59957.0	50111.0	40.59510204081632	1.722e-10	0.264953	ret_elm_isos_left__sys_ibd_delange2017	sys_ibd_delange2017_to_ret_elm_isos_left	sys_ibd_delange2017	ret_elm_isos_left	True	False
rs56235845	0.0877	0.0138	0.0128364	0.00670688	NA	59957.0	49307.0	40.38694601974375	1.771e-10	0.0556302	ret_elm_isos_left__sys_ibd_delange2017	sys_ibd_delange2017_to_ret_elm_isos_left	sys_ibd_delange2017	ret_elm_isos_left	True	False
rs10041497	0.0819	0.0129	0.0180989	0.00641394	NA	59957.0	50342.0	40.307733910221735	1.946e-10	0.00477544	ret_elm_isos_left__sys_ibd_delange2017	sys_ibd_delange2017_to_ret_elm_isos_left	sys_ibd_delange2017	ret_elm_isos_left	True	False
rs62408218	0.0818	0.0129	-0.00920801	0.00650118	NA	59957.0	50168.0	40.20936241812391	2.402e-10	0.15667	ret_elm_isos_left__sys_ibd_delange2017	sys_ibd_delange2017_to_ret_elm_isos_left	sys_ibd_delange2017	ret_elm_isos_left	True	False
rs243505	-0.0805	0.0128	-0.00934855	0.00643923	NA	59957.0	50145.0	39.55230712890625	3.038e-10	0.146554	ret_elm_isos_left__sys_ibd_delange2017	sys_ibd_delange2017_to_ret_elm_isos_left	sys_ibd_delange2017	ret_elm_isos_left	True	False
rs4276914	-0.0783	0.0125	-0.00441308	0.00624364	NA	59957.0	50338.0	39.23769599999999	3.154e-10	0.479684	ret_elm_isos_left__sys_ibd_delange2017	sys_ibd_delange2017_to_ret_elm_isos_left	sys_ibd_delange2017	ret_elm_isos_left	True	False
rs11209013	0.0773	0.0124	-0.00597958	0.00626111	NA	59957.0	50263.0	38.86114724245577	4.46e-10	0.33956	ret_elm_isos_left__sys_ibd_delange2017	sys_ibd_delange2017_to_ret_elm_isos_left	sys_ibd_delange2017	ret_elm_isos_left	True	False
rs62183956	0.078	0.0125	0.00571385	0.0062297	NA	59957.0	50175.0	38.93759999999999	4.489e-10	0.35904	ret_elm_isos_left__sys_ibd_delange2017	sys_ibd_delange2017_to_ret_elm_isos_left	sys_ibd_delange2017	ret_elm_isos_left	True	False
rs2301127	-0.0783	0.0126	0.00254149	0.00631017	NA	59957.0	49463.0	38.6173469387755	4.961e-10	0.687124	ret_elm_isos_left__sys_ibd_delange2017	sys_ibd_delange2017_to_ret_elm_isos_left	sys_ibd_delange2017	ret_elm_isos_left	True	False
rs56116661	0.1	0.0163	-0.00749951	0.00785388	NA	59957.0	49527.0	37.63784862057286	9.271e-10	0.339638	ret_elm_isos_left__sys_ibd_delange2017	sys_ibd_delange2017_to_ret_elm_isos_left	sys_ibd_delange2017	ret_elm_isos_left	True	False
rs12136659	0.087	0.0142	0.013573	0.00725693	NA	59957.0	48475.0	37.53719500099186	1.02e-09	0.0614348	ret_elm_isos_left__sys_ibd_delange2017	sys_ibd_delange2017_to_ret_elm_isos_left	sys_ibd_delange2017	ret_elm_isos_left	True	False
rs140933577	-0.1857	0.0305	-0.0192461	0.0164093	NA	59957.0	48552.0	37.070131685030915	1.13e-09	0.240843	ret_elm_isos_left__sys_ibd_delange2017	sys_ibd_delange2017_to_ret_elm_isos_left	sys_ibd_delange2017	ret_elm_isos_left	True	False
rs111456533	0.1031	0.017	0.0200107	0.00847336	NA	59957.0	50199.0	36.780657439446365	1.179e-09	0.0181963	ret_elm_isos_left__sys_ibd_delange2017	sys_ibd_delange2017_to_ret_elm_isos_left	sys_ibd_delange2017	ret_elm_isos_left	True	False
rs7256518	0.1665	0.0276	0.0148141	0.0136658	NA	59957.0	49356.0	36.392367674858235	1.632e-09	0.278351	ret_elm_isos_left__sys_ibd_delange2017	sys_ibd_delange2017_to_ret_elm_isos_left	sys_ibd_delange2017	ret_elm_isos_left	True	False
rs2593855	0.0832	0.014	0.0113624	0.00660882	NA	59957.0	49971.0	35.31755102040815	2.541e-09	0.0855634	ret_elm_isos_left__sys_ibd_delange2017	sys_ibd_delange2017_to_ret_elm_isos_left	sys_ibd_delange2017	ret_elm_isos_left	True	False
rs11195128	-0.0792	0.0133	-0.00420259	0.00660405	NA	59957.0	49694.0	35.46068177963708	2.744e-09	0.524538	ret_elm_isos_left__sys_ibd_delange2017	sys_ibd_delange2017_to_ret_elm_isos_left	sys_ibd_delange2017	ret_elm_isos_left	True	False
rs7532133	0.0789	0.0134	0.0108349	0.00670868	NA	59957.0	50318.0	34.66924704834039	3.832e-09	0.106299	ret_elm_isos_left__sys_ibd_delange2017	sys_ibd_delange2017_to_ret_elm_isos_left	sys_ibd_delange2017	ret_elm_isos_left	True	False
rs6933404	0.0863	0.0149	0.00338667	0.00763192	NA	59957.0	49485.0	33.546642043151216	6.641e-09	0.657223	ret_elm_isos_left__sys_ibd_delange2017	sys_ibd_delange2017_to_ret_elm_isos_left	sys_ibd_delange2017	ret_elm_isos_left	True	False
rs78771661	0.3848	0.0669	-0.0174257	0.0224886	NA	59957.0	50345.0	33.08399078561357	8.949e-09	0.438418	ret_elm_isos_left__sys_ibd_delange2017	sys_ibd_delange2017_to_ret_elm_isos_left	sys_ibd_delange2017	ret_elm_isos_left	True	False
rs212402	0.0743	0.013	0.0123428	0.00659064	NA	59957.0	49183.0	32.66562130177516	1.059e-08	0.0610979	ret_elm_isos_left__sys_ibd_delange2017	sys_ibd_delange2017_to_ret_elm_isos_left	sys_ibd_delange2017	ret_elm_isos_left	True	False
rs4256018	0.0786	0.0138	0.00641616	0.00701106	NA	59957.0	50223.0	32.440453686200385	1.23e-08	0.360113	ret_elm_isos_left__sys_ibd_delange2017	sys_ibd_delange2017_to_ret_elm_isos_left	sys_ibd_delange2017	ret_elm_isos_left	True	False
rs7918084	-0.071	0.0125	-0.00139089	0.00630458	NA	59957.0	49816.0	32.262399999999985	1.383e-08	0.825392	ret_elm_isos_left__sys_ibd_delange2017	sys_ibd_delange2017_to_ret_elm_isos_left	sys_ibd_delange2017	ret_elm_isos_left	True	False
rs938650	0.1074	0.0189	-0.000372124	0.00934169	NA	59957.0	50203.0	32.29125724363819	1.413e-08	0.968225	ret_elm_isos_left__sys_ibd_delange2017	sys_ibd_delange2017_to_ret_elm_isos_left	sys_ibd_delange2017	ret_elm_isos_left	True	False
rs341295	-0.0702	0.0124	-0.00128774	0.00636544	NA	59957.0	48557.0	32.050208116545264	1.451e-08	0.839681	ret_elm_isos_left__sys_ibd_delange2017	sys_ibd_delange2017_to_ret_elm_isos_left	sys_ibd_delange2017	ret_elm_isos_left	True	False
rs5763793	-0.0734	0.013	0.0151989	0.00652294	NA	59957.0	50188.0	31.879053254437874	1.467e-08	0.0198028	ret_elm_isos_left__sys_ibd_delange2017	sys_ibd_delange2017_to_ret_elm_isos_left	sys_ibd_delange2017	ret_elm_isos_left	True	False
rs62482552	0.0737	0.0131	-0.00195072	0.00658792	NA	59957.0	46780.0	31.651360643319155	1.971e-08	0.76715	ret_elm_isos_left__sys_ibd_delange2017	sys_ibd_delange2017_to_ret_elm_isos_left	sys_ibd_delange2017	ret_elm_isos_left	True	False
rs7190426	-0.0872	0.0155	0.00925266	0.00780068	NA	59957.0	50216.0	31.649698231009367	2.057e-08	0.235569	ret_elm_isos_left__sys_ibd_delange2017	sys_ibd_delange2017_to_ret_elm_isos_left	sys_ibd_delange2017	ret_elm_isos_left	True	False
rs72852162	-0.1129	0.0202	0.00414447	0.010221	NA	59957.0	49107.0	31.238138417802176	2.298e-08	0.685121	ret_elm_isos_left__sys_ibd_delange2017	sys_ibd_delange2017_to_ret_elm_isos_left	sys_ibd_delange2017	ret_elm_isos_left	True	False
rs11221335	0.0827	0.0148	-0.0063179	0.0076267	NA	59957.0	50199.0	31.22393170197224	2.44e-08	0.407449	ret_elm_isos_left__sys_ibd_delange2017	sys_ibd_delange2017_to_ret_elm_isos_left	sys_ibd_delange2017	ret_elm_isos_left	True	False
rs13422838	-0.1143	0.0205	-0.00125608	0.0100219	NA	59957.0	50127.0	31.0874241522903	2.557e-08	0.90026	ret_elm_isos_left__sys_ibd_delange2017	sys_ibd_delange2017_to_ret_elm_isos_left	sys_ibd_delange2017	ret_elm_isos_left	True	False
rs503734	-0.0692	0.0124	-0.0236808	0.00627266	NA	59957.0	49876.0	31.143600416233095	2.674e-08	0.000159853	ret_elm_isos_left__sys_ibd_delange2017	sys_ibd_delange2017_to_ret_elm_isos_left	sys_ibd_delange2017	ret_elm_isos_left	True	False
rs112936798	-0.1844	0.0332	-0.00197524	0.0186782	NA	59957.0	50345.0	30.84932501088692	2.889e-08	0.91578	ret_elm_isos_left__sys_ibd_delange2017	sys_ibd_delange2017_to_ret_elm_isos_left	sys_ibd_delange2017	ret_elm_isos_left	True	False
rs149169037	0.1338	0.0242	-0.00548178	0.0110288	NA	59957.0	49672.0	30.56901850966464	3.261e-08	0.619158	ret_elm_isos_left__sys_ibd_delange2017	sys_ibd_delange2017_to_ret_elm_isos_left	sys_ibd_delange2017	ret_elm_isos_left	True	False
rs11768365	-0.0837	0.0152	-0.00246065	0.00744465	NA	59957.0	50238.0	30.32241170360111	3.879e-08	0.741003	ret_elm_isos_left__sys_ibd_delange2017	sys_ibd_delange2017_to_ret_elm_isos_left	sys_ibd_delange2017	ret_elm_isos_left	True	False
rs11734570	-0.0694	0.0127	-0.00753553	0.00643528	NA	59957.0	49560.0	29.86149172298345	4.801e-08	0.24161	ret_elm_isos_left__sys_ibd_delange2017	sys_ibd_delange2017_to_ret_elm_isos_left	sys_ibd_delange2017	ret_elm_isos_left	True	False
rs3138142	0.11003	0.00740092	0.013291	0.0133091	0.239927	50232.0	184305.0	221.02978764302117	5.38775e-50	0.3179683	ret_isos_rpe_left__sys_cad_nikpay2015	ret_isos_rpe_left_to_sys_cad_nikpay2015	ret_isos_rpe_left	sys_cad_nikpay2015	False	True
rs7073076	0.0932771	0.00633405	0.013452	0.009266	0.460197	50361.0	184305.0	216.86381629763295	4.3698e-49	0.1465665	ret_isos_rpe_left__sys_cad_nikpay2015	ret_isos_rpe_left_to_sys_cad_nikpay2015	ret_isos_rpe_left	sys_cad_nikpay2015	False	True
rs3825991	0.091597	0.00644067	-0.000666	0.0091932	0.475027	48892.0	184305.0	202.25552963545366	6.72343e-46	0.9422477	ret_isos_rpe_left__sys_cad_nikpay2015	ret_isos_rpe_left_to_sys_cad_nikpay2015	ret_isos_rpe_left	sys_cad_nikpay2015	False	True
rs7564805	-0.195234	0.0145461	0.004851	0.0201255	0.0495957	50579.0	184305.0	180.14315590409257	4.51099e-41	0.8095258	ret_isos_rpe_left__sys_cad_nikpay2015	ret_isos_rpe_left_to_sys_cad_nikpay2015	ret_isos_rpe_left	sys_cad_nikpay2015	False	True
rs111812808	-0.0814712	0.00664875	-0.008384	0.0101285	0.342848	50534.0	184305.0	150.15099678106282	1.60686e-34	0.4078026	ret_isos_rpe_left__sys_cad_nikpay2015	ret_isos_rpe_left_to_sys_cad_nikpay2015	ret_isos_rpe_left	sys_cad_nikpay2015	False	True
rs1329428	0.0768875	0.00640598	-0.022171	0.0092182	0.404209	50579.0	184305.0	144.0589759372377	3.44901e-33	0.0161661	ret_isos_rpe_left__sys_cad_nikpay2015	ret_isos_rpe_left_to_sys_cad_nikpay2015	ret_isos_rpe_left	sys_cad_nikpay2015	False	True
rs6077977	0.0731273	0.00628836	0.004425	0.0092051	0.483324	50551.0	184305.0	135.23349882663763	2.93514e-31	0.6307221	ret_isos_rpe_left__sys_cad_nikpay2015	ret_isos_rpe_left_to_sys_cad_nikpay2015	ret_isos_rpe_left	sys_cad_nikpay2015	False	True
rs142963458	-0.201529	0.0184334	0.005107	0.0299161	0.0310464	49426.0	184305.0	119.5265007367418	8.03013e-28	0.8644512	ret_isos_rpe_left__sys_cad_nikpay2015	ret_isos_rpe_left_to_sys_cad_nikpay2015	ret_isos_rpe_left	sys_cad_nikpay2015	False	True
rs2149036	-0.0813903	0.00757449	-0.005659	0.0121837	0.222205	50557.0	184305.0	115.46184831603676	6.23492e-27	0.6423087	ret_isos_rpe_left__sys_cad_nikpay2015	ret_isos_rpe_left_to_sys_cad_nikpay2015	ret_isos_rpe_left	sys_cad_nikpay2015	False	True
rs57819090	0.098223	0.00955814	0.00141	0.01293	0.126186	50065.0	184305.0	105.60381660536117	9.00513e-25	0.9131636	ret_isos_rpe_left__sys_cad_nikpay2015	ret_isos_rpe_left_to_sys_cad_nikpay2015	ret_isos_rpe_left	sys_cad_nikpay2015	False	True
rs1800407	0.116996	0.0113867	0.031038	0.0206577	0.0831373	50579.0	184305.0	105.57139744565195	9.1513e-25	0.1329714	ret_isos_rpe_left__sys_cad_nikpay2015	ret_isos_rpe_left_to_sys_cad_nikpay2015	ret_isos_rpe_left	sys_cad_nikpay2015	False	True
rs3806709	-0.0913212	0.00897917	-0.000908	0.0129343	0.146857	49984.0	184305.0	103.43578894452067	2.68989e-24	0.9440338	ret_isos_rpe_left__sys_cad_nikpay2015	ret_isos_rpe_left_to_sys_cad_nikpay2015	ret_isos_rpe_left	sys_cad_nikpay2015	False	True
rs7519368	-0.0717639	0.00707765	-0.000926	0.0114146	0.273678	50278.0	184305.0	102.80965458340519	3.68933e-24	0.9353433	ret_isos_rpe_left__sys_cad_nikpay2015	ret_isos_rpe_left_to_sys_cad_nikpay2015	ret_isos_rpe_left	sys_cad_nikpay2015	False	True
rs6415994	-0.0673214	0.00687425	-0.011742	0.0107129	0.30867	49898.0	184305.0	95.90817633491791	1.20334e-22	0.2730506	ret_isos_rpe_left__sys_cad_nikpay2015	ret_isos_rpe_left_to_sys_cad_nikpay2015	ret_isos_rpe_left	sys_cad_nikpay2015	False	True
rs9381202	-0.0664895	0.00679001	0.014355	0.0101502	0.313789	50561.0	184305.0	95.88823095166478	1.21559e-22	0.1572855	ret_isos_rpe_left__sys_cad_nikpay2015	ret_isos_rpe_left_to_sys_cad_nikpay2015	ret_isos_rpe_left	sys_cad_nikpay2015	False	True
rs9669831	-0.0615227	0.00635877	0.007126	0.009946	0.484304	49568.0	184305.0	93.6104946902419	3.84121e-22	0.4737001	ret_isos_rpe_left__sys_cad_nikpay2015	ret_isos_rpe_left_to_sys_cad_nikpay2015	ret_isos_rpe_left	sys_cad_nikpay2015	False	True
rs60401382	-0.0729692	0.00755273	-0.012747	0.0105173	0.227426	50025.0	184305.0	93.34074238073102	4.40199e-22	0.2255131	ret_isos_rpe_left__sys_cad_nikpay2015	ret_isos_rpe_left_to_sys_cad_nikpay2015	ret_isos_rpe_left	sys_cad_nikpay2015	False	True
rs1864251	0.100972	0.0108724	0.031044	0.0145713	0.0929322	50327.0	184305.0	86.24840521728794	1.58737e-20	0.0331316	ret_isos_rpe_left__sys_cad_nikpay2015	ret_isos_rpe_left_to_sys_cad_nikpay2015	ret_isos_rpe_left	sys_cad_nikpay2015	False	True
rs2326838	-0.060486	0.00657782	-0.002788	0.0103001	0.36303	50522.0	184305.0	84.55625899053415	3.73443e-20	0.7866393	ret_isos_rpe_left__sys_cad_nikpay2015	ret_isos_rpe_left_to_sys_cad_nikpay2015	ret_isos_rpe_left	sys_cad_nikpay2015	False	True
rs2080402	-0.0583048	0.0063632	-0.00849	0.0095223	0.440555	50198.0	184305.0	83.95710843068032	5.05624e-20	0.3726127	ret_isos_rpe_left__sys_cad_nikpay2015	ret_isos_rpe_left_to_sys_cad_nikpay2015	ret_isos_rpe_left	sys_cad_nikpay2015	False	True
rs1581836	0.0614194	0.00684097	0.00474	0.0102306	0.311583	50314.0	184305.0	80.60755853206224	2.75325e-19	0.6431368	ret_isos_rpe_left__sys_cad_nikpay2015	ret_isos_rpe_left_to_sys_cad_nikpay2015	ret_isos_rpe_left	sys_cad_nikpay2015	False	True
rs348882	-0.0680439	0.00775598	-0.013447	0.0110594	0.210455	50436.0	184305.0	76.9670842172767	1.73825e-18	0.2240272	ret_isos_rpe_left__sys_cad_nikpay2015	ret_isos_rpe_left_to_sys_cad_nikpay2015	ret_isos_rpe_left	sys_cad_nikpay2015	False	True
rs1964242	0.066425	0.00812733	-0.022633	0.0127442	0.18638	50491.0	184305.0	66.79859655187924	3.00702e-16	0.0757423	ret_isos_rpe_left__sys_cad_nikpay2015	ret_isos_rpe_left_to_sys_cad_nikpay2015	ret_isos_rpe_left	sys_cad_nikpay2015	False	True
rs12574286	-0.0618022	0.00772715	-0.024276	0.0111756	0.211365	50226.0	184305.0	63.96894445146135	1.26396e-15	0.0298386	ret_isos_rpe_left__sys_cad_nikpay2015	ret_isos_rpe_left_to_sys_cad_nikpay2015	ret_isos_rpe_left	sys_cad_nikpay2015	False	True
rs11125168	-0.0484239	0.00633137	0.033256	0.009392	0.451782	50531.0	184305.0	58.495726606868566	2.03741e-14	0.0003988	ret_isos_rpe_left__sys_cad_nikpay2015	ret_isos_rpe_left_to_sys_cad_nikpay2015	ret_isos_rpe_left	sys_cad_nikpay2015	False	True
rs6728947	0.0495707	0.00651501	-0.018663	0.0098471	0.389921	49796.0	184305.0	57.89218351729078	2.76872e-14	0.0580557	ret_isos_rpe_left__sys_cad_nikpay2015	ret_isos_rpe_left_to_sys_cad_nikpay2015	ret_isos_rpe_left	sys_cad_nikpay2015	False	True
rs4794029	-0.0487242	0.00683527	0.029817	0.0104055	0.317323	50050.0	184305.0	50.813380178955455	1.01583e-12	0.0041633	ret_isos_rpe_left__sys_cad_nikpay2015	ret_isos_rpe_left_to_sys_cad_nikpay2015	ret_isos_rpe_left	sys_cad_nikpay2015	False	True
rs7828	-0.0463127	0.00674022	0.023018	0.0102121	0.328309	50122.0	184305.0	47.21196293019387	6.37115e-12	0.0241966	ret_isos_rpe_left__sys_cad_nikpay2015	ret_isos_rpe_left_to_sys_cad_nikpay2015	ret_isos_rpe_left	sys_cad_nikpay2015	False	True
rs11587687	0.0436378	0.00635396	0.008653	0.0092953	0.442692	50482.0	184305.0	47.16683575385493	6.5197e-12	0.351904	ret_isos_rpe_left__sys_cad_nikpay2015	ret_isos_rpe_left_to_sys_cad_nikpay2015	ret_isos_rpe_left	sys_cad_nikpay2015	False	True
rs72637739	-0.0521299	0.00765858	-0.027303	0.0115276	0.215781	50579.0	184305.0	46.33159774585977	9.984e-12	0.0178607	ret_isos_rpe_left__sys_cad_nikpay2015	ret_isos_rpe_left_to_sys_cad_nikpay2015	ret_isos_rpe_left	sys_cad_nikpay2015	False	True
rs11230527	-0.056188	0.00828848	0.003478	0.0117275	0.181594	49206.0	184305.0	45.95548562427088	1.20968e-11	0.7667956	ret_isos_rpe_left__sys_cad_nikpay2015	ret_isos_rpe_left_to_sys_cad_nikpay2015	ret_isos_rpe_left	sys_cad_nikpay2015	False	True
rs111466394	0.057411	0.00849454	-0.027246	0.0124857	0.165879	50133.0	184305.0	45.67835881689165	1.39356e-11	0.0290963	ret_isos_rpe_left__sys_cad_nikpay2015	ret_isos_rpe_left_to_sys_cad_nikpay2015	ret_isos_rpe_left	sys_cad_nikpay2015	False	True
rs11433	-0.0426756	0.00637835	0.005787	0.0097037	0.437932	50388.0	184305.0	44.7654112197696	2.22108e-11	0.5509287	ret_isos_rpe_left__sys_cad_nikpay2015	ret_isos_rpe_left_to_sys_cad_nikpay2015	ret_isos_rpe_left	sys_cad_nikpay2015	False	True
rs113100410	-0.0791267	0.0122322	0.0226	0.0208609	0.0714032	50579.0	184305.0	41.84436299290786	9.88231e-11	0.2786454	ret_isos_rpe_left__sys_cad_nikpay2015	ret_isos_rpe_left_to_sys_cad_nikpay2015	ret_isos_rpe_left	sys_cad_nikpay2015	False	True
rs56351888	-0.0538697	0.00839038	0.015254	0.0130234	0.167863	50574.0	184305.0	41.221695703311944	1.35908e-10	0.2414873	ret_isos_rpe_left__sys_cad_nikpay2015	ret_isos_rpe_left_to_sys_cad_nikpay2015	ret_isos_rpe_left	sys_cad_nikpay2015	False	True
rs556679	0.0610559	0.00977862	-0.007598	0.0167026	0.118738	50447.0	184305.0	38.98523311594313	4.27015e-10	0.649182	ret_isos_rpe_left__sys_cad_nikpay2015	ret_isos_rpe_left_to_sys_cad_nikpay2015	ret_isos_rpe_left	sys_cad_nikpay2015	False	True
rs72886128	0.0426198	0.00693546	0.001093	0.0101795	0.302639	49721.0	184305.0	37.76350290181469	7.98613e-10	0.9144934	ret_isos_rpe_left__sys_cad_nikpay2015	ret_isos_rpe_left_to_sys_cad_nikpay2015	ret_isos_rpe_left	sys_cad_nikpay2015	False	True
rs9556964	0.0414557	0.00675588	-0.003427	0.0095994	0.324381	50171.0	184305.0	37.65343935536674	8.44956e-10	0.7210918	ret_isos_rpe_left__sys_cad_nikpay2015	ret_isos_rpe_left_to_sys_cad_nikpay2015	ret_isos_rpe_left	sys_cad_nikpay2015	False	True
rs6778948	-0.0436189	0.00735795	-0.016474	0.0108682	0.242678	50567.0	184305.0	35.14275086344822	3.064e-09	0.1295708	ret_isos_rpe_left__sys_cad_nikpay2015	ret_isos_rpe_left_to_sys_cad_nikpay2015	ret_isos_rpe_left	sys_cad_nikpay2015	False	True
rs12449582	-0.0476238	0.00803761	-0.001905	0.0125128	0.190569	50491.0	184305.0	35.10704146613112	3.12073e-09	0.8789948	ret_isos_rpe_left__sys_cad_nikpay2015	ret_isos_rpe_left_to_sys_cad_nikpay2015	ret_isos_rpe_left	sys_cad_nikpay2015	False	True
rs6771073	-0.0652426	0.0111304	-0.030573	0.0167906	0.0886063	50335.0	184305.0	34.35903640147949	4.58301e-09	0.0686311	ret_isos_rpe_left__sys_cad_nikpay2015	ret_isos_rpe_left_to_sys_cad_nikpay2015	ret_isos_rpe_left	sys_cad_nikpay2015	False	True
rs56124905	-0.0475216	0.00813608	-0.023331	0.0121804	0.18623	50239.0	184305.0	34.115495888868644	5.19378e-09	0.0554353	ret_isos_rpe_left__sys_cad_nikpay2015	ret_isos_rpe_left_to_sys_cad_nikpay2015	ret_isos_rpe_left	sys_cad_nikpay2015	False	True
rs7588399	0.0498361	0.00858829	0.004132	0.0135046	0.169902	48522.0	184305.0	33.67244836500697	6.52194e-09	0.7596278	ret_isos_rpe_left__sys_cad_nikpay2015	ret_isos_rpe_left_to_sys_cad_nikpay2015	ret_isos_rpe_left	sys_cad_nikpay2015	False	True
rs250346	-0.0369409	0.00643839	0.005872	0.0097396	0.474364	48623.0	184305.0	32.92004223915607	9.60289e-09	0.5465743	ret_isos_rpe_left__sys_cad_nikpay2015	ret_isos_rpe_left_to_sys_cad_nikpay2015	ret_isos_rpe_left	sys_cad_nikpay2015	False	True
rs10793567	-0.0404605	0.00706578	-0.008526	0.009783	0.284993	49703.0	184305.0	32.79006431304314	1.02669e-08	0.3834758	ret_isos_rpe_left__sys_cad_nikpay2015	ret_isos_rpe_left_to_sys_cad_nikpay2015	ret_isos_rpe_left	sys_cad_nikpay2015	False	True
rs817741	0.0359688	0.00629508	-0.003849	0.0120131	0.507889	50579.0	184305.0	32.64745942219801	1.10483e-08	0.7486659	ret_isos_rpe_left__sys_cad_nikpay2015	ret_isos_rpe_left_to_sys_cad_nikpay2015	ret_isos_rpe_left	sys_cad_nikpay2015	False	True
rs111791023	-0.0469777	0.00823713	-0.00664	0.013333	0.18078	50390.0	184305.0	32.52607506987281	1.17599e-08	0.6184747	ret_isos_rpe_left__sys_cad_nikpay2015	ret_isos_rpe_left_to_sys_cad_nikpay2015	ret_isos_rpe_left	sys_cad_nikpay2015	False	True
rs749523	-0.0382048	0.00681033	-0.00563	0.00982	0.314484	50055.0	184305.0	31.470203264985624	2.02534e-08	0.5664264	ret_isos_rpe_left__sys_cad_nikpay2015	ret_isos_rpe_left_to_sys_cad_nikpay2015	ret_isos_rpe_left	sys_cad_nikpay2015	False	True
rs2891168	-0.193401	0.0091877	0.0011703	0.00631167	0.511332	184305.0	50555.0	443.1021105119655	2.29e-98	0.852901	ret_isos_rpe_left__sys_cad_nikpay2015	sys_cad_nikpay2015_to_ret_isos_rpe_left	sys_cad_nikpay2015	ret_isos_rpe_left	True	False
rs9349379	-0.131836	0.0096527	0.00766498	0.00643919	0.568394	184305.0	50579.0	186.5393322937254	1.81e-42	0.233904	ret_isos_rpe_left__sys_cad_nikpay2015	sys_cad_nikpay2015_to_ret_isos_rpe_left	sys_cad_nikpay2015	ret_isos_rpe_left	True	False
rs55730499	-0.316641	0.0242403	0.000679453	0.0116167	0.943757	184305.0	50513.0	170.631149325991	5.39e-39	0.953359	ret_isos_rpe_left__sys_cad_nikpay2015	sys_cad_nikpay2015_to_ret_isos_rpe_left	sys_cad_nikpay2015	ret_isos_rpe_left	True	False
rs7528419	0.11453	0.011482	0.00412037	0.00759339	0.78582	184305.0	50579.0	99.49549943458682	1.97e-23	0.587387	ret_isos_rpe_left__sys_cad_nikpay2015	sys_cad_nikpay2015_to_ret_isos_rpe_left	sys_cad_nikpay2015	ret_isos_rpe_left	True	False
rs115654617	-0.137846	0.0158314	0.0132125	0.00944318	0.893038	184305.0	50579.0	75.8140491677371	3.12e-18	0.161766	ret_isos_rpe_left__sys_cad_nikpay2015	sys_cad_nikpay2015_to_ret_isos_rpe_left	sys_cad_nikpay2015	ret_isos_rpe_left	True	False
rs4468572	0.077234	0.0095277	0.0165219	0.00642794	0.585831	184305.0	49837.0	65.71142838249757	4.44e-16	0.0101601	ret_isos_rpe_left__sys_cad_nikpay2015	sys_cad_nikpay2015_to_ret_isos_rpe_left	sys_cad_nikpay2015	ret_isos_rpe_left	True	False
rs10080815	-0.246627	0.0308579	0.0347721	0.0226134	0.972442	184305.0	50579.0	63.87758752148254	1.33e-15	0.124128	ret_isos_rpe_left__sys_cad_nikpay2015	sys_cad_nikpay2015_to_ret_isos_rpe_left	sys_cad_nikpay2015	ret_isos_rpe_left	True	False
rs28451064	-0.127571	0.015952	-0.00605336	0.00977344	0.878814	184305.0	48633.0	63.954872551612944	1.33e-15	0.535674	ret_isos_rpe_left__sys_cad_nikpay2015	sys_cad_nikpay2015_to_ret_isos_rpe_left	sys_cad_nikpay2015	ret_isos_rpe_left	True	False
rs56289821	0.13361	0.0170415	-0.0046648	0.00962515	0.899622	184305.0	50577.0	61.46986936967773	4.44e-15	0.627927	ret_isos_rpe_left__sys_cad_nikpay2015	sys_cad_nikpay2015_to_ret_isos_rpe_left	sys_cad_nikpay2015	ret_isos_rpe_left	True	False
rs1870634	0.075878	0.0097113	0.00902107	0.0066914	0.637485	184305.0	50525.0	61.048782809156116	5.55e-15	0.177607	ret_isos_rpe_left__sys_cad_nikpay2015	sys_cad_nikpay2015_to_ret_isos_rpe_left	sys_cad_nikpay2015	ret_isos_rpe_left	True	False
rs9970807	0.12575	0.016695	0.00146531	0.0109908	0.915097	184305.0	50523.0	56.73396555594931	5e-14	0.893939	ret_isos_rpe_left__sys_cad_nikpay2015	sys_cad_nikpay2015_to_ret_isos_rpe_left	sys_cad_nikpay2015	ret_isos_rpe_left	True	False
rs1412444	-0.066812	0.0096809	0.00921184	0.00667342	0.630869	184305.0	50579.0	47.6296594989335	5.15e-12	0.16747	ret_isos_rpe_left__sys_cad_nikpay2015	sys_cad_nikpay2015_to_ret_isos_rpe_left	sys_cad_nikpay2015	ret_isos_rpe_left	True	False
rs2519093	-0.079704	0.0117524	-0.00457454	0.0080625	0.809128	184305.0	50542.0	45.99462746279435	1.19e-11	0.570453	ret_isos_rpe_left__sys_cad_nikpay2015	sys_cad_nikpay2015_to_ret_isos_rpe_left	sys_cad_nikpay2015	ret_isos_rpe_left	True	False
rs12202017	0.066813	0.0099612	-0.00115805	0.00696243	0.699953	184305.0	50275.0	44.988200858289325	1.98e-11	0.867898	ret_isos_rpe_left__sys_cad_nikpay2015	sys_cad_nikpay2015_to_ret_isos_rpe_left	sys_cad_nikpay2015	ret_isos_rpe_left	True	False
rs2487928	-0.062633	0.0095049	-0.0118612	0.00643755	0.581779	184305.0	49498.0	43.42215007492742	4.41e-11	0.0654027	ret_isos_rpe_left__sys_cad_nikpay2015	sys_cad_nikpay2015_to_ret_isos_rpe_left	sys_cad_nikpay2015	ret_isos_rpe_left	True	False
rs2681472	-0.074114	0.0113331	0.0201132	0.00842421	0.798694	184305.0	50579.0	42.76643652718264	6.17e-11	0.0169611	ret_isos_rpe_left__sys_cad_nikpay2015	sys_cad_nikpay2015_to_ret_isos_rpe_left	sys_cad_nikpay2015	ret_isos_rpe_left	True	False
rs2128739	-0.065565	0.0100568	-0.00471768	0.00704714	0.676464	184305.0	50346.0	42.50348143656117	7.05e-11	0.503211	ret_isos_rpe_left__sys_cad_nikpay2015	sys_cad_nikpay2015_to_ret_isos_rpe_left	sys_cad_nikpay2015	ret_isos_rpe_left	True	False
rs4420638	-0.091906	0.0140977	-0.016283	0.00807486	0.833964	184305.0	50579.0	42.50022220001871	7.07e-11	0.0437475	ret_isos_rpe_left__sys_cad_nikpay2015	sys_cad_nikpay2015_to_ret_isos_rpe_left	sys_cad_nikpay2015	ret_isos_rpe_left	True	False
rs2107595	-0.073415	0.0112951	0.0204108	0.00881881	0.79953	184305.0	50231.0	42.24637461186516	8.05e-11	0.0206427	ret_isos_rpe_left__sys_cad_nikpay2015	sys_cad_nikpay2015_to_ret_isos_rpe_left	sys_cad_nikpay2015	ret_isos_rpe_left	True	False
rs11838776	-0.068566	0.0107552	-0.000485118	0.00718125	0.736723	184305.0	48814.0	40.642521779048685	1.83e-10	0.946141	ret_isos_rpe_left__sys_cad_nikpay2015	sys_cad_nikpay2015_to_ret_isos_rpe_left	sys_cad_nikpay2015	ret_isos_rpe_left	True	False
rs3918226	-0.133315	0.0221275	-0.0163825	0.0118643	0.935485	184305.0	49743.0	36.29888919993962	1.69e-09	0.167335	ret_isos_rpe_left__sys_cad_nikpay2015	sys_cad_nikpay2015_to_ret_isos_rpe_left	sys_cad_nikpay2015	ret_isos_rpe_left	True	False
rs6689306	-0.056012	0.0094061	-0.0110022	0.0066575	0.552455	184305.0	47062.0	35.460346672296524	2.6e-09	0.0984118	ret_isos_rpe_left__sys_cad_nikpay2015	sys_cad_nikpay2015_to_ret_isos_rpe_left	sys_cad_nikpay2015	ret_isos_rpe_left	True	False
rs1199338	-0.073596	0.0124987	-0.00110316	0.00859845	0.838134	184305.0	50335.0	34.67198718072137	3.9e-09	0.897913	ret_isos_rpe_left__sys_cad_nikpay2015	sys_cad_nikpay2015_to_ret_isos_rpe_left	sys_cad_nikpay2015	ret_isos_rpe_left	True	False
rs56062135	0.069743	0.0118937	-0.014078	0.00741473	0.794271	184305.0	50466.0	34.38486230152041	4.52e-09	0.0576099	ret_isos_rpe_left__sys_cad_nikpay2015	sys_cad_nikpay2015_to_ret_isos_rpe_left	sys_cad_nikpay2015	ret_isos_rpe_left	True	False
rs11191416	0.079249	0.0135252	0.0305774	0.01125	0.87253	184305.0	50567.0	34.33208585752941	4.65e-09	0.00656792	ret_isos_rpe_left__sys_cad_nikpay2015	sys_cad_nikpay2015_to_ret_isos_rpe_left	sys_cad_nikpay2015	ret_isos_rpe_left	True	False
rs10840293	0.054714	0.009619	0.00815982	0.00641898	0.549821	184305.0	49490.0	32.35467805346482	1.28e-08	0.203657	ret_isos_rpe_left__sys_cad_nikpay2015	sys_cad_nikpay2015_to_ret_isos_rpe_left	sys_cad_nikpay2015	ret_isos_rpe_left	True	False
rs16986953	-0.08516	0.0150265	0.0125497	0.0127116	0.895294	184305.0	50136.0	32.11852806644818	1.45e-08	0.323513	ret_isos_rpe_left__sys_cad_nikpay2015	sys_cad_nikpay2015_to_ret_isos_rpe_left	sys_cad_nikpay2015	ret_isos_rpe_left	True	False
rs56336142	0.066813	0.0118763	-0.00112854	0.00780495	0.807262	184305.0	49714.0	31.648973320949015	1.85e-08	0.885033	ret_isos_rpe_left__sys_cad_nikpay2015	sys_cad_nikpay2015_to_ret_isos_rpe_left	sys_cad_nikpay2015	ret_isos_rpe_left	True	False
rs663129	-0.058163	0.0105173	-0.0120684	0.00742837	0.743165	184305.0	50573.0	30.583351330344364	3.2e-08	0.104242	ret_isos_rpe_left__sys_cad_nikpay2015	sys_cad_nikpay2015_to_ret_isos_rpe_left	sys_cad_nikpay2015	ret_isos_rpe_left	True	False
rs17087335	-0.060764	0.0111159	0.00999823	0.00809866	0.785363	184305.0	50314.0	29.88157247129896	4.59e-08	0.216997	ret_isos_rpe_left__sys_cad_nikpay2015	sys_cad_nikpay2015_to_ret_isos_rpe_left	sys_cad_nikpay2015	ret_isos_rpe_left	True	False
rs3138142	0.11003	0.00740092	0.0169	0.0135	0.239927	50232.0	440328.0	221.02978764302117	5.38775e-50	0.2114	ret_isos_rpe_left__sys_stroke_megastroke2018	ret_isos_rpe_left_to_sys_stroke_megastroke2018	ret_isos_rpe_left	sys_stroke_megastroke2018	False	True
rs7073076	0.0932771	0.00633405	-0.0152	0.01	0.460197	50361.0	440328.0	216.86381629763295	4.3698e-49	0.1264	ret_isos_rpe_left__sys_stroke_megastroke2018	ret_isos_rpe_left_to_sys_stroke_megastroke2018	ret_isos_rpe_left	sys_stroke_megastroke2018	False	True
rs3825991	0.091597	0.00644067	0.0126	0.01	0.475027	48892.0	440328.0	202.25552963545366	6.72343e-46	0.2072	ret_isos_rpe_left__sys_stroke_megastroke2018	ret_isos_rpe_left_to_sys_stroke_megastroke2018	ret_isos_rpe_left	sys_stroke_megastroke2018	False	True
rs7564805	-0.195234	0.0145461	0.0052	0.0225	0.0495957	50579.0	440328.0	180.14315590409257	4.51099e-41	0.8163	ret_isos_rpe_left__sys_stroke_megastroke2018	ret_isos_rpe_left_to_sys_stroke_megastroke2018	ret_isos_rpe_left	sys_stroke_megastroke2018	False	True
rs1329428	0.0768875	0.00640598	-0.0058	0.0103	0.404209	50579.0	440328.0	144.0589759372377	3.44901e-33	0.5717	ret_isos_rpe_left__sys_stroke_megastroke2018	ret_isos_rpe_left_to_sys_stroke_megastroke2018	ret_isos_rpe_left	sys_stroke_megastroke2018	False	True
rs6077977	0.0731273	0.00628836	-0.0042	0.01	0.483324	50551.0	440328.0	135.23349882663763	2.93514e-31	0.6756	ret_isos_rpe_left__sys_stroke_megastroke2018	ret_isos_rpe_left_to_sys_stroke_megastroke2018	ret_isos_rpe_left	sys_stroke_megastroke2018	False	True
rs142963458	-0.201529	0.0184334	0.0227	0.0291	0.0310464	49426.0	440328.0	119.5265007367418	8.03013e-28	0.4356	ret_isos_rpe_left__sys_stroke_megastroke2018	ret_isos_rpe_left_to_sys_stroke_megastroke2018	ret_isos_rpe_left	sys_stroke_megastroke2018	False	True
rs2149036	-0.0813903	0.00757449	0.0248	0.0118	0.222205	50557.0	440328.0	115.46184831603676	6.23492e-27	0.03569	ret_isos_rpe_left__sys_stroke_megastroke2018	ret_isos_rpe_left_to_sys_stroke_megastroke2018	ret_isos_rpe_left	sys_stroke_megastroke2018	False	True
rs57819090	0.098223	0.00955814	0.0049	0.0151	0.126186	50065.0	440328.0	105.60381660536117	9.00513e-25	0.7463	ret_isos_rpe_left__sys_stroke_megastroke2018	ret_isos_rpe_left_to_sys_stroke_megastroke2018	ret_isos_rpe_left	sys_stroke_megastroke2018	False	True
rs1800407	0.116996	0.0113867	-0.011	0.0224	0.0831373	50579.0	440328.0	105.57139744565195	9.1513e-25	0.6247	ret_isos_rpe_left__sys_stroke_megastroke2018	ret_isos_rpe_left_to_sys_stroke_megastroke2018	ret_isos_rpe_left	sys_stroke_megastroke2018	False	True
rs3806709	-0.0913212	0.00897917	0.0001	0.0149	0.146857	49984.0	440328.0	103.43578894452067	2.68989e-24	0.9948	ret_isos_rpe_left__sys_stroke_megastroke2018	ret_isos_rpe_left_to_sys_stroke_megastroke2018	ret_isos_rpe_left	sys_stroke_megastroke2018	False	True
rs7519368	-0.0717639	0.00707765	-0.0312	0.0121	0.273678	50278.0	440328.0	102.80965458340519	3.68933e-24	0.01014	ret_isos_rpe_left__sys_stroke_megastroke2018	ret_isos_rpe_left_to_sys_stroke_megastroke2018	ret_isos_rpe_left	sys_stroke_megastroke2018	False	True
rs6415994	-0.0673214	0.00687425	0.0034	0.0108	0.30867	49898.0	440328.0	95.90817633491791	1.20334e-22	0.7551	ret_isos_rpe_left__sys_stroke_megastroke2018	ret_isos_rpe_left_to_sys_stroke_megastroke2018	ret_isos_rpe_left	sys_stroke_megastroke2018	False	True
rs9381202	-0.0664895	0.00679001	-0.0238	0.0108	0.313789	50561.0	440328.0	95.88823095166478	1.21559e-22	0.02779	ret_isos_rpe_left__sys_stroke_megastroke2018	ret_isos_rpe_left_to_sys_stroke_megastroke2018	ret_isos_rpe_left	sys_stroke_megastroke2018	False	True
rs9669831	-0.0615227	0.00635877	-0.0021	0.0103	0.484304	49568.0	440328.0	93.6104946902419	3.84121e-22	0.8421	ret_isos_rpe_left__sys_stroke_megastroke2018	ret_isos_rpe_left_to_sys_stroke_megastroke2018	ret_isos_rpe_left	sys_stroke_megastroke2018	False	True
rs60401382	-0.0729692	0.00755273	-0.0497	0.0117	0.227426	50025.0	440328.0	93.34074238073102	4.40199e-22	2.201e-05	ret_isos_rpe_left__sys_stroke_megastroke2018	ret_isos_rpe_left_to_sys_stroke_megastroke2018	ret_isos_rpe_left	sys_stroke_megastroke2018	False	True
rs1864251	0.100972	0.0108724	0.0005	0.0172	0.0929322	50327.0	440328.0	86.24840521728794	1.58737e-20	0.9784	ret_isos_rpe_left__sys_stroke_megastroke2018	ret_isos_rpe_left_to_sys_stroke_megastroke2018	ret_isos_rpe_left	sys_stroke_megastroke2018	False	True
rs2326838	-0.060486	0.00657782	0.0089	0.0107	0.36303	50522.0	440328.0	84.55625899053415	3.73443e-20	0.4059	ret_isos_rpe_left__sys_stroke_megastroke2018	ret_isos_rpe_left_to_sys_stroke_megastroke2018	ret_isos_rpe_left	sys_stroke_megastroke2018	False	True
rs2080402	-0.0583048	0.0063632	-0.0083	0.0103	0.440555	50198.0	440328.0	83.95710843068032	5.05624e-20	0.4191	ret_isos_rpe_left__sys_stroke_megastroke2018	ret_isos_rpe_left_to_sys_stroke_megastroke2018	ret_isos_rpe_left	sys_stroke_megastroke2018	False	True
rs1581836	0.0614194	0.00684097	-0.0128	0.0108	0.311583	50314.0	440328.0	80.60755853206224	2.75325e-19	0.2357	ret_isos_rpe_left__sys_stroke_megastroke2018	ret_isos_rpe_left_to_sys_stroke_megastroke2018	ret_isos_rpe_left	sys_stroke_megastroke2018	False	True
rs348882	-0.0680439	0.00775598	0.0066	0.0123	0.210455	50436.0	440328.0	76.9670842172767	1.73825e-18	0.5907	ret_isos_rpe_left__sys_stroke_megastroke2018	ret_isos_rpe_left_to_sys_stroke_megastroke2018	ret_isos_rpe_left	sys_stroke_megastroke2018	False	True
rs1964242	0.066425	0.00812733	0.0011	0.0129	0.18638	50491.0	440328.0	66.79859655187924	3.00702e-16	0.9315	ret_isos_rpe_left__sys_stroke_megastroke2018	ret_isos_rpe_left_to_sys_stroke_megastroke2018	ret_isos_rpe_left	sys_stroke_megastroke2018	False	True
rs12574286	-0.0618022	0.00772715	-0.0012	0.0125	0.211365	50226.0	440328.0	63.96894445146135	1.26396e-15	0.9214	ret_isos_rpe_left__sys_stroke_megastroke2018	ret_isos_rpe_left_to_sys_stroke_megastroke2018	ret_isos_rpe_left	sys_stroke_megastroke2018	False	True
rs11125168	-0.0484239	0.00633137	0.0015	0.0104	0.451782	50531.0	440328.0	58.495726606868566	2.03741e-14	0.8861	ret_isos_rpe_left__sys_stroke_megastroke2018	ret_isos_rpe_left_to_sys_stroke_megastroke2018	ret_isos_rpe_left	sys_stroke_megastroke2018	False	True
rs6728947	0.0495707	0.00651501	0.0079	0.0104	0.389921	49796.0	440328.0	57.89218351729078	2.76872e-14	0.4473	ret_isos_rpe_left__sys_stroke_megastroke2018	ret_isos_rpe_left_to_sys_stroke_megastroke2018	ret_isos_rpe_left	sys_stroke_megastroke2018	False	True
rs4794029	-0.0487242	0.00683527	0.0119	0.0106	0.317323	50050.0	440328.0	50.813380178955455	1.01583e-12	0.2603	ret_isos_rpe_left__sys_stroke_megastroke2018	ret_isos_rpe_left_to_sys_stroke_megastroke2018	ret_isos_rpe_left	sys_stroke_megastroke2018	False	True
rs7828	-0.0463127	0.00674022	-0.0091	0.0109	0.328309	50122.0	440328.0	47.21196293019387	6.37115e-12	0.4059	ret_isos_rpe_left__sys_stroke_megastroke2018	ret_isos_rpe_left_to_sys_stroke_megastroke2018	ret_isos_rpe_left	sys_stroke_megastroke2018	False	True
rs11587687	0.0436378	0.00635396	0.0095	0.0102	0.442692	50482.0	440328.0	47.16683575385493	6.5197e-12	0.3518	ret_isos_rpe_left__sys_stroke_megastroke2018	ret_isos_rpe_left_to_sys_stroke_megastroke2018	ret_isos_rpe_left	sys_stroke_megastroke2018	False	True
rs72637739	-0.0521299	0.00765858	0.0112	0.0123	0.215781	50579.0	440328.0	46.33159774585977	9.984e-12	0.3648	ret_isos_rpe_left__sys_stroke_megastroke2018	ret_isos_rpe_left_to_sys_stroke_megastroke2018	ret_isos_rpe_left	sys_stroke_megastroke2018	False	True
rs11230527	-0.056188	0.00828848	0.0063	0.0129	0.181594	49206.0	440328.0	45.95548562427088	1.20968e-11	0.6287	ret_isos_rpe_left__sys_stroke_megastroke2018	ret_isos_rpe_left_to_sys_stroke_megastroke2018	ret_isos_rpe_left	sys_stroke_megastroke2018	False	True
rs111466394	0.057411	0.00849454	0.0026	0.0141	0.165879	50133.0	440328.0	45.67835881689165	1.39356e-11	0.8553	ret_isos_rpe_left__sys_stroke_megastroke2018	ret_isos_rpe_left_to_sys_stroke_megastroke2018	ret_isos_rpe_left	sys_stroke_megastroke2018	False	True
rs11433	-0.0426756	0.00637835	0.0085	0.0104	0.437932	50388.0	440328.0	44.7654112197696	2.22108e-11	0.4124	ret_isos_rpe_left__sys_stroke_megastroke2018	ret_isos_rpe_left_to_sys_stroke_megastroke2018	ret_isos_rpe_left	sys_stroke_megastroke2018	False	True
rs113100410	-0.0791267	0.0122322	-0.0228	0.0208	0.0714032	50579.0	440328.0	41.84436299290786	9.88231e-11	0.2744	ret_isos_rpe_left__sys_stroke_megastroke2018	ret_isos_rpe_left_to_sys_stroke_megastroke2018	ret_isos_rpe_left	sys_stroke_megastroke2018	False	True
rs56351888	-0.0538697	0.00839038	0.0062	0.0134	0.167863	50574.0	440328.0	41.221695703311944	1.35908e-10	0.6458	ret_isos_rpe_left__sys_stroke_megastroke2018	ret_isos_rpe_left_to_sys_stroke_megastroke2018	ret_isos_rpe_left	sys_stroke_megastroke2018	False	True
rs72886128	0.0426198	0.00693546	0.0187	0.0109	0.302639	49721.0	440328.0	37.76350290181469	7.98613e-10	0.0847	ret_isos_rpe_left__sys_stroke_megastroke2018	ret_isos_rpe_left_to_sys_stroke_megastroke2018	ret_isos_rpe_left	sys_stroke_megastroke2018	False	True
rs9556964	0.0414557	0.00675588	-0.0016	0.0106	0.324381	50171.0	440328.0	37.65343935536674	8.44956e-10	0.8824	ret_isos_rpe_left__sys_stroke_megastroke2018	ret_isos_rpe_left_to_sys_stroke_megastroke2018	ret_isos_rpe_left	sys_stroke_megastroke2018	False	True
rs6778948	-0.0436189	0.00735795	-0.0142	0.0115	0.242678	50567.0	440328.0	35.14275086344822	3.064e-09	0.2144	ret_isos_rpe_left__sys_stroke_megastroke2018	ret_isos_rpe_left_to_sys_stroke_megastroke2018	ret_isos_rpe_left	sys_stroke_megastroke2018	False	True
rs12449582	-0.0476238	0.00803761	-0.006	0.0127	0.190569	50491.0	440328.0	35.10704146613112	3.12073e-09	0.6362	ret_isos_rpe_left__sys_stroke_megastroke2018	ret_isos_rpe_left_to_sys_stroke_megastroke2018	ret_isos_rpe_left	sys_stroke_megastroke2018	False	True
rs6771073	-0.0652426	0.0111304	0.0012	0.0178	0.0886063	50335.0	440328.0	34.35903640147949	4.58301e-09	0.944	ret_isos_rpe_left__sys_stroke_megastroke2018	ret_isos_rpe_left_to_sys_stroke_megastroke2018	ret_isos_rpe_left	sys_stroke_megastroke2018	False	True
rs56124905	-0.0475216	0.00813608	0.0303	0.0129	0.18623	50239.0	440328.0	34.115495888868644	5.19378e-09	0.01932	ret_isos_rpe_left__sys_stroke_megastroke2018	ret_isos_rpe_left_to_sys_stroke_megastroke2018	ret_isos_rpe_left	sys_stroke_megastroke2018	False	True
rs7588399	0.0498361	0.00858829	0.0019	0.0139	0.169902	48522.0	440328.0	33.67244836500697	6.52194e-09	0.8933	ret_isos_rpe_left__sys_stroke_megastroke2018	ret_isos_rpe_left_to_sys_stroke_megastroke2018	ret_isos_rpe_left	sys_stroke_megastroke2018	False	True
rs250346	-0.0369409	0.00643839	-0.0113	0.0102	0.474364	48623.0	440328.0	32.92004223915607	9.60289e-09	0.2691	ret_isos_rpe_left__sys_stroke_megastroke2018	ret_isos_rpe_left_to_sys_stroke_megastroke2018	ret_isos_rpe_left	sys_stroke_megastroke2018	False	True
rs10793567	-0.0404605	0.00706578	-0.0015	0.0109	0.284993	49703.0	440328.0	32.79006431304314	1.02669e-08	0.8898	ret_isos_rpe_left__sys_stroke_megastroke2018	ret_isos_rpe_left_to_sys_stroke_megastroke2018	ret_isos_rpe_left	sys_stroke_megastroke2018	False	True
rs817741	0.0359688	0.00629508	-0.0036	0.0113	0.507889	50579.0	440328.0	32.64745942219801	1.10483e-08	0.7512	ret_isos_rpe_left__sys_stroke_megastroke2018	ret_isos_rpe_left_to_sys_stroke_megastroke2018	ret_isos_rpe_left	sys_stroke_megastroke2018	False	True
rs111791023	-0.0469777	0.00823713	0.0111	0.013	0.18078	50390.0	440328.0	32.52607506987281	1.17599e-08	0.3912	ret_isos_rpe_left__sys_stroke_megastroke2018	ret_isos_rpe_left_to_sys_stroke_megastroke2018	ret_isos_rpe_left	sys_stroke_megastroke2018	False	True
rs749523	-0.0382048	0.00681033	-0.002	0.0119	0.314484	50055.0	440328.0	31.470203264985624	2.02534e-08	0.8664	ret_isos_rpe_left__sys_stroke_megastroke2018	ret_isos_rpe_left_to_sys_stroke_megastroke2018	ret_isos_rpe_left	sys_stroke_megastroke2018	False	True
rs2107595	0.0882	0.0132	-0.0204108	0.00881881	0.1673	440328.0	50231.0	44.64669421487603	2.328e-11	0.0206427	ret_isos_rpe_left__sys_stroke_megastroke2018	sys_stroke_megastroke2018_to_ret_isos_rpe_left	sys_stroke_megastroke2018	ret_isos_rpe_left	True	False
rs11242678	0.0723	0.0114	-0.00265298	0.00725667	0.255	440328.0	50550.0	40.22229916897507	2.703e-10	0.714669	ret_isos_rpe_left__sys_stroke_megastroke2018	sys_stroke_megastroke2018_to_ret_isos_rpe_left	sys_stroke_megastroke2018	ret_isos_rpe_left	True	False
rs2758612	0.0653	0.0111	0.00215142	0.00674102	0.6453	440328.0	48412.0	34.60831101371642	3.677e-09	0.74961	ret_isos_rpe_left__sys_stroke_megastroke2018	sys_stroke_megastroke2018_to_ret_isos_rpe_left	sys_stroke_megastroke2018	ret_isos_rpe_left	True	False
rs635634	0.0772	0.0134	0.00562528	0.00809151	0.1921	440328.0	50579.0	33.19135664958788	9.179e-09	0.486925	ret_isos_rpe_left__sys_stroke_megastroke2018	sys_stroke_megastroke2018_to_ret_isos_rpe_left	sys_stroke_megastroke2018	ret_isos_rpe_left	True	False
rs473238	0.0831	0.0147	0.00935141	0.00956193	0.1326	440328.0	50425.0	31.957101207830068	1.651e-08	0.328082	ret_isos_rpe_left__sys_stroke_megastroke2018	sys_stroke_megastroke2018_to_ret_isos_rpe_left	sys_stroke_megastroke2018	ret_isos_rpe_left	True	False
rs4942561	0.0655	0.0116	-0.00703474	0.00733276	0.759	440328.0	50436.0	31.883546373365046	1.771e-08	0.337378	ret_isos_rpe_left__sys_stroke_megastroke2018	sys_stroke_megastroke2018_to_ret_isos_rpe_left	sys_stroke_megastroke2018	ret_isos_rpe_left	True	False
rs2066864	0.0634	0.0115	-0.0013423	0.00736268	0.2452	440328.0	50569.0	30.39364839319471	3.514e-08	0.855339	ret_isos_rpe_left__sys_stroke_megastroke2018	sys_stroke_megastroke2018_to_ret_isos_rpe_left	sys_stroke_megastroke2018	ret_isos_rpe_left	True	False
rs3138142	0.11003	0.00740092	-0.02	0.016	0.239927	50232.0	158183.0	221.02978764302117	5.38775e-50	0.22	ret_isos_rpe_left__sys_t2d_scott2017	ret_isos_rpe_left_to_sys_t2d_scott2017	ret_isos_rpe_left	sys_t2d_scott2017	False	True
rs7073076	0.0932771	0.00633405	0.0074	0.012	0.460197	50361.0	158186.0	216.86381629763295	4.3698e-49	0.54	ret_isos_rpe_left__sys_t2d_scott2017	ret_isos_rpe_left_to_sys_t2d_scott2017	ret_isos_rpe_left	sys_t2d_scott2017	False	True
rs3825991	0.091597	0.00644067	0.024	0.012	0.475027	48892.0	152598.0	202.25552963545366	6.72343e-46	0.059	ret_isos_rpe_left__sys_t2d_scott2017	ret_isos_rpe_left_to_sys_t2d_scott2017	ret_isos_rpe_left	sys_t2d_scott2017	False	True
rs7564805	-0.195234	0.0145461	-0.049	0.026	0.0495957	50579.0	158186.0	180.14315590409257	4.51099e-41	0.061	ret_isos_rpe_left__sys_t2d_scott2017	ret_isos_rpe_left_to_sys_t2d_scott2017	ret_isos_rpe_left	sys_t2d_scott2017	False	True
rs111812808	-0.0814712	0.00664875	-0.023	0.013	0.342848	50534.0	156106.0	150.15099678106282	1.60686e-34	0.09	ret_isos_rpe_left__sys_t2d_scott2017	ret_isos_rpe_left_to_sys_t2d_scott2017	ret_isos_rpe_left	sys_t2d_scott2017	False	True
rs1329428	0.0768875	0.00640598	0.0071	0.012	0.404209	50579.0	158184.0	144.0589759372377	3.44901e-33	0.56	ret_isos_rpe_left__sys_t2d_scott2017	ret_isos_rpe_left_to_sys_t2d_scott2017	ret_isos_rpe_left	sys_t2d_scott2017	False	True
rs6077977	0.0731273	0.00628836	0.0012	0.012	0.483324	50551.0	158182.0	135.23349882663763	2.93514e-31	0.92	ret_isos_rpe_left__sys_t2d_scott2017	ret_isos_rpe_left_to_sys_t2d_scott2017	ret_isos_rpe_left	sys_t2d_scott2017	False	True
rs142963458	-0.201529	0.0184334	-0.032	0.035	0.0310464	49426.0	158182.0	119.5265007367418	8.03013e-28	0.37	ret_isos_rpe_left__sys_t2d_scott2017	ret_isos_rpe_left_to_sys_t2d_scott2017	ret_isos_rpe_left	sys_t2d_scott2017	False	True
rs57819090	0.098223	0.00955814	0.0099	0.019	0.126186	50065.0	152598.0	105.60381660536117	9.00513e-25	0.61	ret_isos_rpe_left__sys_t2d_scott2017	ret_isos_rpe_left_to_sys_t2d_scott2017	ret_isos_rpe_left	sys_t2d_scott2017	False	True
rs1800407	0.116996	0.0113867	0.002	0.029	0.0831373	50579.0	158185.0	105.57139744565195	9.1513e-25	0.94	ret_isos_rpe_left__sys_t2d_scott2017	ret_isos_rpe_left_to_sys_t2d_scott2017	ret_isos_rpe_left	sys_t2d_scott2017	False	True
rs3806709	-0.0913212	0.00897917	-0.021	0.019	0.146857	49984.0	158185.0	103.43578894452067	2.68989e-24	0.27	ret_isos_rpe_left__sys_t2d_scott2017	ret_isos_rpe_left_to_sys_t2d_scott2017	ret_isos_rpe_left	sys_t2d_scott2017	False	True
rs6415994	-0.0673214	0.00687425	0.01	0.013	0.30867	49898.0	158185.0	95.90817633491791	1.20334e-22	0.45	ret_isos_rpe_left__sys_t2d_scott2017	ret_isos_rpe_left_to_sys_t2d_scott2017	ret_isos_rpe_left	sys_t2d_scott2017	False	True
rs9381202	-0.0664895	0.00679001	-0.0067	0.013	0.313789	50561.0	158185.0	95.88823095166478	1.21559e-22	0.61	ret_isos_rpe_left__sys_t2d_scott2017	ret_isos_rpe_left_to_sys_t2d_scott2017	ret_isos_rpe_left	sys_t2d_scott2017	False	True
rs9669831	-0.0615227	0.00635877	0.021	0.013	0.484304	49568.0	158184.0	93.6104946902419	3.84121e-22	0.094	ret_isos_rpe_left__sys_t2d_scott2017	ret_isos_rpe_left_to_sys_t2d_scott2017	ret_isos_rpe_left	sys_t2d_scott2017	False	True
rs60401382	-0.0729692	0.00755273	-0.042	0.014	0.227426	50025.0	158186.0	93.34074238073102	4.40199e-22	0.0035	ret_isos_rpe_left__sys_t2d_scott2017	ret_isos_rpe_left_to_sys_t2d_scott2017	ret_isos_rpe_left	sys_t2d_scott2017	False	True
rs1864251	0.100972	0.0108724	-0.0009	0.021	0.0929322	50327.0	158186.0	86.24840521728794	1.58737e-20	0.97	ret_isos_rpe_left__sys_t2d_scott2017	ret_isos_rpe_left_to_sys_t2d_scott2017	ret_isos_rpe_left	sys_t2d_scott2017	False	True
rs2326838	-0.060486	0.00657782	0.012	0.013	0.36303	50522.0	158185.0	84.55625899053415	3.73443e-20	0.37	ret_isos_rpe_left__sys_t2d_scott2017	ret_isos_rpe_left_to_sys_t2d_scott2017	ret_isos_rpe_left	sys_t2d_scott2017	False	True
rs2080402	-0.0583048	0.0063632	0.041	0.013	0.440555	50198.0	158183.0	83.95710843068032	5.05624e-20	0.0011	ret_isos_rpe_left__sys_t2d_scott2017	ret_isos_rpe_left_to_sys_t2d_scott2017	ret_isos_rpe_left	sys_t2d_scott2017	False	True
rs1581836	0.0614194	0.00684097	0.015	0.014	0.311583	50314.0	148893.0	80.60755853206224	2.75325e-19	0.29	ret_isos_rpe_left__sys_t2d_scott2017	ret_isos_rpe_left_to_sys_t2d_scott2017	ret_isos_rpe_left	sys_t2d_scott2017	False	True
rs1964242	0.066425	0.00812733	0.036	0.015	0.18638	50491.0	158184.0	66.79859655187924	3.00702e-16	0.021	ret_isos_rpe_left__sys_t2d_scott2017	ret_isos_rpe_left_to_sys_t2d_scott2017	ret_isos_rpe_left	sys_t2d_scott2017	False	True
rs11125168	-0.0484239	0.00633137	-0.011	0.012	0.451782	50531.0	158186.0	58.495726606868566	2.03741e-14	0.38	ret_isos_rpe_left__sys_t2d_scott2017	ret_isos_rpe_left_to_sys_t2d_scott2017	ret_isos_rpe_left	sys_t2d_scott2017	False	True
rs4794029	-0.0487242	0.00683527	-0.0057	0.013	0.317323	50050.0	152595.0	50.813380178955455	1.01583e-12	0.67	ret_isos_rpe_left__sys_t2d_scott2017	ret_isos_rpe_left_to_sys_t2d_scott2017	ret_isos_rpe_left	sys_t2d_scott2017	False	True
rs7828	-0.0463127	0.00674022	0.0085	0.013	0.328309	50122.0	158182.0	47.21196293019387	6.37115e-12	0.52	ret_isos_rpe_left__sys_t2d_scott2017	ret_isos_rpe_left_to_sys_t2d_scott2017	ret_isos_rpe_left	sys_t2d_scott2017	False	True
rs11587687	0.0436378	0.00635396	0.0065	0.012	0.442692	50482.0	158184.0	47.16683575385493	6.5197e-12	0.59	ret_isos_rpe_left__sys_t2d_scott2017	ret_isos_rpe_left_to_sys_t2d_scott2017	ret_isos_rpe_left	sys_t2d_scott2017	False	True
rs72637739	-0.0521299	0.00765858	-0.0089	0.015	0.215781	50579.0	158184.0	46.33159774585977	9.984e-12	0.54	ret_isos_rpe_left__sys_t2d_scott2017	ret_isos_rpe_left_to_sys_t2d_scott2017	ret_isos_rpe_left	sys_t2d_scott2017	False	True
rs11230527	-0.056188	0.00828848	-0.014	0.016	0.181594	49206.0	158185.0	45.95548562427088	1.20968e-11	0.4	ret_isos_rpe_left__sys_t2d_scott2017	ret_isos_rpe_left_to_sys_t2d_scott2017	ret_isos_rpe_left	sys_t2d_scott2017	False	True
rs111466394	0.057411	0.00849454	-0.019	0.017	0.165879	50133.0	158185.0	45.67835881689165	1.39356e-11	0.26	ret_isos_rpe_left__sys_t2d_scott2017	ret_isos_rpe_left_to_sys_t2d_scott2017	ret_isos_rpe_left	sys_t2d_scott2017	False	True
rs11433	-0.0426756	0.00637835	0.0092	0.012	0.437932	50388.0	156109.0	44.7654112197696	2.22108e-11	0.46	ret_isos_rpe_left__sys_t2d_scott2017	ret_isos_rpe_left_to_sys_t2d_scott2017	ret_isos_rpe_left	sys_t2d_scott2017	False	True
rs113100410	-0.0791267	0.0122322	-0.018	0.025	0.0714032	50579.0	158186.0	41.84436299290786	9.88231e-11	0.48	ret_isos_rpe_left__sys_t2d_scott2017	ret_isos_rpe_left_to_sys_t2d_scott2017	ret_isos_rpe_left	sys_t2d_scott2017	False	True
rs56351888	-0.0538697	0.00839038	0.014	0.016	0.167863	50574.0	158185.0	41.221695703311944	1.35908e-10	0.38	ret_isos_rpe_left__sys_t2d_scott2017	ret_isos_rpe_left_to_sys_t2d_scott2017	ret_isos_rpe_left	sys_t2d_scott2017	False	True
rs556679	0.0610559	0.00977862	0.023	0.021	0.118738	50447.0	152598.0	38.98523311594313	4.27015e-10	0.26	ret_isos_rpe_left__sys_t2d_scott2017	ret_isos_rpe_left_to_sys_t2d_scott2017	ret_isos_rpe_left	sys_t2d_scott2017	False	True
rs72886128	0.0426198	0.00693546	0.035	0.013	0.302639	49721.0	158186.0	37.76350290181469	7.98613e-10	0.0088	ret_isos_rpe_left__sys_t2d_scott2017	ret_isos_rpe_left_to_sys_t2d_scott2017	ret_isos_rpe_left	sys_t2d_scott2017	False	True
rs9556964	0.0414557	0.00675588	-0.026	0.013	0.324381	50171.0	158184.0	37.65343935536674	8.44956e-10	0.038	ret_isos_rpe_left__sys_t2d_scott2017	ret_isos_rpe_left_to_sys_t2d_scott2017	ret_isos_rpe_left	sys_t2d_scott2017	False	True
rs6778948	-0.0436189	0.00735795	-0.0059	0.014	0.242678	50567.0	158185.0	35.14275086344822	3.064e-09	0.67	ret_isos_rpe_left__sys_t2d_scott2017	ret_isos_rpe_left_to_sys_t2d_scott2017	ret_isos_rpe_left	sys_t2d_scott2017	False	True
rs12449582	-0.0476238	0.00803761	0.016	0.016	0.190569	50491.0	158182.0	35.10704146613112	3.12073e-09	0.3	ret_isos_rpe_left__sys_t2d_scott2017	ret_isos_rpe_left_to_sys_t2d_scott2017	ret_isos_rpe_left	sys_t2d_scott2017	False	True
rs6771073	-0.0652426	0.0111304	-0.016	0.022	0.0886063	50335.0	158185.0	34.35903640147949	4.58301e-09	0.47	ret_isos_rpe_left__sys_t2d_scott2017	ret_isos_rpe_left_to_sys_t2d_scott2017	ret_isos_rpe_left	sys_t2d_scott2017	False	True
rs56124905	-0.0475216	0.00813608	0.0072	0.016	0.18623	50239.0	158185.0	34.115495888868644	5.19378e-09	0.65	ret_isos_rpe_left__sys_t2d_scott2017	ret_isos_rpe_left_to_sys_t2d_scott2017	ret_isos_rpe_left	sys_t2d_scott2017	False	True
rs7588399	0.0498361	0.00858829	-0.031	0.017	0.169902	48522.0	158186.0	33.67244836500697	6.52194e-09	0.072	ret_isos_rpe_left__sys_t2d_scott2017	ret_isos_rpe_left_to_sys_t2d_scott2017	ret_isos_rpe_left	sys_t2d_scott2017	False	True
rs250346	-0.0369409	0.00643839	0.0018	0.013	0.474364	48623.0	158186.0	32.92004223915607	9.60289e-09	0.89	ret_isos_rpe_left__sys_t2d_scott2017	ret_isos_rpe_left_to_sys_t2d_scott2017	ret_isos_rpe_left	sys_t2d_scott2017	False	True
rs10793567	-0.0404605	0.00706578	0.0027	0.013	0.284993	49703.0	158186.0	32.79006431304314	1.02669e-08	0.84	ret_isos_rpe_left__sys_t2d_scott2017	ret_isos_rpe_left_to_sys_t2d_scott2017	ret_isos_rpe_left	sys_t2d_scott2017	False	True
rs817741	0.0359688	0.00629508	0.0056	0.014	0.507889	50579.0	158186.0	32.64745942219801	1.10483e-08	0.7	ret_isos_rpe_left__sys_t2d_scott2017	ret_isos_rpe_left_to_sys_t2d_scott2017	ret_isos_rpe_left	sys_t2d_scott2017	False	True
rs111791023	-0.0469777	0.00823713	0.011	0.016	0.18078	50390.0	158185.0	32.52607506987281	1.17599e-08	0.48	ret_isos_rpe_left__sys_t2d_scott2017	ret_isos_rpe_left_to_sys_t2d_scott2017	ret_isos_rpe_left	sys_t2d_scott2017	False	True
rs749523	-0.0382048	0.00681033	-0.015	0.013	0.314484	50055.0	158185.0	31.470203264985624	2.02534e-08	0.26	ret_isos_rpe_left__sys_t2d_scott2017	ret_isos_rpe_left_to_sys_t2d_scott2017	ret_isos_rpe_left	sys_t2d_scott2017	False	True
rs7903146	0.29	0.013	6.32141e-05	0.00693008	NA	158186.0	50579.0	497.6331360946745	9.3e-108	0.992722	ret_isos_rpe_left__sys_t2d_scott2017	sys_t2d_scott2017_to_ret_isos_rpe_left	sys_t2d_scott2017	ret_isos_rpe_left	True	False
rs7451008	-0.17	0.013	-0.00336312	0.00717433	NA	158185.0	50282.0	171.00591715976336	3.8e-37	0.639233	ret_isos_rpe_left__sys_t2d_scott2017	sys_t2d_scott2017_to_ret_isos_rpe_left	sys_t2d_scott2017	ret_isos_rpe_left	True	False
rs4402960	0.14	0.013	0.00904393	0.00683122	NA	152598.0	50579.0	115.97633136094676	2.7e-25	0.185533	ret_isos_rpe_left__sys_t2d_scott2017	sys_t2d_scott2017_to_ret_isos_rpe_left	sys_t2d_scott2017	ret_isos_rpe_left	True	False
rs3802177	-0.11	0.013	-0.0102119	0.00685395	NA	158185.0	50579.0	71.59763313609467	1.7e-17	0.136245	ret_isos_rpe_left__sys_t2d_scott2017	sys_t2d_scott2017_to_ret_isos_rpe_left	sys_t2d_scott2017	ret_isos_rpe_left	True	False
rs10965250	-0.14	0.016	-0.00326499	0.00834074	NA	158183.0	50579.0	76.5625	2.7e-17	0.695464	ret_isos_rpe_left__sys_t2d_scott2017	sys_t2d_scott2017_to_ret_isos_rpe_left	sys_t2d_scott2017	ret_isos_rpe_left	True	False
rs3821943	0.1	0.012	-0.00716504	0.00636899	NA	158185.0	49739.0	69.44444444444446	4.2e-16	0.260594	ret_isos_rpe_left__sys_t2d_scott2017	sys_t2d_scott2017_to_ret_isos_rpe_left	sys_t2d_scott2017	ret_isos_rpe_left	True	False
rs2237895	-0.097	0.013	0.0169997	0.0063858	NA	158185.0	50579.0	55.67455621301775	1.7e-13	0.0077651	ret_isos_rpe_left__sys_t2d_scott2017	sys_t2d_scott2017_to_ret_isos_rpe_left	sys_t2d_scott2017	ret_isos_rpe_left	True	False
rs11708067	0.11	0.015	-0.00347207	0.00736981	NA	152598.0	50579.0	53.777777777777786	8.8e-13	0.637554	ret_isos_rpe_left__sys_t2d_scott2017	sys_t2d_scott2017_to_ret_isos_rpe_left	sys_t2d_scott2017	ret_isos_rpe_left	True	False
rs810517	-0.089	0.013	-0.00184419	0.006313	NA	152599.0	50567.0	46.869822485207095	1.3e-12	0.77019	ret_isos_rpe_left__sys_t2d_scott2017	sys_t2d_scott2017_to_ret_isos_rpe_left	sys_t2d_scott2017	ret_isos_rpe_left	True	False
rs11616380	-0.09	0.014	0.00101537	0.00706943	NA	158184.0	49808.0	41.32653061224489	3.9e-11	0.885795	ret_isos_rpe_left__sys_t2d_scott2017	sys_t2d_scott2017_to_ret_isos_rpe_left	sys_t2d_scott2017	ret_isos_rpe_left	True	False
rs429358	0.12	0.019	-0.0198993	0.00872628	NA	152543.0	50579.0	39.88919667590028	1.4e-10	0.0225844	ret_isos_rpe_left__sys_t2d_scott2017	sys_t2d_scott2017_to_ret_isos_rpe_left	sys_t2d_scott2017	ret_isos_rpe_left	True	False
rs6757251	-0.13	0.021	0.0212177	0.0101223	NA	158186.0	50566.0	38.32199546485261	1.9e-10	0.0360697	ret_isos_rpe_left__sys_t2d_scott2017	sys_t2d_scott2017_to_ret_isos_rpe_left	sys_t2d_scott2017	ret_isos_rpe_left	True	False
rs10965223	0.077	0.012	0.00445497	0.00643999	NA	158183.0	50537.0	41.1736111111111	4e-10	0.489084	ret_isos_rpe_left__sys_t2d_scott2017	sys_t2d_scott2017_to_ret_isos_rpe_left	sys_t2d_scott2017	ret_isos_rpe_left	True	False
rs11759026	-0.091	0.015	-0.0146722	0.00754218	NA	158185.0	50150.0	36.80444444444444	5.8e-10	0.0517321	ret_isos_rpe_left__sys_t2d_scott2017	sys_t2d_scott2017_to_ret_isos_rpe_left	sys_t2d_scott2017	ret_isos_rpe_left	True	False
rs28650790	0.1	0.016	-0.000416511	0.00801267	NA	158186.0	50518.0	39.0625	7.4e-10	0.958543	ret_isos_rpe_left__sys_t2d_scott2017	sys_t2d_scott2017_to_ret_isos_rpe_left	sys_t2d_scott2017	ret_isos_rpe_left	True	False
rs231360	0.079	0.013	0.00474253	0.00653976	NA	158185.0	49912.0	36.92899408284024	9.5e-10	0.468339	ret_isos_rpe_left__sys_t2d_scott2017	sys_t2d_scott2017_to_ret_isos_rpe_left	sys_t2d_scott2017	ret_isos_rpe_left	True	False
rs4238013	-0.099	0.017	-0.0105115	0.00790085	NA	158183.0	50015.0	33.91349480968858	3.6e-09	0.18338	ret_isos_rpe_left__sys_t2d_scott2017	sys_t2d_scott2017_to_ret_isos_rpe_left	sys_t2d_scott2017	ret_isos_rpe_left	True	False
rs76550717	0.096	0.016	-0.0167075	0.00870543	NA	158185.0	49817.0	36.0	3.8e-09	0.054959	ret_isos_rpe_left__sys_t2d_scott2017	sys_t2d_scott2017_to_ret_isos_rpe_left	sys_t2d_scott2017	ret_isos_rpe_left	True	False
rs2023681	-0.12	0.021	-0.00469084	0.0110776	NA	158183.0	50567.0	32.65306122448979	3.9e-09	0.671966	ret_isos_rpe_left__sys_t2d_scott2017	sys_t2d_scott2017_to_ret_isos_rpe_left	sys_t2d_scott2017	ret_isos_rpe_left	True	False
rs1061810	0.08	0.014	-0.00816588	0.00694488	NA	158185.0	50579.0	32.6530612244898	5.3e-09	0.23967	ret_isos_rpe_left__sys_t2d_scott2017	sys_t2d_scott2017_to_ret_isos_rpe_left	sys_t2d_scott2017	ret_isos_rpe_left	True	False
rs4846569	-0.077	0.013	0.00808524	0.00695188	NA	158184.0	50216.0	35.082840236686394	8.8e-09	0.244818	ret_isos_rpe_left__sys_t2d_scott2017	sys_t2d_scott2017_to_ret_isos_rpe_left	sys_t2d_scott2017	ret_isos_rpe_left	True	False
rs10193447	0.071	0.012	-0.00158043	0.00648391	NA	158186.0	49629.0	35.006944444444436	1.3e-08	0.807427	ret_isos_rpe_left__sys_t2d_scott2017	sys_t2d_scott2017_to_ret_isos_rpe_left	sys_t2d_scott2017	ret_isos_rpe_left	True	False
rs2215383	-0.069	0.012	-0.00498661	0.00636081	NA	158184.0	50561.0	33.0625	1.4e-08	0.433065	ret_isos_rpe_left__sys_t2d_scott2017	sys_t2d_scott2017_to_ret_isos_rpe_left	sys_t2d_scott2017	ret_isos_rpe_left	True	False
rs35352848	0.083	0.015	0.005108	0.00787259	NA	158185.0	50521.0	30.617777777777786	1.5e-08	0.516446	ret_isos_rpe_left__sys_t2d_scott2017	sys_t2d_scott2017_to_ret_isos_rpe_left	sys_t2d_scott2017	ret_isos_rpe_left	True	False
rs62530366	-0.076	0.013	0.00255698	0.00660837	NA	158185.0	48793.0	34.177514792899416	1.9e-08	0.698808	ret_isos_rpe_left__sys_t2d_scott2017	sys_t2d_scott2017_to_ret_isos_rpe_left	sys_t2d_scott2017	ret_isos_rpe_left	True	False
rs9410573	0.073	0.013	-0.0230554	0.00641806	NA	158183.0	49827.0	31.53254437869822	2e-08	0.000327822	ret_isos_rpe_left__sys_t2d_scott2017	sys_t2d_scott2017_to_ret_isos_rpe_left	sys_t2d_scott2017	ret_isos_rpe_left	True	False
rs4774420	-0.075	0.013	0.00125588	0.00698477	NA	158185.0	48960.0	33.28402366863905	2.7e-08	0.857307	ret_isos_rpe_left__sys_t2d_scott2017	sys_t2d_scott2017_to_ret_isos_rpe_left	sys_t2d_scott2017	ret_isos_rpe_left	True	False
rs5219	0.068	0.012	-0.012886	0.00659498	NA	158185.0	50579.0	32.111111111111114	4.3e-08	0.0507109	ret_isos_rpe_left__sys_t2d_scott2017	sys_t2d_scott2017_to_ret_isos_rpe_left	sys_t2d_scott2017	ret_isos_rpe_left	True	False
rs3138142	0.11003	0.00740092	0.0095	0.0115	0.239927	50232.0	429344.0	221.02978764302117	5.38775e-50	0.4101	ret_isos_rpe_left__sys_ckd_wuttke2019	ret_isos_rpe_left_to_sys_ckd_wuttke2019	ret_isos_rpe_left	sys_ckd_wuttke2019	False	True
rs7073076	0.0932771	0.00633405	0.0087	0.0092	0.460197	50361.0	444610.0	216.86381629763295	4.3698e-49	0.342	ret_isos_rpe_left__sys_ckd_wuttke2019	ret_isos_rpe_left_to_sys_ckd_wuttke2019	ret_isos_rpe_left	sys_ckd_wuttke2019	False	True
rs3825991	0.091597	0.00644067	-0.0156	0.0092	0.475027	48892.0	434558.0	202.25552963545366	6.72343e-46	0.09049	ret_isos_rpe_left__sys_ckd_wuttke2019	ret_isos_rpe_left_to_sys_ckd_wuttke2019	ret_isos_rpe_left	sys_ckd_wuttke2019	False	True
rs7564805	-0.195234	0.0145461	0.0006	0.0203	0.0495957	50579.0	444823.0	180.14315590409257	4.51099e-41	0.9779	ret_isos_rpe_left__sys_ckd_wuttke2019	ret_isos_rpe_left_to_sys_ckd_wuttke2019	ret_isos_rpe_left	sys_ckd_wuttke2019	False	True
rs111812808	-0.0814712	0.00664875	-0.014	0.0109	0.342848	50534.0	348962.0	150.15099678106282	1.60686e-34	0.1978	ret_isos_rpe_left__sys_ckd_wuttke2019	ret_isos_rpe_left_to_sys_ckd_wuttke2019	ret_isos_rpe_left	sys_ckd_wuttke2019	False	True
rs1329428	0.0768875	0.00640598	-0.0062	0.0093	0.404209	50579.0	440275.0	144.0589759372377	3.44901e-33	0.5074	ret_isos_rpe_left__sys_ckd_wuttke2019	ret_isos_rpe_left_to_sys_ckd_wuttke2019	ret_isos_rpe_left	sys_ckd_wuttke2019	False	True
rs6077977	0.0731273	0.00628836	-0.0096	0.0092	0.483324	50551.0	440290.0	135.23349882663763	2.93514e-31	0.2971	ret_isos_rpe_left__sys_ckd_wuttke2019	ret_isos_rpe_left_to_sys_ckd_wuttke2019	ret_isos_rpe_left	sys_ckd_wuttke2019	False	True
rs142963458	-0.201529	0.0184334	0.0312	0.0272	0.0310464	49426.0	396950.0	119.5265007367418	8.03013e-28	0.2507	ret_isos_rpe_left__sys_ckd_wuttke2019	ret_isos_rpe_left_to_sys_ckd_wuttke2019	ret_isos_rpe_left	sys_ckd_wuttke2019	False	True
rs2149036	-0.0813903	0.00757449	0.0043	0.0107	0.222205	50557.0	444966.0	115.46184831603676	6.23492e-27	0.687	ret_isos_rpe_left__sys_ckd_wuttke2019	ret_isos_rpe_left_to_sys_ckd_wuttke2019	ret_isos_rpe_left	sys_ckd_wuttke2019	False	True
rs57819090	0.098223	0.00955814	0.0226	0.0148	0.126186	50065.0	402682.0	105.60381660536117	9.00513e-25	0.1253	ret_isos_rpe_left__sys_ckd_wuttke2019	ret_isos_rpe_left_to_sys_ckd_wuttke2019	ret_isos_rpe_left	sys_ckd_wuttke2019	False	True
rs1800407	0.116996	0.0113867	-0.0057	0.0212	0.0831373	50579.0	398001.0	105.57139744565195	9.1513e-25	0.7886	ret_isos_rpe_left__sys_ckd_wuttke2019	ret_isos_rpe_left_to_sys_ckd_wuttke2019	ret_isos_rpe_left	sys_ckd_wuttke2019	False	True
rs3806709	-0.0913212	0.00897917	0.0145	0.014	0.146857	49984.0	402682.0	103.43578894452067	2.68989e-24	0.3019	ret_isos_rpe_left__sys_ckd_wuttke2019	ret_isos_rpe_left_to_sys_ckd_wuttke2019	ret_isos_rpe_left	sys_ckd_wuttke2019	False	True
rs7519368	-0.0717639	0.00707765	-0.0046	0.0109	0.273678	50278.0	402682.0	102.80965458340519	3.68933e-24	0.675	ret_isos_rpe_left__sys_ckd_wuttke2019	ret_isos_rpe_left_to_sys_ckd_wuttke2019	ret_isos_rpe_left	sys_ckd_wuttke2019	False	True
rs6415994	-0.0673214	0.00687425	-0.0032	0.01	0.30867	49898.0	444803.0	95.90817633491791	1.20334e-22	0.7454	ret_isos_rpe_left__sys_ckd_wuttke2019	ret_isos_rpe_left_to_sys_ckd_wuttke2019	ret_isos_rpe_left	sys_ckd_wuttke2019	False	True
rs9381202	-0.0664895	0.00679001	-0.013	0.0099	0.313789	50561.0	444943.0	95.88823095166478	1.21559e-22	0.1893	ret_isos_rpe_left__sys_ckd_wuttke2019	ret_isos_rpe_left_to_sys_ckd_wuttke2019	ret_isos_rpe_left	sys_ckd_wuttke2019	False	True
rs9669831	-0.0615227	0.00635877	-0.0066	0.0098	0.484304	49568.0	396950.0	93.6104946902419	3.84121e-22	0.5012	ret_isos_rpe_left__sys_ckd_wuttke2019	ret_isos_rpe_left_to_sys_ckd_wuttke2019	ret_isos_rpe_left	sys_ckd_wuttke2019	False	True
rs60401382	-0.0729692	0.00755273	0.0197	0.0108	0.227426	50025.0	444703.0	93.34074238073102	4.40199e-22	0.067	ret_isos_rpe_left__sys_ckd_wuttke2019	ret_isos_rpe_left_to_sys_ckd_wuttke2019	ret_isos_rpe_left	sys_ckd_wuttke2019	False	True
rs1864251	0.100972	0.0108724	0.0292	0.0161	0.0929322	50327.0	402682.0	86.24840521728794	1.58737e-20	0.0697	ret_isos_rpe_left__sys_ckd_wuttke2019	ret_isos_rpe_left_to_sys_ckd_wuttke2019	ret_isos_rpe_left	sys_ckd_wuttke2019	False	True
rs2326838	-0.060486	0.00657782	-0.0033	0.0102	0.36303	50522.0	397273.0	84.55625899053415	3.73443e-20	0.7465	ret_isos_rpe_left__sys_ckd_wuttke2019	ret_isos_rpe_left_to_sys_ckd_wuttke2019	ret_isos_rpe_left	sys_ckd_wuttke2019	False	True
rs2080402	-0.0583048	0.0063632	-0.0188	0.0098	0.440555	50198.0	402682.0	83.95710843068032	5.05624e-20	0.05459	ret_isos_rpe_left__sys_ckd_wuttke2019	ret_isos_rpe_left_to_sys_ckd_wuttke2019	ret_isos_rpe_left	sys_ckd_wuttke2019	False	True
rs1581836	0.0614194	0.00684097	-0.0115	0.0101	0.311583	50314.0	440290.0	80.60755853206224	2.75325e-19	0.2537	ret_isos_rpe_left__sys_ckd_wuttke2019	ret_isos_rpe_left_to_sys_ckd_wuttke2019	ret_isos_rpe_left	sys_ckd_wuttke2019	False	True
rs348882	-0.0680439	0.00775598	-0.011	0.011	0.210455	50436.0	444935.0	76.9670842172767	1.73825e-18	0.3199	ret_isos_rpe_left__sys_ckd_wuttke2019	ret_isos_rpe_left_to_sys_ckd_wuttke2019	ret_isos_rpe_left	sys_ckd_wuttke2019	False	True
rs1964242	0.066425	0.00812733	-0.0091	0.0117	0.18638	50491.0	444954.0	66.79859655187924	3.00702e-16	0.4383	ret_isos_rpe_left__sys_ckd_wuttke2019	ret_isos_rpe_left_to_sys_ckd_wuttke2019	ret_isos_rpe_left	sys_ckd_wuttke2019	False	True
rs12574286	-0.0618022	0.00772715	0.0199	0.012	0.211365	50226.0	402682.0	63.96894445146135	1.26396e-15	0.09726	ret_isos_rpe_left__sys_ckd_wuttke2019	ret_isos_rpe_left_to_sys_ckd_wuttke2019	ret_isos_rpe_left	sys_ckd_wuttke2019	False	True
rs11125168	-0.0484239	0.00633137	-0.0023	0.0092	0.451782	50531.0	444722.0	58.495726606868566	2.03741e-14	0.8016	ret_isos_rpe_left__sys_ckd_wuttke2019	ret_isos_rpe_left_to_sys_ckd_wuttke2019	ret_isos_rpe_left	sys_ckd_wuttke2019	False	True
rs6728947	0.0495707	0.00651501	0.0035	0.0093	0.389921	49796.0	444745.0	57.89218351729078	2.76872e-14	0.7103	ret_isos_rpe_left__sys_ckd_wuttke2019	ret_isos_rpe_left_to_sys_ckd_wuttke2019	ret_isos_rpe_left	sys_ckd_wuttke2019	False	True
rs4794029	-0.0487242	0.00683527	-0.0115	0.0103	0.317323	50050.0	402682.0	50.813380178955455	1.01583e-12	0.2656	ret_isos_rpe_left__sys_ckd_wuttke2019	ret_isos_rpe_left_to_sys_ckd_wuttke2019	ret_isos_rpe_left	sys_ckd_wuttke2019	False	True
rs7828	-0.0463127	0.00674022	-0.0067	0.0103	0.328309	50122.0	398001.0	47.21196293019387	6.37115e-12	0.5158	ret_isos_rpe_left__sys_ckd_wuttke2019	ret_isos_rpe_left_to_sys_ckd_wuttke2019	ret_isos_rpe_left	sys_ckd_wuttke2019	False	True
rs11587687	0.0436378	0.00635396	0.0068	0.0092	0.442692	50482.0	444952.0	47.16683575385493	6.5197e-12	0.4585	ret_isos_rpe_left__sys_ckd_wuttke2019	ret_isos_rpe_left_to_sys_ckd_wuttke2019	ret_isos_rpe_left	sys_ckd_wuttke2019	False	True
rs72637739	-0.0521299	0.00765858	0.007	0.0111	0.215781	50579.0	440290.0	46.33159774585977	9.984e-12	0.5276	ret_isos_rpe_left__sys_ckd_wuttke2019	ret_isos_rpe_left_to_sys_ckd_wuttke2019	ret_isos_rpe_left	sys_ckd_wuttke2019	False	True
rs11230527	-0.056188	0.00828848	0.0024	0.0124	0.181594	49206.0	402682.0	45.95548562427088	1.20968e-11	0.8453	ret_isos_rpe_left__sys_ckd_wuttke2019	ret_isos_rpe_left_to_sys_ckd_wuttke2019	ret_isos_rpe_left	sys_ckd_wuttke2019	False	True
rs111466394	0.057411	0.00849454	-0.006	0.0145	0.165879	50133.0	349091.0	45.67835881689165	1.39356e-11	0.6813	ret_isos_rpe_left__sys_ckd_wuttke2019	ret_isos_rpe_left_to_sys_ckd_wuttke2019	ret_isos_rpe_left	sys_ckd_wuttke2019	False	True
rs11433	-0.0426756	0.00637835	-0.0033	0.0093	0.437932	50388.0	420605.0	44.7654112197696	2.22108e-11	0.7248	ret_isos_rpe_left__sys_ckd_wuttke2019	ret_isos_rpe_left_to_sys_ckd_wuttke2019	ret_isos_rpe_left	sys_ckd_wuttke2019	False	True
rs113100410	-0.0791267	0.0122322	-0.0089	0.0194	0.0714032	50579.0	402682.0	41.84436299290786	9.88231e-11	0.6467	ret_isos_rpe_left__sys_ckd_wuttke2019	ret_isos_rpe_left_to_sys_ckd_wuttke2019	ret_isos_rpe_left	sys_ckd_wuttke2019	False	True
rs56351888	-0.0538697	0.00839038	0.0375	0.0121	0.167863	50574.0	442431.0	41.221695703311944	1.35908e-10	0.002037	ret_isos_rpe_left__sys_ckd_wuttke2019	ret_isos_rpe_left_to_sys_ckd_wuttke2019	ret_isos_rpe_left	sys_ckd_wuttke2019	False	True
rs556679	0.0610559	0.00977862	-0.0338	0.0152	0.118738	50447.0	439061.0	38.98523311594313	4.27015e-10	0.02588	ret_isos_rpe_left__sys_ckd_wuttke2019	ret_isos_rpe_left_to_sys_ckd_wuttke2019	ret_isos_rpe_left	sys_ckd_wuttke2019	False	True
rs72886128	0.0426198	0.00693546	0.0103	0.0105	0.302639	49721.0	402682.0	37.76350290181469	7.98613e-10	0.3288	ret_isos_rpe_left__sys_ckd_wuttke2019	ret_isos_rpe_left_to_sys_ckd_wuttke2019	ret_isos_rpe_left	sys_ckd_wuttke2019	False	True
rs9556964	0.0414557	0.00675588	-0.0121	0.0097	0.324381	50171.0	439162.0	37.65343935536674	8.44956e-10	0.2116	ret_isos_rpe_left__sys_ckd_wuttke2019	ret_isos_rpe_left_to_sys_ckd_wuttke2019	ret_isos_rpe_left	sys_ckd_wuttke2019	False	True
rs6778948	-0.0436189	0.00735795	0.0164	0.0104	0.242678	50567.0	444576.0	35.14275086344822	3.064e-09	0.1164	ret_isos_rpe_left__sys_ckd_wuttke2019	ret_isos_rpe_left_to_sys_ckd_wuttke2019	ret_isos_rpe_left	sys_ckd_wuttke2019	False	True
rs12449582	-0.0476238	0.00803761	-0.0007	0.0123	0.190569	50491.0	399463.0	35.10704146613112	3.12073e-09	0.9564	ret_isos_rpe_left__sys_ckd_wuttke2019	ret_isos_rpe_left_to_sys_ckd_wuttke2019	ret_isos_rpe_left	sys_ckd_wuttke2019	False	True
rs6771073	-0.0652426	0.0111304	0.0127	0.0174	0.0886063	50335.0	402682.0	34.35903640147949	4.58301e-09	0.4644	ret_isos_rpe_left__sys_ckd_wuttke2019	ret_isos_rpe_left_to_sys_ckd_wuttke2019	ret_isos_rpe_left	sys_ckd_wuttke2019	False	True
rs56124905	-0.0475216	0.00813608	-0.0167	0.012	0.18623	50239.0	444834.0	34.115495888868644	5.19378e-09	0.1625	ret_isos_rpe_left__sys_ckd_wuttke2019	ret_isos_rpe_left_to_sys_ckd_wuttke2019	ret_isos_rpe_left	sys_ckd_wuttke2019	False	True
rs7588399	0.0498361	0.00858829	0.0176	0.0129	0.169902	48522.0	402682.0	33.67244836500697	6.52194e-09	0.1732	ret_isos_rpe_left__sys_ckd_wuttke2019	ret_isos_rpe_left_to_sys_ckd_wuttke2019	ret_isos_rpe_left	sys_ckd_wuttke2019	False	True
rs250346	-0.0369409	0.00643839	0.0074	0.0098	0.474364	48623.0	402682.0	32.92004223915607	9.60289e-09	0.4502	ret_isos_rpe_left__sys_ckd_wuttke2019	ret_isos_rpe_left_to_sys_ckd_wuttke2019	ret_isos_rpe_left	sys_ckd_wuttke2019	False	True
rs10793567	-0.0404605	0.00706578	-0.0014	0.0104	0.284993	49703.0	402682.0	32.79006431304314	1.02669e-08	0.8897	ret_isos_rpe_left__sys_ckd_wuttke2019	ret_isos_rpe_left_to_sys_ckd_wuttke2019	ret_isos_rpe_left	sys_ckd_wuttke2019	False	True
rs817741	0.0359688	0.00629508	-0.0086	0.0102	0.507889	50579.0	399053.0	32.64745942219801	1.10483e-08	0.4027	ret_isos_rpe_left__sys_ckd_wuttke2019	ret_isos_rpe_left_to_sys_ckd_wuttke2019	ret_isos_rpe_left	sys_ckd_wuttke2019	False	True
rs111791023	-0.0469777	0.00823713	0.0104	0.0118	0.18078	50390.0	444885.0	32.52607506987281	1.17599e-08	0.3783	ret_isos_rpe_left__sys_ckd_wuttke2019	ret_isos_rpe_left_to_sys_ckd_wuttke2019	ret_isos_rpe_left	sys_ckd_wuttke2019	False	True
rs749523	-0.0382048	0.00681033	0.0021	0.0099	0.314484	50055.0	444827.0	31.470203264985624	2.02534e-08	0.8345	ret_isos_rpe_left__sys_ckd_wuttke2019	ret_isos_rpe_left_to_sys_ckd_wuttke2019	ret_isos_rpe_left	sys_ckd_wuttke2019	False	True
rs77924615	-0.2237	0.0128	0.00773866	0.00809683	0.2	402682.0	49309.0	305.43023681640625	6.383e-69	0.339191	ret_isos_rpe_left__sys_ckd_wuttke2019	sys_ckd_wuttke2019_to_ret_isos_rpe_left	sys_ckd_wuttke2019	ret_isos_rpe_left	True	False
rs10224002	-0.1083	0.0102	0.0095516	0.0069379	0.72	440290.0	50579.0	112.7344290657439	2.651e-26	0.168597	ret_isos_rpe_left__sys_ckd_wuttke2019	sys_ckd_wuttke2019_to_ret_isos_rpe_left	sys_ckd_wuttke2019	ret_isos_rpe_left	True	False
rs2484639	-0.0774	0.0092	0.000578358	0.00635842	0.51	438949.0	50279.0	70.77930056710774	2.95e-17	0.927525	ret_isos_rpe_left__sys_ckd_wuttke2019	sys_ckd_wuttke2019_to_ret_isos_rpe_left	sys_ckd_wuttke2019	ret_isos_rpe_left	True	False
rs62300825	-0.0949	0.0116	0.00220665	0.00774328	0.2	444622.0	50087.0	66.92932520808561	2.629e-16	0.775662	ret_isos_rpe_left__sys_ckd_wuttke2019	sys_ckd_wuttke2019_to_ret_isos_rpe_left	sys_ckd_wuttke2019	ret_isos_rpe_left	True	False
rs17730281	-0.0869	0.011	-0.00511681	0.00753136	0.23	440290.0	50579.0	62.41000000000002	2.677e-15	0.496884	ret_isos_rpe_left__sys_ckd_wuttke2019	sys_ckd_wuttke2019_to_ret_isos_rpe_left	sys_ckd_wuttke2019	ret_isos_rpe_left	True	False
rs35716097	0.0785	0.0105	-0.00751479	0.00687421	0.32	402682.0	50579.0	55.89342403628117	8.202e-14	0.274312	ret_isos_rpe_left__sys_ckd_wuttke2019	sys_ckd_wuttke2019_to_ret_isos_rpe_left	sys_ckd_wuttke2019	ret_isos_rpe_left	True	False
rs700221	-0.0719	0.0098	0.0109808	0.00643755	0.59	402682.0	50235.0	53.82767596834653	2.192e-13	0.0880554	ret_isos_rpe_left__sys_ckd_wuttke2019	sys_ckd_wuttke2019_to_ret_isos_rpe_left	sys_ckd_wuttke2019	ret_isos_rpe_left	True	False
rs7908590	-0.1343	0.0188	0.00338192	0.012056	0.93	402682.0	50318.0	51.0312641466727	8.993e-13	0.77908	ret_isos_rpe_left__sys_ckd_wuttke2019	sys_ckd_wuttke2019_to_ret_isos_rpe_left	sys_ckd_wuttke2019	ret_isos_rpe_left	True	False
rs12205178	0.0931	0.014	0.00115834	0.00937806	0.12	444904.0	50444.0	44.222500000000004	3.087e-11	0.901698	ret_isos_rpe_left__sys_ckd_wuttke2019	sys_ckd_wuttke2019_to_ret_isos_rpe_left	sys_ckd_wuttke2019	ret_isos_rpe_left	True	False
rs4871907	-0.0628	0.0097	0.00823241	0.00661891	0.55	402682.0	47013.0	41.91561271123391	9.909e-11	0.213584	ret_isos_rpe_left__sys_ckd_wuttke2019	sys_ckd_wuttke2019_to_ret_isos_rpe_left	sys_ckd_wuttke2019	ret_isos_rpe_left	True	False
rs77713116	-0.0752	0.0116	-0.00929657	0.0066293	0.65	306905.0	50459.0	42.02615933412605	1.031e-10	0.160812	ret_isos_rpe_left__sys_ckd_wuttke2019	sys_ckd_wuttke2019_to_ret_isos_rpe_left	sys_ckd_wuttke2019	ret_isos_rpe_left	True	False
rs187355703	-0.1987	0.0312	0.00870963	0.0206674	0.98	401575.0	50448.0	40.55893532215648	1.801e-10	0.673449	ret_isos_rpe_left__sys_ckd_wuttke2019	sys_ckd_wuttke2019_to_ret_isos_rpe_left	sys_ckd_wuttke2019	ret_isos_rpe_left	True	False
rs7178881	-0.0544	0.0092	0.0024704	0.00637785	0.41	444846.0	50579.0	34.964083175803395	4.14e-09	0.698504	ret_isos_rpe_left__sys_ckd_wuttke2019	sys_ckd_wuttke2019_to_ret_isos_rpe_left	sys_ckd_wuttke2019	ret_isos_rpe_left	True	False
rs1458038	-0.059	0.01	0.000951114	0.00698859	0.31	440290.0	49784.0	34.809999999999995	4.206e-09	0.891746	ret_isos_rpe_left__sys_ckd_wuttke2019	sys_ckd_wuttke2019_to_ret_isos_rpe_left	sys_ckd_wuttke2019	ret_isos_rpe_left	True	False
rs2580350	0.055	0.0098	-0.00252641	0.0064469	0.55	402682.0	49039.0	31.49729279466889	1.691e-08	0.695148	ret_isos_rpe_left__sys_ckd_wuttke2019	sys_ckd_wuttke2019_to_ret_isos_rpe_left	sys_ckd_wuttke2019	ret_isos_rpe_left	True	False
rs9474801	0.0522	0.0096	0.0077526	0.00667013	0.34	444725.0	50337.0	29.56640625000001	4.606e-08	0.245119	ret_isos_rpe_left__sys_ckd_wuttke2019	sys_ckd_wuttke2019_to_ret_isos_rpe_left	sys_ckd_wuttke2019	ret_isos_rpe_left	True	False
rs3138142	0.11003	0.00740092	0.0368	0.0199	0.239927	50232.0	63926.0	221.02978764302117	5.38775e-50	0.06423	ret_isos_rpe_left__sys_ad_kunkle2019	ret_isos_rpe_left_to_sys_ad_kunkle2019	ret_isos_rpe_left	sys_ad_kunkle2019	False	True
rs7073076	0.0932771	0.00633405	-0.0008	0.0143	0.460197	50361.0	63926.0	216.86381629763295	4.3698e-49	0.9581	ret_isos_rpe_left__sys_ad_kunkle2019	ret_isos_rpe_left_to_sys_ad_kunkle2019	ret_isos_rpe_left	sys_ad_kunkle2019	False	True
rs3825991	0.091597	0.00644067	-0.009	0.0146	0.475027	48892.0	63926.0	202.25552963545366	6.72343e-46	0.5388	ret_isos_rpe_left__sys_ad_kunkle2019	ret_isos_rpe_left_to_sys_ad_kunkle2019	ret_isos_rpe_left	sys_ad_kunkle2019	False	True
rs7564805	-0.195234	0.0145461	-0.06	0.0321	0.0495957	50579.0	63926.0	180.14315590409257	4.51099e-41	0.06185	ret_isos_rpe_left__sys_ad_kunkle2019	ret_isos_rpe_left_to_sys_ad_kunkle2019	ret_isos_rpe_left	sys_ad_kunkle2019	False	True
rs111812808	-0.0814712	0.00664875	0.0239	0.0154	0.342848	50534.0	63926.0	150.15099678106282	1.60686e-34	0.1202	ret_isos_rpe_left__sys_ad_kunkle2019	ret_isos_rpe_left_to_sys_ad_kunkle2019	ret_isos_rpe_left	sys_ad_kunkle2019	False	True
rs1329428	0.0768875	0.00640598	-0.0114	0.0144	0.404209	50579.0	63926.0	144.0589759372377	3.44901e-33	0.4297	ret_isos_rpe_left__sys_ad_kunkle2019	ret_isos_rpe_left_to_sys_ad_kunkle2019	ret_isos_rpe_left	sys_ad_kunkle2019	False	True
rs6077977	0.0731273	0.00628836	0.0112	0.0142	0.483324	50551.0	63926.0	135.23349882663763	2.93514e-31	0.4318	ret_isos_rpe_left__sys_ad_kunkle2019	ret_isos_rpe_left_to_sys_ad_kunkle2019	ret_isos_rpe_left	sys_ad_kunkle2019	False	True
rs142963458	-0.201529	0.0184334	0.0052	0.0423	0.0310464	49426.0	63926.0	119.5265007367418	8.03013e-28	0.903	ret_isos_rpe_left__sys_ad_kunkle2019	ret_isos_rpe_left_to_sys_ad_kunkle2019	ret_isos_rpe_left	sys_ad_kunkle2019	False	True
rs2149036	-0.0813903	0.00757449	-0.0122	0.0172	0.222205	50557.0	63926.0	115.46184831603676	6.23492e-27	0.4779	ret_isos_rpe_left__sys_ad_kunkle2019	ret_isos_rpe_left_to_sys_ad_kunkle2019	ret_isos_rpe_left	sys_ad_kunkle2019	False	True
rs57819090	0.098223	0.00955814	0.0075	0.0212	0.126186	50065.0	63926.0	105.60381660536117	9.00513e-25	0.7253	ret_isos_rpe_left__sys_ad_kunkle2019	ret_isos_rpe_left_to_sys_ad_kunkle2019	ret_isos_rpe_left	sys_ad_kunkle2019	False	True
rs1800407	0.116996	0.0113867	0.0009	0.0311	0.0831373	50579.0	63926.0	105.57139744565195	9.1513e-25	0.9774	ret_isos_rpe_left__sys_ad_kunkle2019	ret_isos_rpe_left_to_sys_ad_kunkle2019	ret_isos_rpe_left	sys_ad_kunkle2019	False	True
rs3806709	-0.0913212	0.00897917	0.0373	0.0215	0.146857	49984.0	63926.0	103.43578894452067	2.68989e-24	0.08242	ret_isos_rpe_left__sys_ad_kunkle2019	ret_isos_rpe_left_to_sys_ad_kunkle2019	ret_isos_rpe_left	sys_ad_kunkle2019	False	True
rs7519368	-0.0717639	0.00707765	0.0243	0.0164	0.273678	50278.0	63926.0	102.80965458340519	3.68933e-24	0.1371	ret_isos_rpe_left__sys_ad_kunkle2019	ret_isos_rpe_left_to_sys_ad_kunkle2019	ret_isos_rpe_left	sys_ad_kunkle2019	False	True
rs6415994	-0.0673214	0.00687425	0.0069	0.0157	0.30867	49898.0	63926.0	95.90817633491791	1.20334e-22	0.6615	ret_isos_rpe_left__sys_ad_kunkle2019	ret_isos_rpe_left_to_sys_ad_kunkle2019	ret_isos_rpe_left	sys_ad_kunkle2019	False	True
rs9381202	-0.0664895	0.00679001	0.0044	0.0156	0.313789	50561.0	63926.0	95.88823095166478	1.21559e-22	0.7782	ret_isos_rpe_left__sys_ad_kunkle2019	ret_isos_rpe_left_to_sys_ad_kunkle2019	ret_isos_rpe_left	sys_ad_kunkle2019	False	True
rs9669831	-0.0615227	0.00635877	-0.002	0.0146	0.484304	49568.0	63926.0	93.6104946902419	3.84121e-22	0.8909	ret_isos_rpe_left__sys_ad_kunkle2019	ret_isos_rpe_left_to_sys_ad_kunkle2019	ret_isos_rpe_left	sys_ad_kunkle2019	False	True
rs60401382	-0.0729692	0.00755273	-0.0195	0.0171	0.227426	50025.0	63926.0	93.34074238073102	4.40199e-22	0.2551	ret_isos_rpe_left__sys_ad_kunkle2019	ret_isos_rpe_left_to_sys_ad_kunkle2019	ret_isos_rpe_left	sys_ad_kunkle2019	False	True
rs1864251	0.100972	0.0108724	0.0292	0.0239	0.0929322	50327.0	63926.0	86.24840521728794	1.58737e-20	0.2219	ret_isos_rpe_left__sys_ad_kunkle2019	ret_isos_rpe_left_to_sys_ad_kunkle2019	ret_isos_rpe_left	sys_ad_kunkle2019	False	True
rs2326838	-0.060486	0.00657782	-0.0141	0.0159	0.36303	50522.0	63926.0	84.55625899053415	3.73443e-20	0.3761	ret_isos_rpe_left__sys_ad_kunkle2019	ret_isos_rpe_left_to_sys_ad_kunkle2019	ret_isos_rpe_left	sys_ad_kunkle2019	False	True
rs2080402	-0.0583048	0.0063632	-0.0135	0.0146	0.440555	50198.0	63926.0	83.95710843068032	5.05624e-20	0.3551	ret_isos_rpe_left__sys_ad_kunkle2019	ret_isos_rpe_left_to_sys_ad_kunkle2019	ret_isos_rpe_left	sys_ad_kunkle2019	False	True
rs1581836	0.0614194	0.00684097	0.008	0.0155	0.311583	50314.0	63926.0	80.60755853206224	2.75325e-19	0.6049	ret_isos_rpe_left__sys_ad_kunkle2019	ret_isos_rpe_left_to_sys_ad_kunkle2019	ret_isos_rpe_left	sys_ad_kunkle2019	False	True
rs348882	-0.0680439	0.00775598	-0.0192	0.0173	0.210455	50436.0	63926.0	76.9670842172767	1.73825e-18	0.2664	ret_isos_rpe_left__sys_ad_kunkle2019	ret_isos_rpe_left_to_sys_ad_kunkle2019	ret_isos_rpe_left	sys_ad_kunkle2019	False	True
rs1964242	0.066425	0.00812733	-0.0019	0.0181	0.18638	50491.0	63926.0	66.79859655187924	3.00702e-16	0.918	ret_isos_rpe_left__sys_ad_kunkle2019	ret_isos_rpe_left_to_sys_ad_kunkle2019	ret_isos_rpe_left	sys_ad_kunkle2019	False	True
rs12574286	-0.0618022	0.00772715	0.0097	0.0176	0.211365	50226.0	63926.0	63.96894445146135	1.26396e-15	0.5826	ret_isos_rpe_left__sys_ad_kunkle2019	ret_isos_rpe_left_to_sys_ad_kunkle2019	ret_isos_rpe_left	sys_ad_kunkle2019	False	True
rs11125168	-0.0484239	0.00633137	0.03	0.0143	0.451782	50531.0	63926.0	58.495726606868566	2.03741e-14	0.03593	ret_isos_rpe_left__sys_ad_kunkle2019	ret_isos_rpe_left_to_sys_ad_kunkle2019	ret_isos_rpe_left	sys_ad_kunkle2019	False	True
rs6728947	0.0495707	0.00651501	-0.0096	0.0149	0.389921	49796.0	63926.0	57.89218351729078	2.76872e-14	0.5197	ret_isos_rpe_left__sys_ad_kunkle2019	ret_isos_rpe_left_to_sys_ad_kunkle2019	ret_isos_rpe_left	sys_ad_kunkle2019	False	True
rs4794029	-0.0487242	0.00683527	0.0231	0.0153	0.317323	50050.0	63926.0	50.813380178955455	1.01583e-12	0.1305	ret_isos_rpe_left__sys_ad_kunkle2019	ret_isos_rpe_left_to_sys_ad_kunkle2019	ret_isos_rpe_left	sys_ad_kunkle2019	False	True
rs7828	-0.0463127	0.00674022	0.0117	0.0152	0.328309	50122.0	63926.0	47.21196293019387	6.37115e-12	0.441	ret_isos_rpe_left__sys_ad_kunkle2019	ret_isos_rpe_left_to_sys_ad_kunkle2019	ret_isos_rpe_left	sys_ad_kunkle2019	False	True
rs11587687	0.0436378	0.00635396	-0.0089	0.0143	0.442692	50482.0	63926.0	47.16683575385493	6.5197e-12	0.5345	ret_isos_rpe_left__sys_ad_kunkle2019	ret_isos_rpe_left_to_sys_ad_kunkle2019	ret_isos_rpe_left	sys_ad_kunkle2019	False	True
rs72637739	-0.0521299	0.00765858	0.0203	0.0177	0.215781	50579.0	63926.0	46.33159774585977	9.984e-12	0.251	ret_isos_rpe_left__sys_ad_kunkle2019	ret_isos_rpe_left_to_sys_ad_kunkle2019	ret_isos_rpe_left	sys_ad_kunkle2019	False	True
rs11230527	-0.056188	0.00828848	-0.0071	0.0195	0.181594	49206.0	63926.0	45.95548562427088	1.20968e-11	0.7143	ret_isos_rpe_left__sys_ad_kunkle2019	ret_isos_rpe_left_to_sys_ad_kunkle2019	ret_isos_rpe_left	sys_ad_kunkle2019	False	True
rs111466394	0.057411	0.00849454	-0.0211	0.0188	0.165879	50133.0	63926.0	45.67835881689165	1.39356e-11	0.262	ret_isos_rpe_left__sys_ad_kunkle2019	ret_isos_rpe_left_to_sys_ad_kunkle2019	ret_isos_rpe_left	sys_ad_kunkle2019	False	True
rs11433	-0.0426756	0.00637835	0.0216	0.0148	0.437932	50388.0	63926.0	44.7654112197696	2.22108e-11	0.144	ret_isos_rpe_left__sys_ad_kunkle2019	ret_isos_rpe_left_to_sys_ad_kunkle2019	ret_isos_rpe_left	sys_ad_kunkle2019	False	True
rs113100410	-0.0791267	0.0122322	-0.0038	0.0288	0.0714032	50579.0	63926.0	41.84436299290786	9.88231e-11	0.8944	ret_isos_rpe_left__sys_ad_kunkle2019	ret_isos_rpe_left_to_sys_ad_kunkle2019	ret_isos_rpe_left	sys_ad_kunkle2019	False	True
rs56351888	-0.0538697	0.00839038	-0.0148	0.0194	0.167863	50574.0	63926.0	41.221695703311944	1.35908e-10	0.4467	ret_isos_rpe_left__sys_ad_kunkle2019	ret_isos_rpe_left_to_sys_ad_kunkle2019	ret_isos_rpe_left	sys_ad_kunkle2019	False	True
rs556679	0.0610559	0.00977862	0.0116	0.0228	0.118738	50447.0	63926.0	38.98523311594313	4.27015e-10	0.6104	ret_isos_rpe_left__sys_ad_kunkle2019	ret_isos_rpe_left_to_sys_ad_kunkle2019	ret_isos_rpe_left	sys_ad_kunkle2019	False	True
rs72886128	0.0426198	0.00693546	0.0092	0.0156	0.302639	49721.0	63926.0	37.76350290181469	7.98613e-10	0.5568	ret_isos_rpe_left__sys_ad_kunkle2019	ret_isos_rpe_left_to_sys_ad_kunkle2019	ret_isos_rpe_left	sys_ad_kunkle2019	False	True
rs9556964	0.0414557	0.00675588	0.0065	0.015	0.324381	50171.0	63926.0	37.65343935536674	8.44956e-10	0.667	ret_isos_rpe_left__sys_ad_kunkle2019	ret_isos_rpe_left_to_sys_ad_kunkle2019	ret_isos_rpe_left	sys_ad_kunkle2019	False	True
rs6778948	-0.0436189	0.00735795	-0.0034	0.0167	0.242678	50567.0	63926.0	35.14275086344822	3.064e-09	0.8379	ret_isos_rpe_left__sys_ad_kunkle2019	ret_isos_rpe_left_to_sys_ad_kunkle2019	ret_isos_rpe_left	sys_ad_kunkle2019	False	True
rs12449582	-0.0476238	0.00803761	-0.0124	0.0184	0.190569	50491.0	63926.0	35.10704146613112	3.12073e-09	0.5005	ret_isos_rpe_left__sys_ad_kunkle2019	ret_isos_rpe_left_to_sys_ad_kunkle2019	ret_isos_rpe_left	sys_ad_kunkle2019	False	True
rs6771073	-0.0652426	0.0111304	0.0019	0.0248	0.0886063	50335.0	63926.0	34.35903640147949	4.58301e-09	0.9388	ret_isos_rpe_left__sys_ad_kunkle2019	ret_isos_rpe_left_to_sys_ad_kunkle2019	ret_isos_rpe_left	sys_ad_kunkle2019	False	True
rs56124905	-0.0475216	0.00813608	0.0045	0.0183	0.18623	50239.0	63926.0	34.115495888868644	5.19378e-09	0.8058	ret_isos_rpe_left__sys_ad_kunkle2019	ret_isos_rpe_left_to_sys_ad_kunkle2019	ret_isos_rpe_left	sys_ad_kunkle2019	False	True
rs7588399	0.0498361	0.00858829	0.015	0.0207	0.169902	48522.0	63926.0	33.67244836500697	6.52194e-09	0.4694	ret_isos_rpe_left__sys_ad_kunkle2019	ret_isos_rpe_left_to_sys_ad_kunkle2019	ret_isos_rpe_left	sys_ad_kunkle2019	False	True
rs250346	-0.0369409	0.00643839	0.0135	0.0147	0.474364	48623.0	63926.0	32.92004223915607	9.60289e-09	0.359	ret_isos_rpe_left__sys_ad_kunkle2019	ret_isos_rpe_left_to_sys_ad_kunkle2019	ret_isos_rpe_left	sys_ad_kunkle2019	False	True
rs10793567	-0.0404605	0.00706578	-0.0191	0.0158	0.284993	49703.0	63926.0	32.79006431304314	1.02669e-08	0.2258	ret_isos_rpe_left__sys_ad_kunkle2019	ret_isos_rpe_left_to_sys_ad_kunkle2019	ret_isos_rpe_left	sys_ad_kunkle2019	False	True
rs817741	0.0359688	0.00629508	-0.0112	0.0169	0.507889	50579.0	63926.0	32.64745942219801	1.10483e-08	0.5073	ret_isos_rpe_left__sys_ad_kunkle2019	ret_isos_rpe_left_to_sys_ad_kunkle2019	ret_isos_rpe_left	sys_ad_kunkle2019	False	True
rs111791023	-0.0469777	0.00823713	0.0161	0.0188	0.18078	50390.0	63926.0	32.52607506987281	1.17599e-08	0.3921	ret_isos_rpe_left__sys_ad_kunkle2019	ret_isos_rpe_left_to_sys_ad_kunkle2019	ret_isos_rpe_left	sys_ad_kunkle2019	False	True
rs749523	-0.0382048	0.00681033	0.0003	0.0151	0.314484	50055.0	63926.0	31.470203264985624	2.02534e-08	0.9857	ret_isos_rpe_left__sys_ad_kunkle2019	ret_isos_rpe_left_to_sys_ad_kunkle2019	ret_isos_rpe_left	sys_ad_kunkle2019	False	True
rs12972156	-0.9653	0.0189	-0.0103689	0.0090398	0.864811	63926.0	49904.0	2608.5610425240056	0.0	0.251371	ret_isos_rpe_left__sys_ad_kunkle2019	sys_ad_kunkle2019_to_ret_isos_rpe_left	sys_ad_kunkle2019	ret_isos_rpe_left	True	False
rs117310449	0.9879	0.0691	0.028787	0.0299477	0.0149105	63926.0	50523.0	204.3948157099445	2.275e-46	0.33643	ret_isos_rpe_left__sys_ad_kunkle2019	sys_ad_kunkle2019_to_ret_isos_rpe_left	sys_ad_kunkle2019	ret_isos_rpe_left	True	False
rs6733839	0.1693	0.0154	0.00723328	0.00667742	0.379722	63926.0	47474.0	120.85718502276946	4.022e-28	0.2787	ret_isos_rpe_left__sys_ad_kunkle2019	sys_ad_kunkle2019_to_ret_isos_rpe_left	sys_ad_kunkle2019	ret_isos_rpe_left	True	False
rs867230	0.1333	0.0158	-0.00858144	0.00653197	0.59841	63926.0	48795.0	71.17805640121775	3.492e-17	0.188927	ret_isos_rpe_left__sys_ad_kunkle2019	sys_ad_kunkle2019_to_ret_isos_rpe_left	sys_ad_kunkle2019	ret_isos_rpe_left	True	False
rs1582763	-0.1232	0.0149	0.0115151	0.00652152	0.362823	63926.0	50463.0	68.36737083915139	1.186e-16	0.0774458	ret_isos_rpe_left__sys_ad_kunkle2019	sys_ad_kunkle2019_to_ret_isos_rpe_left	sys_ad_kunkle2019	ret_isos_rpe_left	True	False
rs679515	0.1508	0.0183	0.00929263	0.00826998	0.171968	63926.0	50471.0	67.90480456269222	1.555e-16	0.261158	ret_isos_rpe_left__sys_ad_kunkle2019	sys_ad_kunkle2019_to_ret_isos_rpe_left	sys_ad_kunkle2019	ret_isos_rpe_left	True	False
rs3851179	-0.1198	0.0148	0.00993212	0.00651732	0.37077499999999997	63926.0	50579.0	65.52246165084003	5.809e-16	0.12752	ret_isos_rpe_left__sys_ad_kunkle2019	sys_ad_kunkle2019_to_ret_isos_rpe_left	sys_ad_kunkle2019	ret_isos_rpe_left	True	False
rs117316645	0.2709	0.0349	0.0272452	0.0157751	0.0397614	63926.0	50496.0	60.25140187683186	8.946e-15	0.0841487	ret_isos_rpe_left__sys_ad_kunkle2019	sys_ad_kunkle2019_to_ret_isos_rpe_left	sys_ad_kunkle2019	ret_isos_rpe_left	True	False
rs114812713	0.298	0.0431	0.00467397	0.0203626	0.027833	63926.0	50256.0	47.805513536210505	4.467e-12	0.818451	ret_isos_rpe_left__sys_ad_kunkle2019	sys_ad_kunkle2019_to_ret_isos_rpe_left	sys_ad_kunkle2019	ret_isos_rpe_left	True	False
rs3740688	0.0935	0.0144	-0.00284385	0.00634702	0.542744	63926.0	50149.0	42.15977044753086	9.702e-11	0.654109	ret_isos_rpe_left__sys_ad_kunkle2019	sys_ad_kunkle2019_to_ret_isos_rpe_left	sys_ad_kunkle2019	ret_isos_rpe_left	True	False
rs12151021	0.1071	0.0169	0.0247282	0.00680985	0.33797200000000005	63926.0	49549.0	40.16109379923674	2.562e-10	0.000282056	ret_isos_rpe_left__sys_ad_kunkle2019	sys_ad_kunkle2019_to_ret_isos_rpe_left	sys_ad_kunkle2019	ret_isos_rpe_left	True	False
rs73223431	0.0936	0.0153	0.00923536	0.00658863	0.345924	63926.0	50031.0	37.425605536332185	8.342e-10	0.161002	ret_isos_rpe_left__sys_ad_kunkle2019	sys_ad_kunkle2019_to_ret_isos_rpe_left	sys_ad_kunkle2019	ret_isos_rpe_left	True	False
rs34665982	0.0967	0.0166	0.00896021	0.00637995	0.5099400000000001	63926.0	49847.0	33.93413412686892	5.798e-09	0.16019	ret_isos_rpe_left__sys_ad_kunkle2019	sys_ad_kunkle2019_to_ret_isos_rpe_left	sys_ad_kunkle2019	ret_isos_rpe_left	True	False
rs12590654	-0.0906	0.0157	0.00302211	0.00673764	0.336978	63926.0	49254.0	33.3009858412106	8.729e-09	0.653762	ret_isos_rpe_left__sys_ad_kunkle2019	sys_ad_kunkle2019_to_ret_isos_rpe_left	sys_ad_kunkle2019	ret_isos_rpe_left	True	False
rs11767557	0.1028	0.0182	0.00116248	0.00772829	0.782306	63926.0	50579.0	31.903876343436778	1.561e-08	0.880434	ret_isos_rpe_left__sys_ad_kunkle2019	sys_ad_kunkle2019_to_ret_isos_rpe_left	sys_ad_kunkle2019	ret_isos_rpe_left	True	False
rs1385742	0.0876	0.0157	0.00371122	0.00672442	0.324056	63926.0	48683.0	31.13213517789769	2.232e-08	0.581016	ret_isos_rpe_left__sys_ad_kunkle2019	sys_ad_kunkle2019_to_ret_isos_rpe_left	sys_ad_kunkle2019	ret_isos_rpe_left	True	False
rs11218343	0.2053	0.0369	0.0130444	0.0162923	0.9572565	63926.0	50544.0	30.95459786576185	2.633e-08	0.423336	ret_isos_rpe_left__sys_ad_kunkle2019	sys_ad_kunkle2019_to_ret_isos_rpe_left	sys_ad_kunkle2019	ret_isos_rpe_left	True	False
rs12416487	-0.085	0.0154	0.000318486	0.00666143	0.34890699999999997	63926.0	50290.0	30.46466520492495	3.417e-08	0.961867	ret_isos_rpe_left__sys_ad_kunkle2019	sys_ad_kunkle2019_to_ret_isos_rpe_left	sys_ad_kunkle2019	ret_isos_rpe_left	True	False
rs3138142	0.11003	0.00740092	-0.0058	0.0271	0.239927	50232.0	27693.0	221.02978764302117	5.38775e-50	0.829	ret_isos_rpe_left__sys_pd_nalls2019_clinical	ret_isos_rpe_left_to_sys_pd_nalls2019_clinical	ret_isos_rpe_left	sys_pd_nalls2019_clinical	False	True
rs7073076	0.0932771	0.00633405	-0.0022	0.0228	0.460197	50361.0	27693.0	216.86381629763295	4.3698e-49	0.9236	ret_isos_rpe_left__sys_pd_nalls2019_clinical	ret_isos_rpe_left_to_sys_pd_nalls2019_clinical	ret_isos_rpe_left	sys_pd_nalls2019_clinical	False	True
rs3825991	0.091597	0.00644067	-0.0269	0.0217	0.475027	48892.0	27693.0	202.25552963545366	6.72343e-46	0.2155	ret_isos_rpe_left__sys_pd_nalls2019_clinical	ret_isos_rpe_left_to_sys_pd_nalls2019_clinical	ret_isos_rpe_left	sys_pd_nalls2019_clinical	False	True
rs7564805	-0.195234	0.0145461	-0.0529	0.0429	0.0495957	50579.0	27693.0	180.14315590409257	4.51099e-41	0.2178	ret_isos_rpe_left__sys_pd_nalls2019_clinical	ret_isos_rpe_left_to_sys_pd_nalls2019_clinical	ret_isos_rpe_left	sys_pd_nalls2019_clinical	False	True
rs1329428	0.0768875	0.00640598	-0.0119	0.0225	0.404209	50579.0	27693.0	144.0589759372377	3.44901e-33	0.5953	ret_isos_rpe_left__sys_pd_nalls2019_clinical	ret_isos_rpe_left_to_sys_pd_nalls2019_clinical	ret_isos_rpe_left	sys_pd_nalls2019_clinical	False	True
rs6077977	0.0731273	0.00628836	-0.0052	0.0273	0.483324	50551.0	27693.0	135.23349882663763	2.93514e-31	0.8475	ret_isos_rpe_left__sys_pd_nalls2019_clinical	ret_isos_rpe_left_to_sys_pd_nalls2019_clinical	ret_isos_rpe_left	sys_pd_nalls2019_clinical	False	True
rs142963458	-0.201529	0.0184334	-0.0336	0.079	0.0310464	49426.0	27693.0	119.5265007367418	8.03013e-28	0.6701	ret_isos_rpe_left__sys_pd_nalls2019_clinical	ret_isos_rpe_left_to_sys_pd_nalls2019_clinical	ret_isos_rpe_left	sys_pd_nalls2019_clinical	False	True
rs2149036	-0.0813903	0.00757449	-0.026	0.0286	0.222205	50557.0	27693.0	115.46184831603676	6.23492e-27	0.3644	ret_isos_rpe_left__sys_pd_nalls2019_clinical	ret_isos_rpe_left_to_sys_pd_nalls2019_clinical	ret_isos_rpe_left	sys_pd_nalls2019_clinical	False	True
rs57819090	0.098223	0.00955814	-0.006	0.0308	0.126186	50065.0	27693.0	105.60381660536117	9.00513e-25	0.8454	ret_isos_rpe_left__sys_pd_nalls2019_clinical	ret_isos_rpe_left_to_sys_pd_nalls2019_clinical	ret_isos_rpe_left	sys_pd_nalls2019_clinical	False	True
rs1800407	0.116996	0.0113867	-0.003	0.0354	0.0831373	50579.0	27693.0	105.57139744565195	9.1513e-25	0.9321	ret_isos_rpe_left__sys_pd_nalls2019_clinical	ret_isos_rpe_left_to_sys_pd_nalls2019_clinical	ret_isos_rpe_left	sys_pd_nalls2019_clinical	False	True
rs3806709	-0.0913212	0.00897917	-0.0717	0.0271	0.146857	49984.0	27693.0	103.43578894452067	2.68989e-24	0.00825	ret_isos_rpe_left__sys_pd_nalls2019_clinical	ret_isos_rpe_left_to_sys_pd_nalls2019_clinical	ret_isos_rpe_left	sys_pd_nalls2019_clinical	False	True
rs7519368	-0.0717639	0.00707765	-0.0194	0.0221	0.273678	50278.0	27693.0	102.80965458340519	3.68933e-24	0.3804	ret_isos_rpe_left__sys_pd_nalls2019_clinical	ret_isos_rpe_left_to_sys_pd_nalls2019_clinical	ret_isos_rpe_left	sys_pd_nalls2019_clinical	False	True
rs6415994	-0.0673214	0.00687425	-0.0088	0.0219	0.30867	49898.0	27693.0	95.90817633491791	1.20334e-22	0.6868	ret_isos_rpe_left__sys_pd_nalls2019_clinical	ret_isos_rpe_left_to_sys_pd_nalls2019_clinical	ret_isos_rpe_left	sys_pd_nalls2019_clinical	False	True
rs9381202	-0.0664895	0.00679001	-0.0171	0.02	0.313789	50561.0	27693.0	95.88823095166478	1.21559e-22	0.3926	ret_isos_rpe_left__sys_pd_nalls2019_clinical	ret_isos_rpe_left_to_sys_pd_nalls2019_clinical	ret_isos_rpe_left	sys_pd_nalls2019_clinical	False	True
rs9669831	-0.0615227	0.00635877	-0.0454	0.0196	0.484304	49568.0	27693.0	93.6104946902419	3.84121e-22	0.02085	ret_isos_rpe_left__sys_pd_nalls2019_clinical	ret_isos_rpe_left_to_sys_pd_nalls2019_clinical	ret_isos_rpe_left	sys_pd_nalls2019_clinical	False	True
rs60401382	-0.0729692	0.00755273	-0.0329	0.0273	0.227426	50025.0	27693.0	93.34074238073102	4.40199e-22	0.2287	ret_isos_rpe_left__sys_pd_nalls2019_clinical	ret_isos_rpe_left_to_sys_pd_nalls2019_clinical	ret_isos_rpe_left	sys_pd_nalls2019_clinical	False	True
rs1864251	0.100972	0.0108724	0.0118	0.0463	0.0929322	50327.0	27693.0	86.24840521728794	1.58737e-20	0.7986	ret_isos_rpe_left__sys_pd_nalls2019_clinical	ret_isos_rpe_left_to_sys_pd_nalls2019_clinical	ret_isos_rpe_left	sys_pd_nalls2019_clinical	False	True
rs2326838	-0.060486	0.00657782	0.0131	0.0292	0.36303	50522.0	27693.0	84.55625899053415	3.73443e-20	0.6546	ret_isos_rpe_left__sys_pd_nalls2019_clinical	ret_isos_rpe_left_to_sys_pd_nalls2019_clinical	ret_isos_rpe_left	sys_pd_nalls2019_clinical	False	True
rs2080402	-0.0583048	0.0063632	0.012	0.0196	0.440555	50198.0	27693.0	83.95710843068032	5.05624e-20	0.5386	ret_isos_rpe_left__sys_pd_nalls2019_clinical	ret_isos_rpe_left_to_sys_pd_nalls2019_clinical	ret_isos_rpe_left	sys_pd_nalls2019_clinical	False	True
rs1581836	0.0614194	0.00684097	-0.0214	0.0293	0.311583	50314.0	27693.0	80.60755853206224	2.75325e-19	0.4643	ret_isos_rpe_left__sys_pd_nalls2019_clinical	ret_isos_rpe_left_to_sys_pd_nalls2019_clinical	ret_isos_rpe_left	sys_pd_nalls2019_clinical	False	True
rs348882	-0.0680439	0.00775598	-0.0231	0.0264	0.210455	50436.0	27693.0	76.9670842172767	1.73825e-18	0.3824	ret_isos_rpe_left__sys_pd_nalls2019_clinical	ret_isos_rpe_left_to_sys_pd_nalls2019_clinical	ret_isos_rpe_left	sys_pd_nalls2019_clinical	False	True
rs1964242	0.066425	0.00812733	0.0076	0.0249	0.18638	50491.0	27693.0	66.79859655187924	3.00702e-16	0.7605	ret_isos_rpe_left__sys_pd_nalls2019_clinical	ret_isos_rpe_left_to_sys_pd_nalls2019_clinical	ret_isos_rpe_left	sys_pd_nalls2019_clinical	False	True
rs12574286	-0.0618022	0.00772715	-0.0248	0.026	0.211365	50226.0	27693.0	63.96894445146135	1.26396e-15	0.3397	ret_isos_rpe_left__sys_pd_nalls2019_clinical	ret_isos_rpe_left_to_sys_pd_nalls2019_clinical	ret_isos_rpe_left	sys_pd_nalls2019_clinical	False	True
rs11125168	-0.0484239	0.00633137	-0.0569	0.0224	0.451782	50531.0	27693.0	58.495726606868566	2.03741e-14	0.01117	ret_isos_rpe_left__sys_pd_nalls2019_clinical	ret_isos_rpe_left_to_sys_pd_nalls2019_clinical	ret_isos_rpe_left	sys_pd_nalls2019_clinical	False	True
rs6728947	0.0495707	0.00651501	-0.0482	0.0212	0.389921	49796.0	27693.0	57.89218351729078	2.76872e-14	0.02295	ret_isos_rpe_left__sys_pd_nalls2019_clinical	ret_isos_rpe_left_to_sys_pd_nalls2019_clinical	ret_isos_rpe_left	sys_pd_nalls2019_clinical	False	True
rs4794029	-0.0487242	0.00683527	0.0154	0.0219	0.317323	50050.0	27693.0	50.813380178955455	1.01583e-12	0.4812	ret_isos_rpe_left__sys_pd_nalls2019_clinical	ret_isos_rpe_left_to_sys_pd_nalls2019_clinical	ret_isos_rpe_left	sys_pd_nalls2019_clinical	False	True
rs7828	-0.0463127	0.00674022	0.0062	0.0288	0.328309	50122.0	27693.0	47.21196293019387	6.37115e-12	0.8294	ret_isos_rpe_left__sys_pd_nalls2019_clinical	ret_isos_rpe_left_to_sys_pd_nalls2019_clinical	ret_isos_rpe_left	sys_pd_nalls2019_clinical	False	True
rs11587687	0.0436378	0.00635396	0.023	0.0213	0.442692	50482.0	27693.0	47.16683575385493	6.5197e-12	0.2807	ret_isos_rpe_left__sys_pd_nalls2019_clinical	ret_isos_rpe_left_to_sys_pd_nalls2019_clinical	ret_isos_rpe_left	sys_pd_nalls2019_clinical	False	True
rs72637739	-0.0521299	0.00765858	0.0562	0.023	0.215781	50579.0	27693.0	46.33159774585977	9.984e-12	0.01449	ret_isos_rpe_left__sys_pd_nalls2019_clinical	ret_isos_rpe_left_to_sys_pd_nalls2019_clinical	ret_isos_rpe_left	sys_pd_nalls2019_clinical	False	True
rs11230527	-0.056188	0.00828848	0.0251	0.0283	0.181594	49206.0	27693.0	45.95548562427088	1.20968e-11	0.3757	ret_isos_rpe_left__sys_pd_nalls2019_clinical	ret_isos_rpe_left_to_sys_pd_nalls2019_clinical	ret_isos_rpe_left	sys_pd_nalls2019_clinical	False	True
rs11433	-0.0426756	0.00637835	-0.0133	0.0232	0.437932	50388.0	27693.0	44.7654112197696	2.22108e-11	0.5674	ret_isos_rpe_left__sys_pd_nalls2019_clinical	ret_isos_rpe_left_to_sys_pd_nalls2019_clinical	ret_isos_rpe_left	sys_pd_nalls2019_clinical	False	True
rs113100410	-0.0791267	0.0122322	0.0388	0.0561	0.0714032	50579.0	27693.0	41.84436299290786	9.88231e-11	0.489	ret_isos_rpe_left__sys_pd_nalls2019_clinical	ret_isos_rpe_left_to_sys_pd_nalls2019_clinical	ret_isos_rpe_left	sys_pd_nalls2019_clinical	False	True
rs56351888	-0.0538697	0.00839038	0.0033	0.0257	0.167863	50574.0	27693.0	41.221695703311944	1.35908e-10	0.8967	ret_isos_rpe_left__sys_pd_nalls2019_clinical	ret_isos_rpe_left_to_sys_pd_nalls2019_clinical	ret_isos_rpe_left	sys_pd_nalls2019_clinical	False	True
rs556679	0.0610559	0.00977862	-0.0073	0.0324	0.118738	50447.0	27693.0	38.98523311594313	4.27015e-10	0.8218	ret_isos_rpe_left__sys_pd_nalls2019_clinical	ret_isos_rpe_left_to_sys_pd_nalls2019_clinical	ret_isos_rpe_left	sys_pd_nalls2019_clinical	False	True
rs72886128	0.0426198	0.00693546	0.0121	0.0254	0.302639	49721.0	27693.0	37.76350290181469	7.98613e-10	0.6339	ret_isos_rpe_left__sys_pd_nalls2019_clinical	ret_isos_rpe_left_to_sys_pd_nalls2019_clinical	ret_isos_rpe_left	sys_pd_nalls2019_clinical	False	True
rs9556964	0.0414557	0.00675588	-0.0056	0.0225	0.324381	50171.0	27693.0	37.65343935536674	8.44956e-10	0.8034	ret_isos_rpe_left__sys_pd_nalls2019_clinical	ret_isos_rpe_left_to_sys_pd_nalls2019_clinical	ret_isos_rpe_left	sys_pd_nalls2019_clinical	False	True
rs6778948	-0.0436189	0.00735795	-0.0755	0.0317	0.242678	50567.0	27693.0	35.14275086344822	3.064e-09	0.01707	ret_isos_rpe_left__sys_pd_nalls2019_clinical	ret_isos_rpe_left_to_sys_pd_nalls2019_clinical	ret_isos_rpe_left	sys_pd_nalls2019_clinical	False	True
rs12449582	-0.0476238	0.00803761	0.0508	0.0361	0.190569	50491.0	27693.0	35.10704146613112	3.12073e-09	0.1593	ret_isos_rpe_left__sys_pd_nalls2019_clinical	ret_isos_rpe_left_to_sys_pd_nalls2019_clinical	ret_isos_rpe_left	sys_pd_nalls2019_clinical	False	True
rs6771073	-0.0652426	0.0111304	-0.0306	0.0339	0.0886063	50335.0	27693.0	34.35903640147949	4.58301e-09	0.3671	ret_isos_rpe_left__sys_pd_nalls2019_clinical	ret_isos_rpe_left_to_sys_pd_nalls2019_clinical	ret_isos_rpe_left	sys_pd_nalls2019_clinical	False	True
rs56124905	-0.0475216	0.00813608	0.031	0.0349	0.18623	50239.0	27693.0	34.115495888868644	5.19378e-09	0.3751	ret_isos_rpe_left__sys_pd_nalls2019_clinical	ret_isos_rpe_left_to_sys_pd_nalls2019_clinical	ret_isos_rpe_left	sys_pd_nalls2019_clinical	False	True
rs7588399	0.0498361	0.00858829	0.0223	0.0249	0.169902	48522.0	27693.0	33.67244836500697	6.52194e-09	0.3706	ret_isos_rpe_left__sys_pd_nalls2019_clinical	ret_isos_rpe_left_to_sys_pd_nalls2019_clinical	ret_isos_rpe_left	sys_pd_nalls2019_clinical	False	True
rs250346	-0.0369409	0.00643839	0.0136	0.023	0.474364	48623.0	27693.0	32.92004223915607	9.60289e-09	0.5535	ret_isos_rpe_left__sys_pd_nalls2019_clinical	ret_isos_rpe_left_to_sys_pd_nalls2019_clinical	ret_isos_rpe_left	sys_pd_nalls2019_clinical	False	True
rs10793567	-0.0404605	0.00706578	-0.0204	0.0298	0.284993	49703.0	27693.0	32.79006431304314	1.02669e-08	0.4924	ret_isos_rpe_left__sys_pd_nalls2019_clinical	ret_isos_rpe_left_to_sys_pd_nalls2019_clinical	ret_isos_rpe_left	sys_pd_nalls2019_clinical	False	True
rs817741	0.0359688	0.00629508	-0.0508	0.0296	0.507889	50579.0	27693.0	32.64745942219801	1.10483e-08	0.08686	ret_isos_rpe_left__sys_pd_nalls2019_clinical	ret_isos_rpe_left_to_sys_pd_nalls2019_clinical	ret_isos_rpe_left	sys_pd_nalls2019_clinical	False	True
rs111791023	-0.0469777	0.00823713	-0.0369	0.0388	0.18078	50390.0	27693.0	32.52607506987281	1.17599e-08	0.3409	ret_isos_rpe_left__sys_pd_nalls2019_clinical	ret_isos_rpe_left_to_sys_pd_nalls2019_clinical	ret_isos_rpe_left	sys_pd_nalls2019_clinical	False	True
rs749523	-0.0382048	0.00681033	0.0215	0.0221	0.314484	50055.0	27693.0	31.470203264985624	2.02534e-08	0.3302	ret_isos_rpe_left__sys_pd_nalls2019_clinical	ret_isos_rpe_left_to_sys_pd_nalls2019_clinical	ret_isos_rpe_left	sys_pd_nalls2019_clinical	False	True
rs356182	-0.2615	0.0215	0.0117672	0.00690288	0.6159	27693.0	47691.0	147.93347755543542	4.933e-34	0.0882533	ret_isos_rpe_left__sys_pd_nalls2019_clinical	sys_pd_nalls2019_clinical_to_ret_isos_rpe_left	sys_pd_nalls2019_clinical	ret_isos_rpe_left	True	False
rs35749011	0.6977	0.0806	0.0275713	0.0258812	0.0212	27693.0	50567.0	74.93200653904645	4.713e-18	0.286739	ret_isos_rpe_left__sys_pd_nalls2019_clinical	sys_pd_nalls2019_clinical_to_ret_isos_rpe_left	sys_pd_nalls2019_clinical	ret_isos_rpe_left	True	False
rs6599388	0.1774	0.0215	-0.000271598	0.00706139	0.3201	27693.0	50258.0	68.08168739859384	1.497e-16	0.969319	ret_isos_rpe_left__sys_pd_nalls2019_clinical	sys_pd_nalls2019_clinical_to_ret_isos_rpe_left	sys_pd_nalls2019_clinical	ret_isos_rpe_left	True	False
rs4630591	-0.2203	0.0309	-0.00290426	0.00792298	0.1954	27693.0	49262.0	50.82905499523464	1.043e-12	0.713946	ret_isos_rpe_left__sys_pd_nalls2019_clinical	sys_pd_nalls2019_clinical_to_ret_isos_rpe_left	sys_pd_nalls2019_clinical	ret_isos_rpe_left	True	False
rs12637471	-0.1659	0.0244	0.0159745	0.00803858	0.1801	27693.0	50537.0	46.22885313087879	9.784e-12	0.0468966	ret_isos_rpe_left__sys_pd_nalls2019_clinical	sys_pd_nalls2019_clinical_to_ret_isos_rpe_left	sys_pd_nalls2019_clinical	ret_isos_rpe_left	True	False
rs10847864	0.1317	0.0199	0.00107665	0.00661034	0.365	27693.0	50579.0	43.799121234312274	3.775e-11	0.870618	ret_isos_rpe_left__sys_pd_nalls2019_clinical	sys_pd_nalls2019_clinical_to_ret_isos_rpe_left	sys_pd_nalls2019_clinical	ret_isos_rpe_left	True	False
rs4613239	-0.1808	0.0276	0.0256328	0.00979484	0.8643	27693.0	50121.0	42.91199327872295	5.964e-11	0.00887142	ret_isos_rpe_left__sys_pd_nalls2019_clinical	sys_pd_nalls2019_clinical_to_ret_isos_rpe_left	sys_pd_nalls2019_clinical	ret_isos_rpe_left	True	False
rs75646569	-0.184	0.0295	-0.00742584	0.010848	0.8847	27693.0	50481.0	38.90376328641195	4.386e-10	0.493636	ret_isos_rpe_left__sys_pd_nalls2019_clinical	sys_pd_nalls2019_clinical_to_ret_isos_rpe_left	sys_pd_nalls2019_clinical	ret_isos_rpe_left	True	False
rs4588066	0.1148	0.0198	0.00392584	0.00681532	0.3285	27693.0	50529.0	33.61656973778185	6.863e-09	0.564594	ret_isos_rpe_left__sys_pd_nalls2019_clinical	sys_pd_nalls2019_clinical_to_ret_isos_rpe_left	sys_pd_nalls2019_clinical	ret_isos_rpe_left	True	False
rs510306	0.1054	0.0187	0.000178759	0.00640183	0.472	27693.0	49497.0	31.768595041322307	1.814e-08	0.977723	ret_isos_rpe_left__sys_pd_nalls2019_clinical	sys_pd_nalls2019_clinical_to_ret_isos_rpe_left	sys_pd_nalls2019_clinical	ret_isos_rpe_left	True	False
rs3138142	0.11003	0.00740092	0.02955880224154443	0.033764896488226406	0.239927	50232.0	14267.0	221.02978764302117	5.38775e-50	0.38134	ret_isos_rpe_left__sys_sle_bentham2015	ret_isos_rpe_left_to_sys_sle_bentham2015	ret_isos_rpe_left	sys_sle_bentham2015	False	True
rs3825991	0.091597	0.00644067	-0.01005033585350145	0.020795672488360336	0.475027	48892.0	14267.0	202.25552963545366	6.72343e-46	0.62889	ret_isos_rpe_left__sys_sle_bentham2015	ret_isos_rpe_left_to_sys_sle_bentham2015	ret_isos_rpe_left	sys_sle_bentham2015	False	True
rs7564805	-0.195234	0.0145461	-0.020202707317519466	0.054209334378386605	0.0495957	50579.0	14267.0	180.14315590409257	4.51099e-41	0.709387	ret_isos_rpe_left__sys_sle_bentham2015	ret_isos_rpe_left_to_sys_sle_bentham2015	ret_isos_rpe_left	sys_sle_bentham2015	False	True
rs111812808	-0.0814712	0.00664875	0.02955880224154443	0.03174869075299189	0.342848	50534.0	14267.0	150.15099678106282	1.60686e-34	0.35184099999999996	ret_isos_rpe_left__sys_sle_bentham2015	ret_isos_rpe_left_to_sys_sle_bentham2015	ret_isos_rpe_left	sys_sle_bentham2015	False	True
rs1329428	0.0768875	0.00640598	0.04879016416943205	0.029376633806252602	0.404209	50579.0	14267.0	144.0589759372377	3.44901e-33	0.0967437	ret_isos_rpe_left__sys_sle_bentham2015	ret_isos_rpe_left_to_sys_sle_bentham2015	ret_isos_rpe_left	sys_sle_bentham2015	False	True
rs142963458	-0.201529	0.0184334	-0.030459207484708574	0.08957382516420144	0.0310464	49426.0	14267.0	119.5265007367418	8.03013e-28	0.733822	ret_isos_rpe_left__sys_sle_bentham2015	ret_isos_rpe_left_to_sys_sle_bentham2015	ret_isos_rpe_left	sys_sle_bentham2015	False	True
rs2149036	-0.0813903	0.00757449	-0.020202707317519466	0.035681144030947534	0.222205	50557.0	14267.0	115.46184831603676	6.23492e-27	0.571257	ret_isos_rpe_left__sys_sle_bentham2015	ret_isos_rpe_left_to_sys_sle_bentham2015	ret_isos_rpe_left	sys_sle_bentham2015	False	True
rs57819090	0.098223	0.00955814	0.12221763272424911	0.04341727363037382	0.126186	50065.0	14267.0	105.60381660536117	9.00513e-25	0.00487842	ret_isos_rpe_left__sys_sle_bentham2015	ret_isos_rpe_left_to_sys_sle_bentham2015	ret_isos_rpe_left	sys_sle_bentham2015	False	True
rs1800407	0.116996	0.0113867	-0.030459207484708574	0.05930189601043001	0.0831373	50579.0	14267.0	105.57139744565195	9.1513e-25	0.6075109999999999	ret_isos_rpe_left__sys_sle_bentham2015	ret_isos_rpe_left_to_sys_sle_bentham2015	ret_isos_rpe_left	sys_sle_bentham2015	False	True
rs3806709	-0.0913212	0.00897917	-0.030459207484708574	0.036880190293697816	0.146857	49984.0	14267.0	103.43578894452067	2.68989e-24	0.40886300000000003	ret_isos_rpe_left__sys_sle_bentham2015	ret_isos_rpe_left_to_sys_sle_bentham2015	ret_isos_rpe_left	sys_sle_bentham2015	False	True
rs7519368	-0.0717639	0.00707765	0.01980262729617973	0.0285582392052874	0.273678	50278.0	14267.0	102.80965458340519	3.68933e-24	0.488051	ret_isos_rpe_left__sys_sle_bentham2015	ret_isos_rpe_left_to_sys_sle_bentham2015	ret_isos_rpe_left	sys_sle_bentham2015	False	True
rs6415994	-0.0673214	0.00687425	-0.020202707317519466	0.030028328608166004	0.30867	49898.0	14267.0	95.90817633491791	1.20334e-22	0.5010819999999999	ret_isos_rpe_left__sys_sle_bentham2015	ret_isos_rpe_left_to_sys_sle_bentham2015	ret_isos_rpe_left	sys_sle_bentham2015	False	True
rs9381202	-0.0664895	0.00679001	-0.06187540371808753	0.03262553489224692	0.313789	50561.0	14267.0	95.88823095166478	1.21559e-22	0.05788959999999999	ret_isos_rpe_left__sys_sle_bentham2015	ret_isos_rpe_left_to_sys_sle_bentham2015	ret_isos_rpe_left	sys_sle_bentham2015	False	True
rs9669831	-0.0615227	0.00635877	0.020202707317519466	0.028246900100285004	0.484304	49568.0	14267.0	93.6104946902419	3.84121e-22	0.47447399999999995	ret_isos_rpe_left__sys_sle_bentham2015	ret_isos_rpe_left_to_sys_sle_bentham2015	ret_isos_rpe_left	sys_sle_bentham2015	False	True
rs1864251	0.100972	0.0108724	0.03922071315328133	0.04901745214366177	0.0929322	50327.0	14267.0	86.24840521728794	1.58737e-20	0.42363100000000004	ret_isos_rpe_left__sys_sle_bentham2015	ret_isos_rpe_left_to_sys_sle_bentham2015	ret_isos_rpe_left	sys_sle_bentham2015	False	True
rs2080402	-0.0583048	0.0063632	-0.05129329438755058	0.02928865312506925	0.440555	50198.0	14267.0	83.95710843068032	5.05624e-20	0.0798938	ret_isos_rpe_left__sys_sle_bentham2015	ret_isos_rpe_left_to_sys_sle_bentham2015	ret_isos_rpe_left	sys_sle_bentham2015	False	True
rs1581836	0.0614194	0.00684097	-0.01005033585350145	0.04433696305199241	0.311583	50314.0	14267.0	80.60755853206224	2.75325e-19	0.820672	ret_isos_rpe_left__sys_sle_bentham2015	ret_isos_rpe_left_to_sys_sle_bentham2015	ret_isos_rpe_left	sys_sle_bentham2015	False	True
rs1964242	0.066425	0.00812733	0.058268908123975824	0.03647000604381099	0.18638	50491.0	14267.0	66.79859655187924	3.00702e-16	0.110105	ret_isos_rpe_left__sys_sle_bentham2015	ret_isos_rpe_left_to_sys_sle_bentham2015	ret_isos_rpe_left	sys_sle_bentham2015	False	True
rs12574286	-0.0618022	0.00772715	0.02955880224154443	0.031957394103675485	0.211365	50226.0	14267.0	63.96894445146135	1.26396e-15	0.354995	ret_isos_rpe_left__sys_sle_bentham2015	ret_isos_rpe_left_to_sys_sle_bentham2015	ret_isos_rpe_left	sys_sle_bentham2015	False	True
rs6728947	0.0495707	0.00651501	-0.020202707317519466	0.037801826923322734	0.389921	49796.0	14267.0	57.89218351729078	2.76872e-14	0.593039	ret_isos_rpe_left__sys_sle_bentham2015	ret_isos_rpe_left_to_sys_sle_bentham2015	ret_isos_rpe_left	sys_sle_bentham2015	False	True
rs4794029	-0.0487242	0.00683527	-0.09431067947124129	0.0319870764046421	0.317323	50050.0	14267.0	50.813380178955455	1.01583e-12	0.00319424	ret_isos_rpe_left__sys_sle_bentham2015	ret_isos_rpe_left_to_sys_sle_bentham2015	ret_isos_rpe_left	sys_sle_bentham2015	False	True
rs7828	-0.0463127	0.00674022	0.058268908123975824	0.030239565402821158	0.328309	50122.0	14267.0	47.21196293019387	6.37115e-12	0.0539909	ret_isos_rpe_left__sys_sle_bentham2015	ret_isos_rpe_left_to_sys_sle_bentham2015	ret_isos_rpe_left	sys_sle_bentham2015	False	True
rs11587687	0.0436378	0.00635396	0.009950330853168092	0.03509645965473698	0.442692	50482.0	14267.0	47.16683575385493	6.5197e-12	0.776783	ret_isos_rpe_left__sys_sle_bentham2015	ret_isos_rpe_left_to_sys_sle_bentham2015	ret_isos_rpe_left	sys_sle_bentham2015	False	True
rs72637739	-0.0521299	0.00765858	0.04879016416943205	0.03397640906782705	0.215781	50579.0	14267.0	46.33159774585977	9.984e-12	0.151002	ret_isos_rpe_left__sys_sle_bentham2015	ret_isos_rpe_left_to_sys_sle_bentham2015	ret_isos_rpe_left	sys_sle_bentham2015	False	True
rs11230527	-0.056188	0.00828848	0.03922071315328133	0.043008866075404883	0.181594	49206.0	14267.0	45.95548562427088	1.20968e-11	0.36180999999999996	ret_isos_rpe_left__sys_sle_bentham2015	ret_isos_rpe_left_to_sys_sle_bentham2015	ret_isos_rpe_left	sys_sle_bentham2015	False	True
rs111466394	0.057411	0.00849454	-0.030459207484708574	0.03270052237817308	0.165879	50133.0	14267.0	45.67835881689165	1.39356e-11	0.351616	ret_isos_rpe_left__sys_sle_bentham2015	ret_isos_rpe_left_to_sys_sle_bentham2015	ret_isos_rpe_left	sys_sle_bentham2015	False	True
rs113100410	-0.0791267	0.0122322	-0.1743533871447778	0.05999870467179914	0.0714032	50579.0	14267.0	41.84436299290786	9.88231e-11	0.00366137	ret_isos_rpe_left__sys_sle_bentham2015	ret_isos_rpe_left_to_sys_sle_bentham2015	ret_isos_rpe_left	sys_sle_bentham2015	False	True
rs56351888	-0.0538697	0.00839038	-0.01005033585350145	0.04077232357469065	0.167863	50574.0	14267.0	41.221695703311944	1.35908e-10	0.805296	ret_isos_rpe_left__sys_sle_bentham2015	ret_isos_rpe_left_to_sys_sle_bentham2015	ret_isos_rpe_left	sys_sle_bentham2015	False	True
rs556679	0.0610559	0.00977862	-0.10536051565782628	0.04780251674960589	0.118738	50447.0	14267.0	38.98523311594313	4.27015e-10	0.0275188	ret_isos_rpe_left__sys_sle_bentham2015	ret_isos_rpe_left_to_sys_sle_bentham2015	ret_isos_rpe_left	sys_sle_bentham2015	False	True
rs72886128	0.0426198	0.00693546	-0.05129329438755058	0.033888071113417836	0.302639	49721.0	14267.0	37.76350290181469	7.98613e-10	0.130125	ret_isos_rpe_left__sys_sle_bentham2015	ret_isos_rpe_left_to_sys_sle_bentham2015	ret_isos_rpe_left	sys_sle_bentham2015	False	True
rs9556964	0.0414557	0.00675588	-0.01005033585350145	0.033812447151045956	0.324381	50171.0	14267.0	37.65343935536674	8.44956e-10	0.766285	ret_isos_rpe_left__sys_sle_bentham2015	ret_isos_rpe_left_to_sys_sle_bentham2015	ret_isos_rpe_left	sys_sle_bentham2015	False	True
rs6778948	-0.0436189	0.00735795	0.03922071315328133	0.034298754677487386	0.242678	50567.0	14267.0	35.14275086344822	3.064e-09	0.25283	ret_isos_rpe_left__sys_sle_bentham2015	ret_isos_rpe_left_to_sys_sle_bentham2015	ret_isos_rpe_left	sys_sle_bentham2015	False	True
rs12449582	-0.0476238	0.00803761	-0.01005033585350145	0.04111313731106232	0.190569	50491.0	14267.0	35.10704146613112	3.12073e-09	0.806878	ret_isos_rpe_left__sys_sle_bentham2015	ret_isos_rpe_left_to_sys_sle_bentham2015	ret_isos_rpe_left	sys_sle_bentham2015	False	True
rs6771073	-0.0652426	0.0111304	0.13976194237515863	0.04994163631982028	0.0886063	50335.0	14267.0	34.35903640147949	4.58301e-09	0.00513397	ret_isos_rpe_left__sys_sle_bentham2015	ret_isos_rpe_left_to_sys_sle_bentham2015	ret_isos_rpe_left	sys_sle_bentham2015	False	True
rs56124905	-0.0475216	0.00813608	0.0769610411361284	0.03388925976801132	0.18623	50239.0	14267.0	34.115495888868644	5.19378e-09	0.0231496	ret_isos_rpe_left__sys_sle_bentham2015	ret_isos_rpe_left_to_sys_sle_bentham2015	ret_isos_rpe_left	sys_sle_bentham2015	False	True
rs7588399	0.0498361	0.00858829	-0.020202707317519466	0.03866299732571596	0.169902	48522.0	14267.0	33.67244836500697	6.52194e-09	0.601299	ret_isos_rpe_left__sys_sle_bentham2015	ret_isos_rpe_left_to_sys_sle_bentham2015	ret_isos_rpe_left	sys_sle_bentham2015	False	True
rs250346	-0.0369409	0.00643839	-0.020202707317519466	0.02689687004920879	0.474364	48623.0	14267.0	32.92004223915607	9.60289e-09	0.452582	ret_isos_rpe_left__sys_sle_bentham2015	ret_isos_rpe_left_to_sys_sle_bentham2015	ret_isos_rpe_left	sys_sle_bentham2015	False	True
rs10793567	-0.0404605	0.00706578	-0.05129329438755058	0.03095487411675907	0.284993	49703.0	14267.0	32.79006431304314	1.02669e-08	0.0975125	ret_isos_rpe_left__sys_sle_bentham2015	ret_isos_rpe_left_to_sys_sle_bentham2015	ret_isos_rpe_left	sys_sle_bentham2015	False	True
rs111791023	-0.0469777	0.00823713	-0.06187540371808753	0.03650881556806005	0.18078	50390.0	14267.0	32.52607506987281	1.17599e-08	0.090112	ret_isos_rpe_left__sys_sle_bentham2015	ret_isos_rpe_left_to_sys_sle_bentham2015	ret_isos_rpe_left	sys_sle_bentham2015	False	True
rs749523	-0.0382048	0.00681033	0.03922071315328133	0.030204253124184448	0.314484	50055.0	14267.0	31.470203264985624	2.02534e-08	0.19411	ret_isos_rpe_left__sys_sle_bentham2015	ret_isos_rpe_left_to_sys_sle_bentham2015	ret_isos_rpe_left	sys_sle_bentham2015	False	True
rs1270942	0.9282193027394288	0.04338217483584476	-0.00786917	0.00940077	0.0725646	14267.0	50579.0	457.80291165846535	1.4455e-101	0.402549	ret_isos_rpe_left__sys_sle_bentham2015	sys_sle_bentham2015_to_ret_isos_rpe_left	sys_sle_bentham2015	ret_isos_rpe_left	True	False
rs4274624	0.5596157879354227	0.032679116321158	-0.0122067	0.00752508	0.23160999999999998	14267.0	50399.0	293.25086934119986	9.73273e-66	0.104773	ret_isos_rpe_left__sys_sle_bentham2015	sys_sle_bentham2015_to_ret_isos_rpe_left	sys_sle_bentham2015	ret_isos_rpe_left	True	False
rs17849501	0.8109302162163288	0.04986423265496375	0.00388457	0.0142436	0.0596421	14267.0	50579.0	264.47747237775303	1.8137e-59	0.785066	ret_isos_rpe_left__sys_sle_bentham2015	sys_sle_bentham2015_to_ret_isos_rpe_left	sys_sle_bentham2015	ret_isos_rpe_left	True	False
rs1143679	0.5822156198526637	0.03998663420667575	-0.00470964	0.0107762	0.131213	14267.0	49756.0	212.0010469386546	5.02694e-48	0.662083	ret_isos_rpe_left__sys_sle_bentham2015	sys_sle_bentham2015_to_ret_isos_rpe_left	sys_sle_bentham2015	ret_isos_rpe_left	True	False
rs35000415	0.5877866649021191	0.041538954697302115	-0.00522718	0.010197	0.100398	14267.0	50551.0	200.22962356877744	1.8609e-45	0.608217	ret_isos_rpe_left__sys_sle_bentham2015	sys_sle_bentham2015_to_ret_isos_rpe_left	sys_sle_bentham2015	ret_isos_rpe_left	True	False
rs2573219	0.5877866649021191	0.042929166291107275	0.00422951	0.0109698	0.0864811	14267.0	50485.0	187.471195730151	1.13327e-42	0.699823	ret_isos_rpe_left__sys_sle_bentham2015	sys_sle_bentham2015_to_ret_isos_rpe_left	sys_sle_bentham2015	ret_isos_rpe_left	True	False
rs150180633	0.9282193027394288	0.06895732862779987	-0.00729021	0.0291075	0.0168986	14267.0	50561.0	181.192548506574	2.66099e-41	0.802233	ret_isos_rpe_left__sys_sle_bentham2015	sys_sle_bentham2015_to_ret_isos_rpe_left	sys_sle_bentham2015	ret_isos_rpe_left	True	False
rs7823055	0.35065687161316933	0.028620839404419996	0.00468664	0.00647128	0.42345900000000003	14267.0	48735.0	150.10666436715803	1.64303e-34	0.46893	ret_isos_rpe_left__sys_sle_bentham2015	sys_sle_bentham2015_to_ret_isos_rpe_left	sys_sle_bentham2015	ret_isos_rpe_left	True	False
rs1078324	-0.7133498878774648	0.07816646901246015	0.00290477	0.0136661	0.0497018	14267.0	50571.0	83.28450451053207	7.10544e-20	0.831676	ret_isos_rpe_left__sys_sle_bentham2015	sys_sle_bentham2015_to_ret_isos_rpe_left	sys_sle_bentham2015	ret_isos_rpe_left	True	False
rs58721818	0.6575200029167941	0.07559406697400173	-0.0261032	0.0182093	0.0248509	14267.0	50287.0	75.65585027597527	3.37674e-18	0.151712	ret_isos_rpe_left__sys_sle_bentham2015	sys_sle_bentham2015_to_ret_isos_rpe_left	sys_sle_bentham2015	ret_isos_rpe_left	True	False
rs13332649	-0.31471074483970024	0.037568252338112514	-0.00324231	0.00754113	0.197813	14267.0	50579.0	70.17479571574411	5.42755e-17	0.667232	ret_isos_rpe_left__sys_sle_bentham2015	sys_sle_bentham2015_to_ret_isos_rpe_left	sys_sle_bentham2015	ret_isos_rpe_left	True	False
rs1464446	-0.3285040669720361	0.04014972755246729	0.00204191	0.00807818	0.178926	14267.0	50275.0	66.94471485209834	2.79229e-16	0.800447	ret_isos_rpe_left__sys_sle_bentham2015	sys_sle_bentham2015_to_ret_isos_rpe_left	sys_sle_bentham2015	ret_isos_rpe_left	True	False
rs10912578	0.2468600779315258	0.030991798852376563	-0.00352303	0.00689844	0.30119300000000004	14267.0	48570.0	63.446570822076126	1.64776e-15	0.609562	ret_isos_rpe_left__sys_sle_bentham2015	sys_sle_bentham2015_to_ret_isos_rpe_left	sys_sle_bentham2015	ret_isos_rpe_left	True	False
rs2431697	-0.2231435513142097	0.029296428709987537	0.00388892	0.0063769	0.431412	14267.0	50579.0	58.01486909043906	2.60144e-14	0.541964	ret_isos_rpe_left__sys_sle_bentham2015	sys_sle_bentham2015_to_ret_isos_rpe_left	sys_sle_bentham2015	ret_isos_rpe_left	True	False
rs35251378	-0.23572233352106983	0.03242655973320144	-0.00664695	0.00700452	0.269384	14267.0	49948.0	52.844490301182496	3.6103e-13	0.342645	ret_isos_rpe_left__sys_sle_bentham2015	sys_sle_bentham2015_to_ret_isos_rpe_left	sys_sle_bentham2015	ret_isos_rpe_left	True	False
rs6679677	0.3364722366212129	0.046485380374858505	-0.0384717	0.0104204	0.0914513	14267.0	50579.0	52.392086214081615	4.54552e-13	0.000222526	ret_isos_rpe_left__sys_sle_bentham2015	sys_sle_bentham2015_to_ret_isos_rpe_left	sys_sle_bentham2015	ret_isos_rpe_left	True	False
rs7768653	0.20701416938432612	0.0296890709490796	0.0153895	0.00650692	0.40159	14267.0	50178.0	48.619101611474605	3.10827e-12	0.0180251	ret_isos_rpe_left__sys_sle_bentham2015	sys_sle_bentham2015_to_ret_isos_rpe_left	sys_sle_bentham2015	ret_isos_rpe_left	True	False
rs6671847	0.19885085874516517	0.02896508081722554	0.00175268	0.0063827	0.487078	14267.0	49891.0	47.13086955850739	6.64016e-12	0.783625	ret_isos_rpe_left__sys_sle_bentham2015	sys_sle_bentham2015_to_ret_isos_rpe_left	sys_sle_bentham2015	ret_isos_rpe_left	True	False
rs4916215	-0.2231435513142097	0.03396932281463995	-0.0076041	0.00711239	0.25447299999999995	14267.0	50450.0	43.15140121458759	5.06636e-11	0.285009	ret_isos_rpe_left__sys_sle_bentham2015	sys_sle_bentham2015_to_ret_isos_rpe_left	sys_sle_bentham2015	ret_isos_rpe_left	True	False
rs7097397	-0.18632957819149348	0.028711836349021032	-0.00382523	0.00655265	0.395626	14267.0	50579.0	42.115470974195595	8.60398e-11	0.559376	ret_isos_rpe_left__sys_sle_bentham2015	sys_sle_bentham2015_to_ret_isos_rpe_left	sys_sle_bentham2015	ret_isos_rpe_left	True	False
rs4661543	-0.2744368457017603	0.04237545624860243	0.00319614	0.00957813	0.12723700000000004	14267.0	50238.0	41.94266905156497	9.39891e-11	0.738612	ret_isos_rpe_left__sys_sle_bentham2015	sys_sle_bentham2015_to_ret_isos_rpe_left	sys_sle_bentham2015	ret_isos_rpe_left	True	False
rs13136219	-0.1743533871447778	0.027786960712837545	-0.0120765	0.00653084	0.379722	14267.0	50140.0	39.37120286398545	3.50427e-10	0.0644362	ret_isos_rpe_left__sys_sle_bentham2015	sys_sle_bentham2015_to_ret_isos_rpe_left	sys_sle_bentham2015	ret_isos_rpe_left	True	False
rs10200680	-0.2484613592984996	0.042483496013878894	0.00209395	0.00890323	0.144135	14267.0	50318.0	34.20402518048219	4.96262e-09	0.814062	ret_isos_rpe_left__sys_sle_bentham2015	sys_sle_bentham2015_to_ret_isos_rpe_left	sys_sle_bentham2015	ret_isos_rpe_left	True	False
rs73050535	-0.7133498878774648	0.1241341633444946	0.020085	0.0209132	0.0298211	14267.0	50492.0	33.0234582980788	9.10536e-09	0.336854	ret_isos_rpe_left__sys_sle_bentham2015	sys_sle_bentham2015_to_ret_isos_rpe_left	sys_sle_bentham2015	ret_isos_rpe_left	True	False
rs143123127	0.47000362924573563	0.08403420051666054	0.00706171	0.0175389	0.0308151	14267.0	50491.0	31.281695024459218	2.23174e-08	0.687219	ret_isos_rpe_left__sys_sle_bentham2015	sys_sle_bentham2015_to_ret_isos_rpe_left	sys_sle_bentham2015	ret_isos_rpe_left	True	False
rs7899626	0.1823215567939546	0.03325318638695583	-0.0111131	0.00705489	0.362823	14267.0	48622.0	30.061421140607337	4.18576e-08	0.115204	ret_isos_rpe_left__sys_sle_bentham2015	sys_sle_bentham2015_to_ret_isos_rpe_left	sys_sle_bentham2015	ret_isos_rpe_left	True	False
rs73068668	-0.31471074483970024	0.057490346033111685	-0.0202574	0.0121463	0.0954274	14267.0	49922.0	29.966311957600823	4.39618e-08	0.0953602	ret_isos_rpe_left__sys_sle_bentham2015	sys_sle_bentham2015_to_ret_isos_rpe_left	sys_sle_bentham2015	ret_isos_rpe_left	True	False
rs143810596	-0.616186139423817	0.11257379615769905	-0.0193899	0.0206506	0.0258449	14267.0	50544.0	29.960511751951863	4.40935e-08	0.347756	ret_isos_rpe_left__sys_sle_bentham2015	sys_sle_bentham2015_to_ret_isos_rpe_left	sys_sle_bentham2015	ret_isos_rpe_left	True	False
rs3138142	0.11003	0.00740092	0.0178	0.0164	0.239927	50232.0	59957.0	221.02978764302117	5.38775e-50	0.278	ret_isos_rpe_left__sys_ibd_delange2017	ret_isos_rpe_left_to_sys_ibd_delange2017	ret_isos_rpe_left	sys_ibd_delange2017	False	True
rs7073076	0.0932771	0.00633405	-0.0033	0.0124	0.460197	50361.0	59957.0	216.86381629763295	4.3698e-49	0.7879	ret_isos_rpe_left__sys_ibd_delange2017	ret_isos_rpe_left_to_sys_ibd_delange2017	ret_isos_rpe_left	sys_ibd_delange2017	False	True
rs3825991	0.091597	0.00644067	0.0102	0.0124	0.475027	48892.0	59957.0	202.25552963545366	6.72343e-46	0.4146	ret_isos_rpe_left__sys_ibd_delange2017	ret_isos_rpe_left_to_sys_ibd_delange2017	ret_isos_rpe_left	sys_ibd_delange2017	False	True
rs7564805	-0.195234	0.0145461	0.0858	0.029	0.0495957	50579.0	59957.0	180.14315590409257	4.51099e-41	0.003094	ret_isos_rpe_left__sys_ibd_delange2017	ret_isos_rpe_left_to_sys_ibd_delange2017	ret_isos_rpe_left	sys_ibd_delange2017	False	True
rs111812808	-0.0814712	0.00664875	-0.0305	0.0132	0.342848	50534.0	59957.0	150.15099678106282	1.60686e-34	0.02085	ret_isos_rpe_left__sys_ibd_delange2017	ret_isos_rpe_left_to_sys_ibd_delange2017	ret_isos_rpe_left	sys_ibd_delange2017	False	True
rs1329428	0.0768875	0.00640598	-0.0203	0.0126	0.404209	50579.0	59957.0	144.0589759372377	3.44901e-33	0.106	ret_isos_rpe_left__sys_ibd_delange2017	ret_isos_rpe_left_to_sys_ibd_delange2017	ret_isos_rpe_left	sys_ibd_delange2017	False	True
rs6077977	0.0731273	0.00628836	-0.0255	0.0124	0.483324	50551.0	59957.0	135.23349882663763	2.93514e-31	0.03929	ret_isos_rpe_left__sys_ibd_delange2017	ret_isos_rpe_left_to_sys_ibd_delange2017	ret_isos_rpe_left	sys_ibd_delange2017	False	True
rs142963458	-0.201529	0.0184334	-0.0679	0.0348	0.0310464	49426.0	59957.0	119.5265007367418	8.03013e-28	0.05141	ret_isos_rpe_left__sys_ibd_delange2017	ret_isos_rpe_left_to_sys_ibd_delange2017	ret_isos_rpe_left	sys_ibd_delange2017	False	True
rs57819090	0.098223	0.00955814	0.0058	0.0186	0.126186	50065.0	59957.0	105.60381660536117	9.00513e-25	0.757	ret_isos_rpe_left__sys_ibd_delange2017	ret_isos_rpe_left_to_sys_ibd_delange2017	ret_isos_rpe_left	sys_ibd_delange2017	False	True
rs1800407	0.116996	0.0113867	0.007	0.0244	0.0831373	50579.0	59957.0	105.57139744565195	9.1513e-25	0.7734	ret_isos_rpe_left__sys_ibd_delange2017	ret_isos_rpe_left_to_sys_ibd_delange2017	ret_isos_rpe_left	sys_ibd_delange2017	False	True
rs3806709	-0.0913212	0.00897917	-0.0049	0.0179	0.146857	49984.0	59957.0	103.43578894452067	2.68989e-24	0.7858	ret_isos_rpe_left__sys_ibd_delange2017	ret_isos_rpe_left_to_sys_ibd_delange2017	ret_isos_rpe_left	sys_ibd_delange2017	False	True
rs6415994	-0.0673214	0.00687425	-0.0058	0.0136	0.30867	49898.0	59957.0	95.90817633491791	1.20334e-22	0.6709	ret_isos_rpe_left__sys_ibd_delange2017	ret_isos_rpe_left_to_sys_ibd_delange2017	ret_isos_rpe_left	sys_ibd_delange2017	False	True
rs9381202	-0.0664895	0.00679001	-0.0067	0.0134	0.313789	50561.0	59957.0	95.88823095166478	1.21559e-22	0.6143	ret_isos_rpe_left__sys_ibd_delange2017	ret_isos_rpe_left_to_sys_ibd_delange2017	ret_isos_rpe_left	sys_ibd_delange2017	False	True
rs9669831	-0.0615227	0.00635877	-0.0049	0.0126	0.484304	49568.0	59957.0	93.6104946902419	3.84121e-22	0.6948	ret_isos_rpe_left__sys_ibd_delange2017	ret_isos_rpe_left_to_sys_ibd_delange2017	ret_isos_rpe_left	sys_ibd_delange2017	False	True
rs60401382	-0.0729692	0.00755273	0.0024	0.0148	0.227426	50025.0	59957.0	93.34074238073102	4.40199e-22	0.872	ret_isos_rpe_left__sys_ibd_delange2017	ret_isos_rpe_left_to_sys_ibd_delange2017	ret_isos_rpe_left	sys_ibd_delange2017	False	True
rs1864251	0.100972	0.0108724	-0.0036	0.0211	0.0929322	50327.0	59957.0	86.24840521728794	1.58737e-20	0.866	ret_isos_rpe_left__sys_ibd_delange2017	ret_isos_rpe_left_to_sys_ibd_delange2017	ret_isos_rpe_left	sys_ibd_delange2017	False	True
rs2326838	-0.060486	0.00657782	-0.0069	0.0135	0.36303	50522.0	59957.0	84.55625899053415	3.73443e-20	0.6118	ret_isos_rpe_left__sys_ibd_delange2017	ret_isos_rpe_left_to_sys_ibd_delange2017	ret_isos_rpe_left	sys_ibd_delange2017	False	True
rs2080402	-0.0583048	0.0063632	0.0192	0.0126	0.440555	50198.0	59957.0	83.95710843068032	5.05624e-20	0.1262	ret_isos_rpe_left__sys_ibd_delange2017	ret_isos_rpe_left_to_sys_ibd_delange2017	ret_isos_rpe_left	sys_ibd_delange2017	False	True
rs1581836	0.0614194	0.00684097	-0.0062	0.0133	0.311583	50314.0	59957.0	80.60755853206224	2.75325e-19	0.642	ret_isos_rpe_left__sys_ibd_delange2017	ret_isos_rpe_left_to_sys_ibd_delange2017	ret_isos_rpe_left	sys_ibd_delange2017	False	True
rs1964242	0.066425	0.00812733	0.0243	0.0157	0.18638	50491.0	59957.0	66.79859655187924	3.00702e-16	0.1213	ret_isos_rpe_left__sys_ibd_delange2017	ret_isos_rpe_left_to_sys_ibd_delange2017	ret_isos_rpe_left	sys_ibd_delange2017	False	True
rs11125168	-0.0484239	0.00633137	-0.016	0.0124	0.451782	50531.0	59957.0	58.495726606868566	2.03741e-14	0.197	ret_isos_rpe_left__sys_ibd_delange2017	ret_isos_rpe_left_to_sys_ibd_delange2017	ret_isos_rpe_left	sys_ibd_delange2017	False	True
rs4794029	-0.0487242	0.00683527	-0.0125	0.0134	0.317323	50050.0	59957.0	50.813380178955455	1.01583e-12	0.3487	ret_isos_rpe_left__sys_ibd_delange2017	ret_isos_rpe_left_to_sys_ibd_delange2017	ret_isos_rpe_left	sys_ibd_delange2017	False	True
rs7828	-0.0463127	0.00674022	0.0026	0.0133	0.328309	50122.0	59957.0	47.21196293019387	6.37115e-12	0.8447	ret_isos_rpe_left__sys_ibd_delange2017	ret_isos_rpe_left_to_sys_ibd_delange2017	ret_isos_rpe_left	sys_ibd_delange2017	False	True
rs11587687	0.0436378	0.00635396	-0.0104	0.0125	0.442692	50482.0	59957.0	47.16683575385493	6.5197e-12	0.4035	ret_isos_rpe_left__sys_ibd_delange2017	ret_isos_rpe_left_to_sys_ibd_delange2017	ret_isos_rpe_left	sys_ibd_delange2017	False	True
rs72637739	-0.0521299	0.00765858	-0.0012	0.0152	0.215781	50579.0	59957.0	46.33159774585977	9.984e-12	0.9378	ret_isos_rpe_left__sys_ibd_delange2017	ret_isos_rpe_left_to_sys_ibd_delange2017	ret_isos_rpe_left	sys_ibd_delange2017	False	True
rs11230527	-0.056188	0.00828848	-0.0073	0.0166	0.181594	49206.0	59957.0	45.95548562427088	1.20968e-11	0.6603	ret_isos_rpe_left__sys_ibd_delange2017	ret_isos_rpe_left_to_sys_ibd_delange2017	ret_isos_rpe_left	sys_ibd_delange2017	False	True
rs111466394	0.057411	0.00849454	0.037	0.0166	0.165879	50133.0	59957.0	45.67835881689165	1.39356e-11	0.02542	ret_isos_rpe_left__sys_ibd_delange2017	ret_isos_rpe_left_to_sys_ibd_delange2017	ret_isos_rpe_left	sys_ibd_delange2017	False	True
rs11433	-0.0426756	0.00637835	-0.0205	0.0126	0.437932	50388.0	59957.0	44.7654112197696	2.22108e-11	0.1032	ret_isos_rpe_left__sys_ibd_delange2017	ret_isos_rpe_left_to_sys_ibd_delange2017	ret_isos_rpe_left	sys_ibd_delange2017	False	True
rs113100410	-0.0791267	0.0122322	0.0678	0.0247	0.0714032	50579.0	59957.0	41.84436299290786	9.88231e-11	0.006147	ret_isos_rpe_left__sys_ibd_delange2017	ret_isos_rpe_left_to_sys_ibd_delange2017	ret_isos_rpe_left	sys_ibd_delange2017	False	True
rs56351888	-0.0538697	0.00839038	-0.0206	0.0167	0.167863	50574.0	59957.0	41.221695703311944	1.35908e-10	0.2177	ret_isos_rpe_left__sys_ibd_delange2017	ret_isos_rpe_left_to_sys_ibd_delange2017	ret_isos_rpe_left	sys_ibd_delange2017	False	True
rs556679	0.0610559	0.00977862	0.0183	0.0203	0.118738	50447.0	59957.0	38.98523311594313	4.27015e-10	0.3665	ret_isos_rpe_left__sys_ibd_delange2017	ret_isos_rpe_left_to_sys_ibd_delange2017	ret_isos_rpe_left	sys_ibd_delange2017	False	True
rs72886128	0.0426198	0.00693546	0.0232	0.0136	0.302639	49721.0	59957.0	37.76350290181469	7.98613e-10	0.08765	ret_isos_rpe_left__sys_ibd_delange2017	ret_isos_rpe_left_to_sys_ibd_delange2017	ret_isos_rpe_left	sys_ibd_delange2017	False	True
rs9556964	0.0414557	0.00675588	0.0226	0.0131	0.324381	50171.0	59957.0	37.65343935536674	8.44956e-10	0.08402	ret_isos_rpe_left__sys_ibd_delange2017	ret_isos_rpe_left_to_sys_ibd_delange2017	ret_isos_rpe_left	sys_ibd_delange2017	False	True
rs6778948	-0.0436189	0.00735795	-0.0047	0.0144	0.242678	50567.0	59957.0	35.14275086344822	3.064e-09	0.7451	ret_isos_rpe_left__sys_ibd_delange2017	ret_isos_rpe_left_to_sys_ibd_delange2017	ret_isos_rpe_left	sys_ibd_delange2017	False	True
rs12449582	-0.0476238	0.00803761	0.0026	0.0161	0.190569	50491.0	59957.0	35.10704146613112	3.12073e-09	0.8714	ret_isos_rpe_left__sys_ibd_delange2017	ret_isos_rpe_left_to_sys_ibd_delange2017	ret_isos_rpe_left	sys_ibd_delange2017	False	True
rs6771073	-0.0652426	0.0111304	0.0146	0.0216	0.0886063	50335.0	59957.0	34.35903640147949	4.58301e-09	0.4978	ret_isos_rpe_left__sys_ibd_delange2017	ret_isos_rpe_left_to_sys_ibd_delange2017	ret_isos_rpe_left	sys_ibd_delange2017	False	True
rs56124905	-0.0475216	0.00813608	0.0026	0.0163	0.18623	50239.0	59957.0	34.115495888868644	5.19378e-09	0.8733	ret_isos_rpe_left__sys_ibd_delange2017	ret_isos_rpe_left_to_sys_ibd_delange2017	ret_isos_rpe_left	sys_ibd_delange2017	False	True
rs7588399	0.0498361	0.00858829	0.031	0.0171	0.169902	48522.0	59957.0	33.67244836500697	6.52194e-09	0.07023	ret_isos_rpe_left__sys_ibd_delange2017	ret_isos_rpe_left_to_sys_ibd_delange2017	ret_isos_rpe_left	sys_ibd_delange2017	False	True
rs250346	-0.0369409	0.00643839	-0.011	0.0128	0.474364	48623.0	59957.0	32.92004223915607	9.60289e-09	0.3906	ret_isos_rpe_left__sys_ibd_delange2017	ret_isos_rpe_left_to_sys_ibd_delange2017	ret_isos_rpe_left	sys_ibd_delange2017	False	True
rs10793567	-0.0404605	0.00706578	0.008	0.0137	0.284993	49703.0	59957.0	32.79006431304314	1.02669e-08	0.5593	ret_isos_rpe_left__sys_ibd_delange2017	ret_isos_rpe_left_to_sys_ibd_delange2017	ret_isos_rpe_left	sys_ibd_delange2017	False	True
rs111791023	-0.0469777	0.00823713	0.0287	0.0165	0.18078	50390.0	59957.0	32.52607506987281	1.17599e-08	0.08189	ret_isos_rpe_left__sys_ibd_delange2017	ret_isos_rpe_left_to_sys_ibd_delange2017	ret_isos_rpe_left	sys_ibd_delange2017	False	True
rs749523	-0.0382048	0.00681033	0.0287	0.0133	0.314484	50055.0	59957.0	31.470203264985624	2.02534e-08	0.0315	ret_isos_rpe_left__sys_ibd_delange2017	ret_isos_rpe_left_to_sys_ibd_delange2017	ret_isos_rpe_left	sys_ibd_delange2017	False	True
rs11581607	0.6578	0.0294	-0.0110926	0.0127106	NA	59957.0	50570.0	500.6025730019901	4.59e-111	0.382823	ret_isos_rpe_left__sys_ibd_delange2017	sys_ibd_delange2017_to_ret_isos_rpe_left	sys_ibd_delange2017	ret_isos_rpe_left	True	False
rs145568234	0.86	0.0476	-0.0065896	0.0343005	NA	59957.0	48520.0	326.42468752206764	4.731e-73	0.847653	ret_isos_rpe_left__sys_ibd_delange2017	sys_ibd_delange2017_to_ret_isos_rpe_left	sys_ibd_delange2017	ret_isos_rpe_left	True	False
rs749910	-0.1961	0.0138	-0.000961779	0.00723673	NA	59957.0	50568.0	201.9282188615837	7.828e-46	0.894271	ret_isos_rpe_left__sys_ibd_delange2017	sys_ibd_delange2017_to_ret_isos_rpe_left	sys_ibd_delange2017	ret_isos_rpe_left	True	False
rs1445004	-0.1689	0.0127	0.00308658	0.00645982	NA	59957.0	50579.0	176.86905573811146	3.484e-40	0.632784	ret_isos_rpe_left__sys_ibd_delange2017	sys_ibd_delange2017_to_ret_isos_rpe_left	sys_ibd_delange2017	ret_isos_rpe_left	True	False
rs755374	-0.1767	0.0134	0.000493846	0.00692572	NA	59957.0	47581.0	173.88555357540653	1.586e-39	0.943154	ret_isos_rpe_left__sys_ibd_delange2017	sys_ibd_delange2017_to_ret_isos_rpe_left	sys_ibd_delange2017	ret_isos_rpe_left	True	False
rs3829110	0.1574	0.0125	-0.00416709	0.00638006	NA	59957.0	50576.0	158.55846400000001	3.52e-36	0.513664	ret_isos_rpe_left__sys_ibd_delange2017	sys_ibd_delange2017_to_ret_isos_rpe_left	sys_ibd_delange2017	ret_isos_rpe_left	True	False
rs1131095	0.1635	0.0131	0.00150827	0.00693049	NA	59957.0	50576.0	155.77326496124934	1.219e-35	0.827719	ret_isos_rpe_left__sys_ibd_delange2017	sys_ibd_delange2017_to_ret_isos_rpe_left	sys_ibd_delange2017	ret_isos_rpe_left	True	False
rs6584282	-0.152	0.0124	-0.00326753	0.00630815	NA	59957.0	50545.0	150.2601456815817	1.194e-34	0.604469	ret_isos_rpe_left__sys_ibd_delange2017	sys_ibd_delange2017_to_ret_isos_rpe_left	sys_ibd_delange2017	ret_isos_rpe_left	True	False
rs11236797	-0.1488	0.0125	-0.0168429	0.00633832	NA	59957.0	50455.0	141.70521599999995	7.188e-33	0.00787652	ret_isos_rpe_left__sys_ibd_delange2017	sys_ibd_delange2017_to_ret_isos_rpe_left	sys_ibd_delange2017	ret_isos_rpe_left	True	False
rs1297264	-0.1462	0.0126	0.00166532	0.00635537	NA	59957.0	50309.0	134.6336608717561	3.98e-31	0.793296	ret_isos_rpe_left__sys_ibd_delange2017	sys_ibd_delange2017_to_ret_isos_rpe_left	sys_ibd_delange2017	ret_isos_rpe_left	True	False
rs3024493	-0.1911	0.0165	-0.00296042	0.00874936	NA	59957.0	50579.0	134.13851239669418	4.041e-31	0.735093	ret_isos_rpe_left__sys_ibd_delange2017	sys_ibd_delange2017_to_ret_isos_rpe_left	sys_ibd_delange2017	ret_isos_rpe_left	True	False
rs2836881	0.1643	0.0146	-0.00277459	0.00711958	NA	59957.0	50282.0	126.63956652279977	1.959e-29	0.696749	ret_isos_rpe_left__sys_ibd_delange2017	sys_ibd_delange2017_to_ret_isos_rpe_left	sys_ibd_delange2017	ret_isos_rpe_left	True	False
rs3792111	-0.1391	0.0124	0.0237968	0.00632253	NA	59957.0	50572.0	125.83773413111345	5.122e-29	0.000167343	ret_isos_rpe_left__sys_ibd_delange2017	sys_ibd_delange2017_to_ret_isos_rpe_left	sys_ibd_delange2017	ret_isos_rpe_left	True	False
rs6457681	0.1687	0.0153	0.0189286	0.0074285	NA	59957.0	50565.0	121.5758468964928	3.75e-28	0.0108308	ret_isos_rpe_left__sys_ibd_delange2017	sys_ibd_delange2017_to_ret_isos_rpe_left	sys_ibd_delange2017	ret_isos_rpe_left	True	False
rs10114470	0.1475	0.0137	-0.00853092	0.00677395	NA	59957.0	50449.0	115.91587191645796	4.098e-27	0.207896	ret_isos_rpe_left__sys_ibd_delange2017	sys_ibd_delange2017_to_ret_isos_rpe_left	sys_ibd_delange2017	ret_isos_rpe_left	True	False
rs6062496	-0.137	0.0129	0.000104506	0.00634729	NA	59957.0	50176.0	112.78769304729285	2.826e-26	0.986864	ret_isos_rpe_left__sys_ibd_delange2017	sys_ibd_delange2017_to_ret_isos_rpe_left	sys_ibd_delange2017	ret_isos_rpe_left	True	False
rs2838517	-0.128	0.0125	0.0107686	0.00647841	NA	59957.0	50531.0	104.8576	1.835e-24	0.0964662	ret_isos_rpe_left__sys_ibd_delange2017	sys_ibd_delange2017_to_ret_isos_rpe_left	sys_ibd_delange2017	ret_isos_rpe_left	True	False
rs2413583	0.1732	0.0171	0.00780563	0.00853454	NA	59957.0	50579.0	102.589651516706	4.595e-24	0.360405	ret_isos_rpe_left__sys_ibd_delange2017	sys_ibd_delange2017_to_ret_isos_rpe_left	sys_ibd_delange2017	ret_isos_rpe_left	True	False
rs56062135	-0.1382	0.0145	0.014078	0.00741473	0.214712	59957.0	50466.0	90.84061831153386	1.371e-21	0.0576099	ret_isos_rpe_left__sys_ibd_delange2017	sys_ibd_delange2017_to_ret_isos_rpe_left	sys_ibd_delange2017	ret_isos_rpe_left	True	False
rs10800309	-0.123	0.0133	-0.00857476	0.00677492	NA	59957.0	50579.0	85.52772909717905	1.942e-20	0.205634	ret_isos_rpe_left__sys_ibd_delange2017	sys_ibd_delange2017_to_ret_isos_rpe_left	sys_ibd_delange2017	ret_isos_rpe_left	True	False
rs6674040	0.1129	0.0124	-0.00688907	0.00632263	NA	59957.0	50261.0	82.89808792924039	6.307e-20	0.275894	ret_isos_rpe_left__sys_ibd_delange2017	sys_ibd_delange2017_to_ret_isos_rpe_left	sys_ibd_delange2017	ret_isos_rpe_left	True	False
rs35171809	0.1088	0.0123	0.000919242	0.00632864	NA	59957.0	50571.0	78.24337365324872	1.156e-18	0.884513	ret_isos_rpe_left__sys_ibd_delange2017	sys_ibd_delange2017_to_ret_isos_rpe_left	sys_ibd_delange2017	ret_isos_rpe_left	True	False
rs744166	-0.1109	0.0126	0.00266662	0.00636754	NA	59957.0	50340.0	77.46793902746285	1.34e-18	0.675375	ret_isos_rpe_left__sys_ibd_delange2017	sys_ibd_delange2017_to_ret_isos_rpe_left	sys_ibd_delange2017	ret_isos_rpe_left	True	False
rs6017342	0.1156	0.0135	0.00575475	0.00629643	NA	59957.0	50579.0	73.32433470507546	1.071e-17	0.360732	ret_isos_rpe_left__sys_ibd_delange2017	sys_ibd_delange2017_to_ret_isos_rpe_left	sys_ibd_delange2017	ret_isos_rpe_left	True	False
rs62126610	0.1407	0.0166	0.00025513	0.00861087	NA	59957.0	49929.0	71.84094208157933	2.6e-17	0.976363	ret_isos_rpe_left__sys_ibd_delange2017	sys_ibd_delange2017_to_ret_isos_rpe_left	sys_ibd_delange2017	ret_isos_rpe_left	True	False
rs4807569	0.1281	0.0152	-0.000523803	0.00783672	NA	59957.0	50327.0	71.02497403047091	4.239e-17	0.946709	ret_isos_rpe_left__sys_ibd_delange2017	sys_ibd_delange2017_to_ret_isos_rpe_left	sys_ibd_delange2017	ret_isos_rpe_left	True	False
rs80262450	-0.1581	0.019	0.0308556	0.00982263	NA	59957.0	50214.0	69.23991689750693	1.041e-16	0.00168212	ret_isos_rpe_left__sys_ibd_delange2017	sys_ibd_delange2017_to_ret_isos_rpe_left	sys_ibd_delange2017	ret_isos_rpe_left	True	False
rs28374519	0.1105	0.0137	-0.012833	0.00667028	NA	59957.0	46853.0	65.05541051734241	6.547e-16	0.0543669	ret_isos_rpe_left__sys_ibd_delange2017	sys_ibd_delange2017_to_ret_isos_rpe_left	sys_ibd_delange2017	ret_isos_rpe_left	True	False
rs5754100	0.1293	0.016	-0.015959	0.00807268	NA	59957.0	50350.0	65.30660156249998	7.14e-16	0.0480519	ret_isos_rpe_left__sys_ibd_delange2017	sys_ibd_delange2017_to_ret_isos_rpe_left	sys_ibd_delange2017	ret_isos_rpe_left	True	False
rs143210366	0.2836	0.036	-0.0265214	0.0217294	NA	59957.0	48447.0	62.059382716049406	3.139e-15	0.222264	ret_isos_rpe_left__sys_ibd_delange2017	sys_ibd_delange2017_to_ret_isos_rpe_left	sys_ibd_delange2017	ret_isos_rpe_left	True	False
rs4676408	-0.1011	0.013	-0.00141723	0.00633963	NA	59957.0	49799.0	60.4805325443787	7.629e-15	0.823106	ret_isos_rpe_left__sys_ibd_delange2017	sys_ibd_delange2017_to_ret_isos_rpe_left	sys_ibd_delange2017	ret_isos_rpe_left	True	False
rs11152949	0.1019	0.0133	-0.00385283	0.00674416	NA	59957.0	50153.0	58.700944089547185	1.563e-14	0.567807	ret_isos_rpe_left__sys_ibd_delange2017	sys_ibd_delange2017_to_ret_isos_rpe_left	sys_ibd_delange2017	ret_isos_rpe_left	True	False
rs4957256	0.1179	0.0155	-0.00375815	0.00777973	NA	59957.0	50557.0	57.858106139438085	3.367e-14	0.629046	ret_isos_rpe_left__sys_ibd_delange2017	sys_ibd_delange2017_to_ret_isos_rpe_left	sys_ibd_delange2017	ret_isos_rpe_left	True	False
rs3850378	0.1536	0.0207	0.00310634	0.01069	NA	59957.0	50210.0	55.060701533291315	1.1e-13	0.77137	ret_isos_rpe_left__sys_ibd_delange2017	sys_ibd_delange2017_to_ret_isos_rpe_left	sys_ibd_delange2017	ret_isos_rpe_left	True	False
rs6740847	-0.0924	0.0125	-0.00821045	0.00641466	NA	59957.0	50277.0	54.64166399999999	1.218e-13	0.200562	ret_isos_rpe_left__sys_ibd_delange2017	sys_ibd_delange2017_to_ret_isos_rpe_left	sys_ibd_delange2017	ret_isos_rpe_left	True	False
rs11677002	-0.0931	0.0126	0.00339561	0.00637914	NA	59957.0	49798.0	54.595679012345684	1.371e-13	0.594518	ret_isos_rpe_left__sys_ibd_delange2017	sys_ibd_delange2017_to_ret_isos_rpe_left	sys_ibd_delange2017	ret_isos_rpe_left	True	False
rs2384352	0.0951	0.0131	-0.00593773	0.00674266	NA	59957.0	50458.0	52.7009498280986	3.118e-13	0.378523	ret_isos_rpe_left__sys_ibd_delange2017	sys_ibd_delange2017_to_ret_isos_rpe_left	sys_ibd_delange2017	ret_isos_rpe_left	True	False
rs10826797	0.099	0.0136	-0.00171121	0.00686595	NA	59957.0	49894.0	52.989835640138416	3.986e-13	0.803182	ret_isos_rpe_left__sys_ibd_delange2017	sys_ibd_delange2017_to_ret_isos_rpe_left	sys_ibd_delange2017	ret_isos_rpe_left	True	False
rs55946629	-0.1298	0.018	0.00671894	0.00927091	NA	59957.0	48925.0	52.00012345679013	5.454e-13	0.468616	ret_isos_rpe_left__sys_ibd_delange2017	sys_ibd_delange2017_to_ret_isos_rpe_left	sys_ibd_delange2017	ret_isos_rpe_left	True	False
rs6873866	-0.0919	0.0128	-0.00969674	0.00638648	NA	59957.0	50579.0	51.547912597656236	6.148e-13	0.128933	ret_isos_rpe_left__sys_ibd_delange2017	sys_ibd_delange2017_to_ret_isos_rpe_left	sys_ibd_delange2017	ret_isos_rpe_left	True	False
rs4072601	0.1264	0.0177	-0.0129642	0.0089712	NA	59957.0	50272.0	50.99735069743689	8.433e-13	0.148432	ret_isos_rpe_left__sys_ibd_delange2017	sys_ibd_delange2017_to_ret_isos_rpe_left	sys_ibd_delange2017	ret_isos_rpe_left	True	False
rs1250573	0.098	0.0138	-0.000445889	0.00674032	NA	59957.0	50182.0	50.43058181054401	1.107e-12	0.947256	ret_isos_rpe_left__sys_ibd_delange2017	sys_ibd_delange2017_to_ret_isos_rpe_left	sys_ibd_delange2017	ret_isos_rpe_left	True	False
rs11669299	0.1107	0.0157	-0.0036435	0.0079237	NA	59957.0	50152.0	49.715972250395566	1.836e-12	0.645643	ret_isos_rpe_left__sys_ibd_delange2017	sys_ibd_delange2017_to_ret_isos_rpe_left	sys_ibd_delange2017	ret_isos_rpe_left	True	False
rs62324212	-0.0886	0.0127	-0.00329182	0.00636337	NA	59957.0	50438.0	48.66984933969868	2.674e-12	0.604942	ret_isos_rpe_left__sys_ibd_delange2017	sys_ibd_delange2017_to_ret_isos_rpe_left	sys_ibd_delange2017	ret_isos_rpe_left	True	False
rs1558619	0.0843	0.0123	-0.00329253	0.00632904	NA	59957.0	50509.0	46.972635336109455	8.897e-12	0.602907	ret_isos_rpe_left__sys_ibd_delange2017	sys_ibd_delange2017_to_ret_isos_rpe_left	sys_ibd_delange2017	ret_isos_rpe_left	True	False
rs194746	-0.0833	0.0124	0.0116843	0.00631666	NA	59957.0	50059.0	45.12805671175858	1.836e-11	0.0643483	ret_isos_rpe_left__sys_ibd_delange2017	sys_ibd_delange2017_to_ret_isos_rpe_left	sys_ibd_delange2017	ret_isos_rpe_left	True	False
rs3897234	0.0971	0.0145	-0.000185056	0.00754627	NA	59957.0	50342.0	44.8438049940547	1.899e-11	0.980436	ret_isos_rpe_left__sys_ibd_delange2017	sys_ibd_delange2017_to_ret_isos_rpe_left	sys_ibd_delange2017	ret_isos_rpe_left	True	False
rs34140409	0.1583	0.0237	0.016237	0.0113975	NA	59957.0	50578.0	44.61338104648472	2.284e-11	0.154269	ret_isos_rpe_left__sys_ibd_delange2017	sys_ibd_delange2017_to_ret_isos_rpe_left	sys_ibd_delange2017	ret_isos_rpe_left	True	False
rs16940202	0.113	0.0169	-0.00168054	0.00858262	NA	59957.0	50579.0	44.70781835369911	2.505e-11	0.844761	ret_isos_rpe_left__sys_ibd_delange2017	sys_ibd_delange2017_to_ret_isos_rpe_left	sys_ibd_delange2017	ret_isos_rpe_left	True	False
rs1336900	0.0848	0.0128	-0.0113618	0.00647724	NA	59957.0	50579.0	43.890625	2.984e-11	0.0794113	ret_isos_rpe_left__sys_ibd_delange2017	sys_ibd_delange2017_to_ret_isos_rpe_left	sys_ibd_delange2017	ret_isos_rpe_left	True	False
rs1456896	-0.0879	0.0133	-0.0029132	0.00668605	NA	59957.0	50579.0	43.67917915088474	4.504e-11	0.663045	ret_isos_rpe_left__sys_ibd_delange2017	sys_ibd_delange2017_to_ret_isos_rpe_left	sys_ibd_delange2017	ret_isos_rpe_left	True	False
rs76286777	0.0996	0.0151	0.00223311	0.00770512	NA	59957.0	50379.0	43.50756545765535	4.655e-11	0.771953	ret_isos_rpe_left__sys_ibd_delange2017	sys_ibd_delange2017_to_ret_isos_rpe_left	sys_ibd_delange2017	ret_isos_rpe_left	True	False
rs11548656	-0.2374	0.0362	0.0263041	0.0169463	NA	59957.0	50579.0	43.00750892829888	5.184e-11	0.120613	ret_isos_rpe_left__sys_ibd_delange2017	sys_ibd_delange2017_to_ret_isos_rpe_left	sys_ibd_delange2017	ret_isos_rpe_left	True	False
rs7543680	0.1001	0.0153	-0.0038056	0.00775152	NA	59957.0	50270.0	42.804092443077444	5.508e-11	0.623463	ret_isos_rpe_left__sys_ibd_delange2017	sys_ibd_delange2017_to_ret_isos_rpe_left	sys_ibd_delange2017	ret_isos_rpe_left	True	False
rs2529269	0.1042	0.0163	-0.00622131	0.0072164	NA	59957.0	47755.0	40.86582106966766	1.697e-10	0.388629	ret_isos_rpe_left__sys_ibd_delange2017	sys_ibd_delange2017_to_ret_isos_rpe_left	sys_ibd_delange2017	ret_isos_rpe_left	True	False
rs3820330	0.0892	0.014	-0.0105246	0.00686281	NA	59957.0	50345.0	40.59510204081632	1.722e-10	0.125135	ret_isos_rpe_left__sys_ibd_delange2017	sys_ibd_delange2017_to_ret_isos_rpe_left	sys_ibd_delange2017	ret_isos_rpe_left	True	False
rs56235845	0.0877	0.0138	0.00827766	0.00678129	NA	59957.0	49540.0	40.38694601974375	1.771e-10	0.222214	ret_isos_rpe_left__sys_ibd_delange2017	sys_ibd_delange2017_to_ret_isos_rpe_left	sys_ibd_delange2017	ret_isos_rpe_left	True	False
rs10041497	0.0819	0.0129	-0.00539929	0.00648274	NA	59957.0	50576.0	40.307733910221735	1.946e-10	0.404917	ret_isos_rpe_left__sys_ibd_delange2017	sys_ibd_delange2017_to_ret_isos_rpe_left	sys_ibd_delange2017	ret_isos_rpe_left	True	False
rs62408218	0.0818	0.0129	-0.00200316	0.00657403	NA	59957.0	50404.0	40.20936241812391	2.402e-10	0.760589	ret_isos_rpe_left__sys_ibd_delange2017	sys_ibd_delange2017_to_ret_isos_rpe_left	sys_ibd_delange2017	ret_isos_rpe_left	True	False
rs243505	-0.0805	0.0128	-0.00740331	0.00651269	NA	59957.0	50379.0	39.55230712890625	3.038e-10	0.255642	ret_isos_rpe_left__sys_ibd_delange2017	sys_ibd_delange2017_to_ret_isos_rpe_left	sys_ibd_delange2017	ret_isos_rpe_left	True	False
rs4276914	-0.0783	0.0125	-0.00953164	0.00631533	NA	59957.0	50572.0	39.23769599999999	3.154e-10	0.131225	ret_isos_rpe_left__sys_ibd_delange2017	sys_ibd_delange2017_to_ret_isos_rpe_left	sys_ibd_delange2017	ret_isos_rpe_left	True	False
rs11209013	0.0773	0.0124	0.00225793	0.00632841	NA	59957.0	50497.0	38.86114724245577	4.46e-10	0.721247	ret_isos_rpe_left__sys_ibd_delange2017	sys_ibd_delange2017_to_ret_isos_rpe_left	sys_ibd_delange2017	ret_isos_rpe_left	True	False
rs62183956	0.078	0.0125	-0.00123818	0.00630005	NA	59957.0	50408.0	38.93759999999999	4.489e-10	0.844191	ret_isos_rpe_left__sys_ibd_delange2017	sys_ibd_delange2017_to_ret_isos_rpe_left	sys_ibd_delange2017	ret_isos_rpe_left	True	False
rs2301127	-0.0783	0.0126	0.00758233	0.00638216	NA	59957.0	49689.0	38.6173469387755	4.961e-10	0.234813	ret_isos_rpe_left__sys_ibd_delange2017	sys_ibd_delange2017_to_ret_isos_rpe_left	sys_ibd_delange2017	ret_isos_rpe_left	True	False
rs56116661	0.1	0.0163	0.0132592	0.00794373	NA	59957.0	49758.0	37.63784862057286	9.271e-10	0.0950889	ret_isos_rpe_left__sys_ibd_delange2017	sys_ibd_delange2017_to_ret_isos_rpe_left	sys_ibd_delange2017	ret_isos_rpe_left	True	False
rs12136659	0.087	0.0142	-0.00227891	0.00733865	NA	59957.0	48700.0	37.53719500099186	1.02e-09	0.756154	ret_isos_rpe_left__sys_ibd_delange2017	sys_ibd_delange2017_to_ret_isos_rpe_left	sys_ibd_delange2017	ret_isos_rpe_left	True	False
rs140933577	-0.1857	0.0305	0.0105583	0.0165875	NA	59957.0	48774.0	37.070131685030915	1.13e-09	0.524435	ret_isos_rpe_left__sys_ibd_delange2017	sys_ibd_delange2017_to_ret_isos_rpe_left	sys_ibd_delange2017	ret_isos_rpe_left	True	False
rs111456533	0.1031	0.017	0.00722459	0.00856688	NA	59957.0	50431.0	36.780657439446365	1.179e-09	0.399051	ret_isos_rpe_left__sys_ibd_delange2017	sys_ibd_delange2017_to_ret_isos_rpe_left	sys_ibd_delange2017	ret_isos_rpe_left	True	False
rs7256518	0.1665	0.0276	0.0185309	0.0138092	NA	59957.0	49591.0	36.392367674858235	1.632e-09	0.179621	ret_isos_rpe_left__sys_ibd_delange2017	sys_ibd_delange2017_to_ret_isos_rpe_left	sys_ibd_delange2017	ret_isos_rpe_left	True	False
rs2593855	0.0832	0.014	0.000235965	0.00668407	NA	59957.0	50203.0	35.31755102040815	2.541e-09	0.971839	ret_isos_rpe_left__sys_ibd_delange2017	sys_ibd_delange2017_to_ret_isos_rpe_left	sys_ibd_delange2017	ret_isos_rpe_left	True	False
rs11195128	-0.0792	0.0133	0.0071618	0.00667634	NA	59957.0	49922.0	35.46068177963708	2.744e-09	0.2834	ret_isos_rpe_left__sys_ibd_delange2017	sys_ibd_delange2017_to_ret_isos_rpe_left	sys_ibd_delange2017	ret_isos_rpe_left	True	False
rs7532133	0.0789	0.0134	0.0131258	0.00678348	NA	59957.0	50552.0	34.66924704834039	3.832e-09	0.0529956	ret_isos_rpe_left__sys_ibd_delange2017	sys_ibd_delange2017_to_ret_isos_rpe_left	sys_ibd_delange2017	ret_isos_rpe_left	True	False
rs6933404	0.0863	0.0149	-0.010039	0.0077177	NA	59957.0	49717.0	33.546642043151216	6.641e-09	0.193336	ret_isos_rpe_left__sys_ibd_delange2017	sys_ibd_delange2017_to_ret_isos_rpe_left	sys_ibd_delange2017	ret_isos_rpe_left	True	False
rs78771661	0.3848	0.0669	0.0386447	0.0227903	NA	59957.0	50579.0	33.08399078561357	8.949e-09	0.0899492	ret_isos_rpe_left__sys_ibd_delange2017	sys_ibd_delange2017_to_ret_isos_rpe_left	sys_ibd_delange2017	ret_isos_rpe_left	True	False
rs212402	0.0743	0.013	0.00642212	0.00666624	NA	59957.0	49417.0	32.66562130177516	1.059e-08	0.335357	ret_isos_rpe_left__sys_ibd_delange2017	sys_ibd_delange2017_to_ret_isos_rpe_left	sys_ibd_delange2017	ret_isos_rpe_left	True	False
rs4256018	0.0786	0.0138	0.00523133	0.00708461	NA	59957.0	50457.0	32.440453686200385	1.23e-08	0.460267	ret_isos_rpe_left__sys_ibd_delange2017	sys_ibd_delange2017_to_ret_isos_rpe_left	sys_ibd_delange2017	ret_isos_rpe_left	True	False
rs7918084	-0.071	0.0125	-0.0071279	0.00637519	NA	59957.0	50043.0	32.262399999999985	1.383e-08	0.263538	ret_isos_rpe_left__sys_ibd_delange2017	sys_ibd_delange2017_to_ret_isos_rpe_left	sys_ibd_delange2017	ret_isos_rpe_left	True	False
rs938650	0.1074	0.0189	0.0146727	0.00943809	NA	59957.0	50438.0	32.29125724363819	1.413e-08	0.120034	ret_isos_rpe_left__sys_ibd_delange2017	sys_ibd_delange2017_to_ret_isos_rpe_left	sys_ibd_delange2017	ret_isos_rpe_left	True	False
rs341295	-0.0702	0.0124	0.0038615	0.00643744	NA	59957.0	48777.0	32.050208116545264	1.451e-08	0.548606	ret_isos_rpe_left__sys_ibd_delange2017	sys_ibd_delange2017_to_ret_isos_rpe_left	sys_ibd_delange2017	ret_isos_rpe_left	True	False
rs5763793	-0.0734	0.013	0.00467316	0.00659551	NA	59957.0	50420.0	31.879053254437874	1.467e-08	0.478612	ret_isos_rpe_left__sys_ibd_delange2017	sys_ibd_delange2017_to_ret_isos_rpe_left	sys_ibd_delange2017	ret_isos_rpe_left	True	False
rs62482552	0.0737	0.0131	-0.0109217	0.00666011	NA	59957.0	46999.0	31.651360643319155	1.971e-08	0.101034	ret_isos_rpe_left__sys_ibd_delange2017	sys_ibd_delange2017_to_ret_isos_rpe_left	sys_ibd_delange2017	ret_isos_rpe_left	True	False
rs7190426	-0.0872	0.0155	-0.0130551	0.00788651	NA	59957.0	50449.0	31.649698231009367	2.057e-08	0.0978491	ret_isos_rpe_left__sys_ibd_delange2017	sys_ibd_delange2017_to_ret_isos_rpe_left	sys_ibd_delange2017	ret_isos_rpe_left	True	False
rs72852162	-0.1129	0.0202	-0.00242444	0.0103228	NA	59957.0	49338.0	31.238138417802176	2.298e-08	0.814316	ret_isos_rpe_left__sys_ibd_delange2017	sys_ibd_delange2017_to_ret_isos_rpe_left	sys_ibd_delange2017	ret_isos_rpe_left	True	False
rs11221335	0.0827	0.0148	0.0148325	0.0077124	NA	59957.0	50432.0	31.22393170197224	2.44e-08	0.0544553	ret_isos_rpe_left__sys_ibd_delange2017	sys_ibd_delange2017_to_ret_isos_rpe_left	sys_ibd_delange2017	ret_isos_rpe_left	True	False
rs13422838	-0.1143	0.0205	-0.00774786	0.0101356	NA	59957.0	50358.0	31.0874241522903	2.557e-08	0.444619	ret_isos_rpe_left__sys_ibd_delange2017	sys_ibd_delange2017_to_ret_isos_rpe_left	sys_ibd_delange2017	ret_isos_rpe_left	True	False
rs503734	-0.0692	0.0124	-0.0433333	0.00634209	NA	59957.0	50107.0	31.143600416233095	2.674e-08	8.33628e-12	ret_isos_rpe_left__sys_ibd_delange2017	sys_ibd_delange2017_to_ret_isos_rpe_left	sys_ibd_delange2017	ret_isos_rpe_left	True	False
rs112936798	-0.1844	0.0332	-0.0258197	0.018904	NA	59957.0	50579.0	30.84932501088692	2.889e-08	0.171992	ret_isos_rpe_left__sys_ibd_delange2017	sys_ibd_delange2017_to_ret_isos_rpe_left	sys_ibd_delange2017	ret_isos_rpe_left	True	False
rs149169037	0.1338	0.0242	0.0159621	0.0111585	NA	59957.0	49900.0	30.56901850966464	3.261e-08	0.152578	ret_isos_rpe_left__sys_ibd_delange2017	sys_ibd_delange2017_to_ret_isos_rpe_left	sys_ibd_delange2017	ret_isos_rpe_left	True	False
rs11768365	-0.0837	0.0152	-0.00571664	0.0075289	NA	59957.0	50471.0	30.32241170360111	3.879e-08	0.447677	ret_isos_rpe_left__sys_ibd_delange2017	sys_ibd_delange2017_to_ret_isos_rpe_left	sys_ibd_delange2017	ret_isos_rpe_left	True	False
rs11734570	-0.0694	0.0127	0.000679903	0.00650724	NA	59957.0	49792.0	29.86149172298345	4.801e-08	0.916785	ret_isos_rpe_left__sys_ibd_delange2017	sys_ibd_delange2017_to_ret_isos_rpe_left	sys_ibd_delange2017	ret_isos_rpe_left	True	False
rs3138142	0.147326	0.00729994	0.013291	0.0133091	0.240032	50510.0	184305.0	407.30544331210444	1.41392e-90	0.3179683	ret_macular_total_left__sys_cad_nikpay2015	ret_macular_total_left_to_sys_cad_nikpay2015	ret_macular_total_left	sys_cad_nikpay2015	False	True
rs17421627	0.234746	0.0119232	-0.003859	0.0188437	0.0732333	50858.0	184305.0	387.62407578231404	2.71998e-86	0.837736	ret_macular_total_left__sys_cad_nikpay2015	ret_macular_total_left_to_sys_cad_nikpay2015	ret_macular_total_left	sys_cad_nikpay2015	False	True
rs9905786	-0.0974179	0.00651956	0.015379	0.0110149	0.355475	50794.0	184305.0	223.27543994759208	1.74573e-50	0.1626528	ret_macular_total_left__sys_cad_nikpay2015	ret_macular_total_left_to_sys_cad_nikpay2015	ret_macular_total_left	sys_cad_nikpay2015	False	True
rs17279437	-0.106972	0.01004	0.036895	0.0175912	0.106571	50858.0	184305.0	113.52011063316455	1.65964e-26	0.035962	ret_macular_total_left__sys_cad_nikpay2015	ret_macular_total_left_to_sys_cad_nikpay2015	ret_macular_total_left	sys_cad_nikpay2015	False	True
rs6968945	-0.0593228	0.0063785	0.006381	0.0093887	0.406675	50185.0	184305.0	86.49801931263207	1.39884e-20	0.4967282	ret_macular_total_left__sys_cad_nikpay2015	ret_macular_total_left_to_sys_cad_nikpay2015	ret_macular_total_left	sys_cad_nikpay2015	False	True
rs2732631	0.0649641	0.00744502	0.03687	0.0140966	0.228645	50198.0	184305.0	76.14039313452838	2.64214e-18	0.0089092	ret_macular_total_left__sys_cad_nikpay2015	ret_macular_total_left_to_sys_cad_nikpay2015	ret_macular_total_left	sys_cad_nikpay2015	False	True
rs4839276	-0.0629906	0.00741577	-0.006005	0.012137	0.228484	50520.0	184305.0	72.15044048303034	1.99406e-17	0.6207634	ret_macular_total_left__sys_cad_nikpay2015	ret_macular_total_left_to_sys_cad_nikpay2015	ret_macular_total_left	sys_cad_nikpay2015	False	True
rs10203008	0.0506521	0.00625726	0.026228	0.0099525	0.486457	50322.0	184305.0	65.5279390750346	5.72972e-16	0.0084057	ret_macular_total_left__sys_cad_nikpay2015	ret_macular_total_left_to_sys_cad_nikpay2015	ret_macular_total_left	sys_cad_nikpay2015	False	True
rs2963490	0.0506943	0.00629913	0.011965	0.0092192	0.491223	49560.0	184305.0	64.76749772682193	8.42809e-16	0.1943461	ret_macular_total_left__sys_cad_nikpay2015	ret_macular_total_left_to_sys_cad_nikpay2015	ret_macular_total_left	sys_cad_nikpay2015	False	True
rs4838417	0.0526621	0.00654428	0.00731	0.0096331	0.352993	50120.0	184305.0	64.75489473820815	8.48113e-16	0.4479478	ret_macular_total_left__sys_cad_nikpay2015	ret_macular_total_left_to_sys_cad_nikpay2015	ret_macular_total_left	sys_cad_nikpay2015	False	True
rs7752728	-0.0605811	0.00762168	0.006644	0.0109964	0.210686	50618.0	184305.0	63.17902042900099	1.88734e-15	0.5457119	ret_macular_total_left__sys_cad_nikpay2015	ret_macular_total_left_to_sys_cad_nikpay2015	ret_macular_total_left	sys_cad_nikpay2015	False	True
rs7298676	-0.0629592	0.00795185	-0.025103	0.0127996	0.188884	50772.0	184305.0	62.68765780842621	2.42232e-15	0.0498521	ret_macular_total_left__sys_cad_nikpay2015	ret_macular_total_left_to_sys_cad_nikpay2015	ret_macular_total_left	sys_cad_nikpay2015	False	True
rs887595	-0.0642303	0.00818198	-0.00904	0.0110605	0.177994	50468.0	184305.0	61.625871467211915	4.15307e-15	0.4137432	ret_macular_total_left__sys_cad_nikpay2015	ret_macular_total_left_to_sys_cad_nikpay2015	ret_macular_total_left	sys_cad_nikpay2015	False	True
rs556217	-0.0478318	0.00623948	-0.009232	0.009518	0.4868	50644.0	184305.0	58.767424094569066	1.77467e-14	0.332069	ret_macular_total_left__sys_cad_nikpay2015	ret_macular_total_left_to_sys_cad_nikpay2015	ret_macular_total_left	sys_cad_nikpay2015	False	True
rs11662407	0.0516911	0.00677482	0.002373	0.0106347	0.303135	50809.0	184305.0	58.215150753971606	2.34972e-14	0.8234279	ret_macular_total_left__sys_cad_nikpay2015	ret_macular_total_left_to_sys_cad_nikpay2015	ret_macular_total_left	sys_cad_nikpay2015	False	True
rs2079308	-0.0518585	0.00687342	0.003454	0.0100644	0.29116	50608.0	184305.0	56.92383313285616	4.53023e-14	0.7314548	ret_macular_total_left__sys_cad_nikpay2015	ret_macular_total_left_to_sys_cad_nikpay2015	ret_macular_total_left	sys_cad_nikpay2015	False	True
rs3769393	-0.0642666	0.00854602	0.004119	0.0118274	0.160506	50372.0	184305.0	56.55133203816741	5.47518e-14	0.7276455	ret_macular_total_left__sys_cad_nikpay2015	ret_macular_total_left_to_sys_cad_nikpay2015	ret_macular_total_left	sys_cad_nikpay2015	False	True
rs1983810	0.051399	0.00686191	0.002417	0.0102219	0.308102	48961.0	184305.0	56.10729146700437	6.86187e-14	0.8130807	ret_macular_total_left__sys_cad_nikpay2015	ret_macular_total_left_to_sys_cad_nikpay2015	ret_macular_total_left	sys_cad_nikpay2015	False	True
rs4635359	0.053219	0.0071057	8.7e-05	0.0105956	0.261878	50514.0	184305.0	56.09442285075701	6.90741e-14	0.9934487	ret_macular_total_left__sys_cad_nikpay2015	ret_macular_total_left_to_sys_cad_nikpay2015	ret_macular_total_left	sys_cad_nikpay2015	False	True
rs12891131	-0.0461104	0.00626643	-0.002623	0.0092507	0.462998	50849.0	184305.0	54.14487980380491	1.86232e-13	0.7767593	ret_macular_total_left__sys_cad_nikpay2015	ret_macular_total_left_to_sys_cad_nikpay2015	ret_macular_total_left	sys_cad_nikpay2015	False	True
rs1470108	0.0485551	0.00663307	0.002191	0.0104402	0.333762	50175.0	184305.0	53.58466806338491	2.47689e-13	0.8337758	ret_macular_total_left__sys_cad_nikpay2015	ret_macular_total_left_to_sys_cad_nikpay2015	ret_macular_total_left	sys_cad_nikpay2015	False	True
rs7553418	-0.0478131	0.00653301	-0.006872	0.0096711	0.354193	50591.0	184305.0	53.56327942583611	2.50391e-13	0.4773518	ret_macular_total_left__sys_cad_nikpay2015	ret_macular_total_left_to_sys_cad_nikpay2015	ret_macular_total_left	sys_cad_nikpay2015	False	True
rs13263941	0.0504934	0.00718055	0.004492	0.0202156	0.255526	50486.0	184305.0	49.448578218105055	2.03636e-12	0.8241549	ret_macular_total_left__sys_cad_nikpay2015	ret_macular_total_left_to_sys_cad_nikpay2015	ret_macular_total_left	sys_cad_nikpay2015	False	True
rs75159625	0.047295	0.00674659	0.00583	0.0151699	0.313518	50442.0	184305.0	49.14301788506804	2.37964e-12	0.7007455	ret_macular_total_left__sys_cad_nikpay2015	ret_macular_total_left_to_sys_cad_nikpay2015	ret_macular_total_left	sys_cad_nikpay2015	False	True
rs2237468	0.0528346	0.00756269	-0.007559	0.0105119	0.221265	50139.0	184305.0	48.807240084114326	2.82398e-12	0.4720861	ret_macular_total_left__sys_cad_nikpay2015	ret_macular_total_left_to_sys_cad_nikpay2015	ret_macular_total_left	sys_cad_nikpay2015	False	True
rs10488688	-0.047952	0.00692335	0.0038	0.0107596	0.289492	50112.0	184305.0	47.971232488133666	4.32529e-12	0.7239584	ret_macular_total_left__sys_cad_nikpay2015	ret_macular_total_left_to_sys_cad_nikpay2015	ret_macular_total_left	sys_cad_nikpay2015	False	True
rs10872647	0.045053	0.00663513	0.015643	0.0100578	0.33718	50737.0	184305.0	46.105056419378535	1.12078e-11	0.119874	ret_macular_total_left__sys_cad_nikpay2015	ret_macular_total_left_to_sys_cad_nikpay2015	ret_macular_total_left	sys_cad_nikpay2015	False	True
rs10893946	0.0429155	0.00639023	0.004163	0.009821	0.39359	50343.0	184305.0	45.101955696021854	1.87044e-11	0.671649	ret_macular_total_left__sys_cad_nikpay2015	ret_macular_total_left_to_sys_cad_nikpay2015	ret_macular_total_left	sys_cad_nikpay2015	False	True
rs12193446	0.0694931	0.0105895	-0.017365	0.0184548	0.095452	50858.0	184305.0	43.06579428099974	5.29238e-11	0.3467311	ret_macular_total_left__sys_cad_nikpay2015	ret_macular_total_left_to_sys_cad_nikpay2015	ret_macular_total_left	sys_cad_nikpay2015	False	True
rs9508027	-0.0440412	0.00680991	0.041652	0.0100209	0.296856	50634.0	184305.0	41.82496083409792	9.9824e-11	3.23e-05	ret_macular_total_left__sys_cad_nikpay2015	ret_macular_total_left_to_sys_cad_nikpay2015	ret_macular_total_left	sys_cad_nikpay2015	False	True
rs7127818	0.0435553	0.00686306	-0.00055	0.0102295	0.289109	50820.0	184305.0	40.276008831940146	2.20489e-10	0.9571214	ret_macular_total_left__sys_cad_nikpay2015	ret_macular_total_left_to_sys_cad_nikpay2015	ret_macular_total_left	sys_cad_nikpay2015	False	True
rs12409048	-0.0443529	0.00712953	0.014639	0.0105239	0.254827	50858.0	184305.0	38.7010048160967	4.93949e-10	0.1642165	ret_macular_total_left__sys_cad_nikpay2015	ret_macular_total_left_to_sys_cad_nikpay2015	ret_macular_total_left	sys_cad_nikpay2015	False	True
rs9379066	-0.0400963	0.00648409	-0.00211	0.0102056	0.364698	50768.0	184305.0	38.2393524140872	6.25795e-10	0.8362054	ret_macular_total_left__sys_cad_nikpay2015	ret_macular_total_left_to_sys_cad_nikpay2015	ret_macular_total_left	sys_cad_nikpay2015	False	True
rs1575676	-0.0398622	0.00645447	-0.0055	0.0095364	0.368129	50705.0	184305.0	38.14181492118046	6.5783e-10	0.5641182	ret_macular_total_left__sys_cad_nikpay2015	ret_macular_total_left_to_sys_cad_nikpay2015	ret_macular_total_left	sys_cad_nikpay2015	False	True
rs4936637	0.0458586	0.00750021	0.00039	0.010437	0.223171	50515.0	184305.0	37.38477209385309	9.69812e-10	0.9701922	ret_macular_total_left__sys_cad_nikpay2015	ret_macular_total_left_to_sys_cad_nikpay2015	ret_macular_total_left	sys_cad_nikpay2015	False	True
rs11913168	-0.060801	0.00995049	0.007552	0.0145474	0.109314	50858.0	184305.0	37.33640589623126	9.94133e-10	0.6036706	ret_macular_total_left__sys_cad_nikpay2015	ret_macular_total_left_to_sys_cad_nikpay2015	ret_macular_total_left	sys_cad_nikpay2015	False	True
rs10023264	0.0408162	0.00671096	-0.006051	0.0105803	0.334289	48853.0	184305.0	36.990980078548255	1.18672e-09	0.5673834	ret_macular_total_left__sys_cad_nikpay2015	ret_macular_total_left_to_sys_cad_nikpay2015	ret_macular_total_left	sys_cad_nikpay2015	False	True
rs11662962	0.0563043	0.00933209	-0.02251	0.0132265	0.127741	50704.0	184305.0	36.40200373787415	1.60537e-09	0.0887772	ret_macular_total_left__sys_cad_nikpay2015	ret_macular_total_left_to_sys_cad_nikpay2015	ret_macular_total_left	sys_cad_nikpay2015	False	True
rs11606813	-0.09262	0.0153984	0.024135	0.0211781	0.0428229	50452.0	184305.0	36.17915000798519	1.79992e-09	0.2544439	ret_macular_total_left__sys_cad_nikpay2015	ret_macular_total_left_to_sys_cad_nikpay2015	ret_macular_total_left	sys_cad_nikpay2015	False	True
rs71580755	-0.0891868	0.0148538	-0.011655	0.0159107	0.0470173	49737.0	184305.0	36.05172250564518	1.92143e-09	0.4638481	ret_macular_total_left__sys_cad_nikpay2015	ret_macular_total_left_to_sys_cad_nikpay2015	ret_macular_total_left	sys_cad_nikpay2015	False	True
rs4803297	-0.0375968	0.00631172	0.004327	0.0094213	0.431156	50280.0	184305.0	35.48185487618818	2.5743e-09	0.6460339	ret_macular_total_left__sys_cad_nikpay2015	ret_macular_total_left_to_sys_cad_nikpay2015	ret_macular_total_left	sys_cad_nikpay2015	False	True
rs6478995	-0.0373982	0.00629523	0.004229	0.0098373	0.427376	50837.0	184305.0	35.292156448171866	2.83773e-09	0.6672736	ret_macular_total_left__sys_cad_nikpay2015	ret_macular_total_left_to_sys_cad_nikpay2015	ret_macular_total_left	sys_cad_nikpay2015	False	True
rs12217769	0.0430402	0.00732565	-0.00075	0.0110301	0.235194	50858.0	184305.0	34.51884300617619	4.2213e-09	0.9457889	ret_macular_total_left__sys_cad_nikpay2015	ret_macular_total_left_to_sys_cad_nikpay2015	ret_macular_total_left	sys_cad_nikpay2015	False	True
rs1532547	-0.0387344	0.00660178	0.007834	0.0102164	0.353991	49764.0	184305.0	34.42481149948199	4.43049e-09	0.4431987	ret_macular_total_left__sys_cad_nikpay2015	ret_macular_total_left_to_sys_cad_nikpay2015	ret_macular_total_left	sys_cad_nikpay2015	False	True
rs6433705	0.037601	0.00643708	-0.003083	0.0097157	0.38677	50680.0	184305.0	34.120939222710696	5.17912e-09	0.750999	ret_macular_total_left__sys_cad_nikpay2015	ret_macular_total_left_to_sys_cad_nikpay2015	ret_macular_total_left	sys_cad_nikpay2015	False	True
rs11854063	0.0383449	0.00656779	-0.009937	0.0095592	0.336812	50647.0	184305.0	34.086052047616114	5.27291e-09	0.2985643	ret_macular_total_left__sys_cad_nikpay2015	ret_macular_total_left_to_sys_cad_nikpay2015	ret_macular_total_left	sys_cad_nikpay2015	False	True
rs11854924	-0.0394614	0.00678124	-7.1e-05	0.0109204	0.302326	50692.0	184305.0	33.86310269963846	5.91308e-09	0.9948125	ret_macular_total_left__sys_cad_nikpay2015	ret_macular_total_left_to_sys_cad_nikpay2015	ret_macular_total_left	sys_cad_nikpay2015	False	True
rs80256218	-0.0677778	0.0117412	-0.008485	0.0193477	0.0764888	50831.0	184305.0	33.32345047953763	7.80381e-09	0.6609851	ret_macular_total_left__sys_cad_nikpay2015	ret_macular_total_left_to_sys_cad_nikpay2015	ret_macular_total_left	sys_cad_nikpay2015	False	True
rs187136683	0.037102	0.00648344	-0.019907	0.0120935	0.371193	50401.0	184305.0	32.74791466248544	1.04917e-08	0.099746	ret_macular_total_left__sys_cad_nikpay2015	ret_macular_total_left_to_sys_cad_nikpay2015	ret_macular_total_left	sys_cad_nikpay2015	False	True
rs113670532	0.0525116	0.00920019	0.002306	0.0128572	0.133006	50321.0	184305.0	32.577436704456936	1.14542e-08	0.857659	ret_macular_total_left__sys_cad_nikpay2015	ret_macular_total_left_to_sys_cad_nikpay2015	ret_macular_total_left	sys_cad_nikpay2015	False	True
rs2154328	0.0374572	0.00656735	-0.000743	0.0095136	0.358675	50030.0	184305.0	32.53046680936516	1.17344e-08	0.9377497	ret_macular_total_left__sys_cad_nikpay2015	ret_macular_total_left_to_sys_cad_nikpay2015	ret_macular_total_left	sys_cad_nikpay2015	False	True
rs10474678	0.0358988	0.00631968	0.002199	0.0096277	0.464715	49695.0	184305.0	32.26782454315431	1.34317e-08	0.8193322	ret_macular_total_left__sys_cad_nikpay2015	ret_macular_total_left_to_sys_cad_nikpay2015	ret_macular_total_left	sys_cad_nikpay2015	False	True
rs7597716	0.0397591	0.00700369	0.0131	0.0104131	0.274152	50554.0	184305.0	32.22695407259551	1.37174e-08	0.208379	ret_macular_total_left__sys_cad_nikpay2015	ret_macular_total_left_to_sys_cad_nikpay2015	ret_macular_total_left	sys_cad_nikpay2015	False	True
rs705773	0.0358494	0.00632354	0.00543	0.00933	0.473836	49152.0	184305.0	32.13980538777978	1.43462e-08	0.5605727	ret_macular_total_left__sys_cad_nikpay2015	ret_macular_total_left_to_sys_cad_nikpay2015	ret_macular_total_left	sys_cad_nikpay2015	False	True
rs34989573	0.0449229	0.00794322	-0.022462	0.0130571	0.194316	50086.0	184305.0	31.98470771861308	1.55389e-08	0.0853788	ret_macular_total_left__sys_cad_nikpay2015	ret_macular_total_left_to_sys_cad_nikpay2015	ret_macular_total_left	sys_cad_nikpay2015	False	True
rs6818978	0.0412281	0.0073299	0.009361	0.0114472	0.239544	50066.0	184305.0	31.636653805086482	1.85898e-08	0.4134972	ret_macular_total_left__sys_cad_nikpay2015	ret_macular_total_left_to_sys_cad_nikpay2015	ret_macular_total_left	sys_cad_nikpay2015	False	True
rs7589104	-0.0691647	0.0123293	0.023468	0.0199745	0.0688516	50420.0	184305.0	31.469667543940698	2.02592e-08	0.2400351	ret_macular_total_left__sys_cad_nikpay2015	ret_macular_total_left_to_sys_cad_nikpay2015	ret_macular_total_left	sys_cad_nikpay2015	False	True
rs62251889	0.0560482	0.0100296	0.000411	0.0157814	0.10897	50303.0	184305.0	31.228858773690717	2.29338e-08	0.9792228	ret_macular_total_left__sys_cad_nikpay2015	ret_macular_total_left_to_sys_cad_nikpay2015	ret_macular_total_left	sys_cad_nikpay2015	False	True
rs30373	0.0361981	0.00658711	0.016988	0.0103468	0.365379	48748.0	184305.0	30.198246034764185	3.90076e-08	0.1006189	ret_macular_total_left__sys_cad_nikpay2015	ret_macular_total_left_to_sys_cad_nikpay2015	ret_macular_total_left	sys_cad_nikpay2015	False	True
rs28855509	0.0413163	0.00753025	0.024833	0.0122065	0.219056	50688.0	184305.0	30.103989571378314	4.09493e-08	0.0419106	ret_macular_total_left__sys_cad_nikpay2015	ret_macular_total_left_to_sys_cad_nikpay2015	ret_macular_total_left	sys_cad_nikpay2015	False	True
rs74175027	-0.0347526	0.00636508	0.016179	0.009695	0.419927	49836.0	184305.0	29.810335951361093	4.76453e-08	0.0951584	ret_macular_total_left__sys_cad_nikpay2015	ret_macular_total_left_to_sys_cad_nikpay2015	ret_macular_total_left	sys_cad_nikpay2015	False	True
rs2891168	-0.193401	0.0091877	0.0187739	0.00622645	0.511332	184305.0	50834.0	443.1021105119655	2.29e-98	0.00256826	ret_macular_total_left__sys_cad_nikpay2015	sys_cad_nikpay2015_to_ret_macular_total_left	sys_cad_nikpay2015	ret_macular_total_left	True	False
rs9349379	-0.131836	0.0096527	0.0149574	0.00635404	0.568394	184305.0	50858.0	186.5393322937254	1.81e-42	0.0185724	ret_macular_total_left__sys_cad_nikpay2015	sys_cad_nikpay2015_to_ret_macular_total_left	sys_cad_nikpay2015	ret_macular_total_left	True	False
rs55730499	-0.316641	0.0242403	0.00827922	0.0114516	0.943757	184305.0	50791.0	170.631149325991	5.39e-39	0.469694	ret_macular_total_left__sys_cad_nikpay2015	sys_cad_nikpay2015_to_ret_macular_total_left	sys_cad_nikpay2015	ret_macular_total_left	True	False
rs7528419	0.11453	0.011482	-0.000960558	0.00749738	0.78582	184305.0	50858.0	99.49549943458682	1.97e-23	0.898055	ret_macular_total_left__sys_cad_nikpay2015	sys_cad_nikpay2015_to_ret_macular_total_left	sys_cad_nikpay2015	ret_macular_total_left	True	False
rs115654617	-0.137846	0.0158314	-0.0163721	0.00931175	0.893038	184305.0	50858.0	75.8140491677371	3.12e-18	0.0787093	ret_macular_total_left__sys_cad_nikpay2015	sys_cad_nikpay2015_to_ret_macular_total_left	sys_cad_nikpay2015	ret_macular_total_left	True	False
rs4468572	0.077234	0.0095277	0.00580934	0.00634233	0.585831	184305.0	50112.0	65.71142838249757	4.44e-16	0.359686	ret_macular_total_left__sys_cad_nikpay2015	sys_cad_nikpay2015_to_ret_macular_total_left	sys_cad_nikpay2015	ret_macular_total_left	True	False
rs10080815	-0.246627	0.0308579	-0.0111471	0.0223637	0.972442	184305.0	50858.0	63.87758752148254	1.33e-15	0.618171	ret_macular_total_left__sys_cad_nikpay2015	sys_cad_nikpay2015_to_ret_macular_total_left	sys_cad_nikpay2015	ret_macular_total_left	True	False
rs28451064	-0.127571	0.015952	-0.00690229	0.00964276	0.878814	184305.0	48906.0	63.954872551612944	1.33e-15	0.474115	ret_macular_total_left__sys_cad_nikpay2015	sys_cad_nikpay2015_to_ret_macular_total_left	sys_cad_nikpay2015	ret_macular_total_left	True	False
rs56289821	0.13361	0.0170415	-0.00208157	0.00949972	0.899622	184305.0	50856.0	61.46986936967773	4.44e-15	0.826558	ret_macular_total_left__sys_cad_nikpay2015	sys_cad_nikpay2015_to_ret_macular_total_left	sys_cad_nikpay2015	ret_macular_total_left	True	False
rs1870634	0.075878	0.0097113	0.00447596	0.00659948	0.637485	184305.0	50804.0	61.048782809156116	5.55e-15	0.497627	ret_macular_total_left__sys_cad_nikpay2015	sys_cad_nikpay2015_to_ret_macular_total_left	sys_cad_nikpay2015	ret_macular_total_left	True	False
rs9970807	0.12575	0.016695	-0.0283166	0.0108468	0.915097	184305.0	50802.0	56.73396555594931	5e-14	0.00903875	ret_macular_total_left__sys_cad_nikpay2015	sys_cad_nikpay2015_to_ret_macular_total_left	sys_cad_nikpay2015	ret_macular_total_left	True	False
rs1412444	-0.066812	0.0096809	0.00702448	0.00658329	0.630869	184305.0	50858.0	47.6296594989335	5.15e-12	0.285965	ret_macular_total_left__sys_cad_nikpay2015	sys_cad_nikpay2015_to_ret_macular_total_left	sys_cad_nikpay2015	ret_macular_total_left	True	False
rs2519093	-0.079704	0.0117524	-0.0159377	0.0079592	0.809128	184305.0	50821.0	45.99462746279435	1.19e-11	0.0452383	ret_macular_total_left__sys_cad_nikpay2015	sys_cad_nikpay2015_to_ret_macular_total_left	sys_cad_nikpay2015	ret_macular_total_left	True	False
rs12202017	0.066813	0.0099612	0.00421993	0.0068653	0.699953	184305.0	50552.0	44.988200858289325	1.98e-11	0.538769	ret_macular_total_left__sys_cad_nikpay2015	sys_cad_nikpay2015_to_ret_macular_total_left	sys_cad_nikpay2015	ret_macular_total_left	True	False
rs2487928	-0.062633	0.0095049	0.00661837	0.00634907	0.581779	184305.0	49772.0	43.42215007492742	4.41e-11	0.297219	ret_macular_total_left__sys_cad_nikpay2015	sys_cad_nikpay2015_to_ret_macular_total_left	sys_cad_nikpay2015	ret_macular_total_left	True	False
rs2681472	-0.074114	0.0113331	0.00656457	0.00831128	0.798694	184305.0	50858.0	42.76643652718264	6.17e-11	0.429622	ret_macular_total_left__sys_cad_nikpay2015	sys_cad_nikpay2015_to_ret_macular_total_left	sys_cad_nikpay2015	ret_macular_total_left	True	False
rs2128739	-0.065565	0.0100568	1.25059e-06	0.00694812	0.676464	184305.0	50624.0	42.50348143656117	7.05e-11	0.999856	ret_macular_total_left__sys_cad_nikpay2015	sys_cad_nikpay2015_to_ret_macular_total_left	sys_cad_nikpay2015	ret_macular_total_left	True	False
rs4420638	-0.091906	0.0140977	-0.00540856	0.0079694	0.833964	184305.0	50858.0	42.50022220001871	7.07e-11	0.497349	ret_macular_total_left__sys_cad_nikpay2015	sys_cad_nikpay2015_to_ret_macular_total_left	sys_cad_nikpay2015	ret_macular_total_left	True	False
rs2107595	-0.073415	0.0112951	-0.0140238	0.00870687	0.79953	184305.0	50509.0	42.24637461186516	8.05e-11	0.107255	ret_macular_total_left__sys_cad_nikpay2015	sys_cad_nikpay2015_to_ret_macular_total_left	sys_cad_nikpay2015	ret_macular_total_left	True	False
rs11838776	-0.068566	0.0107552	-0.00175723	0.00708923	0.736723	184305.0	49079.0	40.642521779048685	1.83e-10	0.804233	ret_macular_total_left__sys_cad_nikpay2015	sys_cad_nikpay2015_to_ret_macular_total_left	sys_cad_nikpay2015	ret_macular_total_left	True	False
rs3918226	-0.133315	0.0221275	0.00416792	0.0117093	0.935485	184305.0	50017.0	36.29888919993962	1.69e-09	0.721879	ret_macular_total_left__sys_cad_nikpay2015	sys_cad_nikpay2015_to_ret_macular_total_left	sys_cad_nikpay2015	ret_macular_total_left	True	False
rs6689306	-0.056012	0.0094061	-0.00488622	0.00656754	0.552455	184305.0	47332.0	35.460346672296524	2.6e-09	0.456879	ret_macular_total_left__sys_cad_nikpay2015	sys_cad_nikpay2015_to_ret_macular_total_left	sys_cad_nikpay2015	ret_macular_total_left	True	False
rs1199338	-0.073596	0.0124987	0.0100237	0.00847838	0.838134	184305.0	50610.0	34.67198718072137	3.9e-09	0.237099	ret_macular_total_left__sys_cad_nikpay2015	sys_cad_nikpay2015_to_ret_macular_total_left	sys_cad_nikpay2015	ret_macular_total_left	True	False
rs56062135	0.069743	0.0118937	-0.0112676	0.00731332	0.794271	184305.0	50746.0	34.38486230152041	4.52e-09	0.12339	ret_macular_total_left__sys_cad_nikpay2015	sys_cad_nikpay2015_to_ret_macular_total_left	sys_cad_nikpay2015	ret_macular_total_left	True	False
rs11191416	0.079249	0.0135252	0.0312426	0.0110964	0.87253	184305.0	50846.0	34.33208585752941	4.65e-09	0.00486912	ret_macular_total_left__sys_cad_nikpay2015	sys_cad_nikpay2015_to_ret_macular_total_left	sys_cad_nikpay2015	ret_macular_total_left	True	False
rs10840293	0.054714	0.009619	0.0120624	0.00633218	0.549821	184305.0	49761.0	32.35467805346482	1.28e-08	0.0567874	ret_macular_total_left__sys_cad_nikpay2015	sys_cad_nikpay2015_to_ret_macular_total_left	sys_cad_nikpay2015	ret_macular_total_left	True	False
rs16986953	-0.08516	0.0150265	0.00639554	0.0125373	0.895294	184305.0	50411.0	32.11852806644818	1.45e-08	0.609967	ret_macular_total_left__sys_cad_nikpay2015	sys_cad_nikpay2015_to_ret_macular_total_left	sys_cad_nikpay2015	ret_macular_total_left	True	False
rs56336142	0.066813	0.0118763	0.000731969	0.00769958	0.807262	184305.0	49991.0	31.648973320949015	1.85e-08	0.924262	ret_macular_total_left__sys_cad_nikpay2015	sys_cad_nikpay2015_to_ret_macular_total_left	sys_cad_nikpay2015	ret_macular_total_left	True	False
rs663129	-0.058163	0.0105173	-0.00364466	0.00732949	0.743165	184305.0	50852.0	30.583351330344364	3.2e-08	0.619006	ret_macular_total_left__sys_cad_nikpay2015	sys_cad_nikpay2015_to_ret_macular_total_left	sys_cad_nikpay2015	ret_macular_total_left	True	False
rs17087335	-0.060764	0.0111159	-0.0120336	0.00799299	0.785363	184305.0	50588.0	29.88157247129896	4.59e-08	0.132191	ret_macular_total_left__sys_cad_nikpay2015	sys_cad_nikpay2015_to_ret_macular_total_left	sys_cad_nikpay2015	ret_macular_total_left	True	False
rs3138142	0.147326	0.00729994	0.0169	0.0135	0.240032	50510.0	440328.0	407.30544331210444	1.41392e-90	0.2114	ret_macular_total_left__sys_stroke_megastroke2018	ret_macular_total_left_to_sys_stroke_megastroke2018	ret_macular_total_left	sys_stroke_megastroke2018	False	True
rs17421627	0.234746	0.0119232	-0.0036	0.0208	0.0732333	50858.0	440328.0	387.62407578231404	2.71998e-86	0.8639	ret_macular_total_left__sys_stroke_megastroke2018	ret_macular_total_left_to_sys_stroke_megastroke2018	ret_macular_total_left	sys_stroke_megastroke2018	False	True
rs9905786	-0.0974179	0.00651956	0.0037	0.0108	0.355475	50794.0	440328.0	223.27543994759208	1.74573e-50	0.7317	ret_macular_total_left__sys_stroke_megastroke2018	ret_macular_total_left_to_sys_stroke_megastroke2018	ret_macular_total_left	sys_stroke_megastroke2018	False	True
rs17279437	-0.106972	0.01004	0.0193	0.0173	0.106571	50858.0	440328.0	113.52011063316455	1.65964e-26	0.2651	ret_macular_total_left__sys_stroke_megastroke2018	ret_macular_total_left_to_sys_stroke_megastroke2018	ret_macular_total_left	sys_stroke_megastroke2018	False	True
rs6968945	-0.0593228	0.0063785	-0.0007	0.0102	0.406675	50185.0	440328.0	86.49801931263207	1.39884e-20	0.9489	ret_macular_total_left__sys_stroke_megastroke2018	ret_macular_total_left_to_sys_stroke_megastroke2018	ret_macular_total_left	sys_stroke_megastroke2018	False	True
rs4839276	-0.0629906	0.00741577	0.0265	0.0117	0.228484	50520.0	440328.0	72.15044048303034	1.99406e-17	0.02289	ret_macular_total_left__sys_stroke_megastroke2018	ret_macular_total_left_to_sys_stroke_megastroke2018	ret_macular_total_left	sys_stroke_megastroke2018	False	True
rs10203008	0.0506521	0.00625726	0.0128	0.0108	0.486457	50322.0	440328.0	65.5279390750346	5.72972e-16	0.2362	ret_macular_total_left__sys_stroke_megastroke2018	ret_macular_total_left_to_sys_stroke_megastroke2018	ret_macular_total_left	sys_stroke_megastroke2018	False	True
rs2963490	0.0506943	0.00629913	-0.0025	0.01	0.491223	49560.0	440328.0	64.76749772682193	8.42809e-16	0.7985	ret_macular_total_left__sys_stroke_megastroke2018	ret_macular_total_left_to_sys_stroke_megastroke2018	ret_macular_total_left	sys_stroke_megastroke2018	False	True
rs4838417	0.0526621	0.00654428	-0.0017	0.0105	0.352993	50120.0	440328.0	64.75489473820815	8.48113e-16	0.8714	ret_macular_total_left__sys_stroke_megastroke2018	ret_macular_total_left_to_sys_stroke_megastroke2018	ret_macular_total_left	sys_stroke_megastroke2018	False	True
rs7752728	-0.0605811	0.00762168	-0.0054	0.0123	0.210686	50618.0	440328.0	63.17902042900099	1.88734e-15	0.6605	ret_macular_total_left__sys_stroke_megastroke2018	ret_macular_total_left_to_sys_stroke_megastroke2018	ret_macular_total_left	sys_stroke_megastroke2018	False	True
rs7298676	-0.0629592	0.00795185	0.017	0.0133	0.188884	50772.0	440328.0	62.68765780842621	2.42232e-15	0.1999	ret_macular_total_left__sys_stroke_megastroke2018	ret_macular_total_left_to_sys_stroke_megastroke2018	ret_macular_total_left	sys_stroke_megastroke2018	False	True
rs887595	-0.0642303	0.00818198	0.0067	0.0129	0.177994	50468.0	440328.0	61.625871467211915	4.15307e-15	0.6015	ret_macular_total_left__sys_stroke_megastroke2018	ret_macular_total_left_to_sys_stroke_megastroke2018	ret_macular_total_left	sys_stroke_megastroke2018	False	True
rs556217	-0.0478318	0.00623948	-0.0087	0.01	0.4868	50644.0	440328.0	58.767424094569066	1.77467e-14	0.3842	ret_macular_total_left__sys_stroke_megastroke2018	ret_macular_total_left_to_sys_stroke_megastroke2018	ret_macular_total_left	sys_stroke_megastroke2018	False	True
rs11662407	0.0516911	0.00677482	0.0018	0.011	0.303135	50809.0	440328.0	58.215150753971606	2.34972e-14	0.869	ret_macular_total_left__sys_stroke_megastroke2018	ret_macular_total_left_to_sys_stroke_megastroke2018	ret_macular_total_left	sys_stroke_megastroke2018	False	True
rs2079308	-0.0518585	0.00687342	-0.009	0.0109	0.29116	50608.0	440328.0	56.92383313285616	4.53023e-14	0.4057	ret_macular_total_left__sys_stroke_megastroke2018	ret_macular_total_left_to_sys_stroke_megastroke2018	ret_macular_total_left	sys_stroke_megastroke2018	False	True
rs3769393	-0.0642666	0.00854602	0.0126	0.0134	0.160506	50372.0	440328.0	56.55133203816741	5.47518e-14	0.3449	ret_macular_total_left__sys_stroke_megastroke2018	ret_macular_total_left_to_sys_stroke_megastroke2018	ret_macular_total_left	sys_stroke_megastroke2018	False	True
rs1983810	0.051399	0.00686191	-0.0041	0.0108	0.308102	48961.0	440328.0	56.10729146700437	6.86187e-14	0.7028	ret_macular_total_left__sys_stroke_megastroke2018	ret_macular_total_left_to_sys_stroke_megastroke2018	ret_macular_total_left	sys_stroke_megastroke2018	False	True
rs4635359	0.053219	0.0071057	-0.021	0.0115	0.261878	50514.0	440328.0	56.09442285075701	6.90741e-14	0.06817	ret_macular_total_left__sys_stroke_megastroke2018	ret_macular_total_left_to_sys_stroke_megastroke2018	ret_macular_total_left	sys_stroke_megastroke2018	False	True
rs12891131	-0.0461104	0.00626643	-0.0081	0.01	0.462998	50849.0	440328.0	54.14487980380491	1.86232e-13	0.4171	ret_macular_total_left__sys_stroke_megastroke2018	ret_macular_total_left_to_sys_stroke_megastroke2018	ret_macular_total_left	sys_stroke_megastroke2018	False	True
rs1470108	0.0485551	0.00663307	-0.0085	0.0114	0.333762	50175.0	440328.0	53.58466806338491	2.47689e-13	0.4562	ret_macular_total_left__sys_stroke_megastroke2018	ret_macular_total_left_to_sys_stroke_megastroke2018	ret_macular_total_left	sys_stroke_megastroke2018	False	True
rs7553418	-0.0478131	0.00653301	-0.02	0.0107	0.354193	50591.0	440328.0	53.56327942583611	2.50391e-13	0.06154	ret_macular_total_left__sys_stroke_megastroke2018	ret_macular_total_left_to_sys_stroke_megastroke2018	ret_macular_total_left	sys_stroke_megastroke2018	False	True
rs13263941	0.0504934	0.00718055	-0.019	0.0173	0.255526	50486.0	440328.0	49.448578218105055	2.03636e-12	0.2715	ret_macular_total_left__sys_stroke_megastroke2018	ret_macular_total_left_to_sys_stroke_megastroke2018	ret_macular_total_left	sys_stroke_megastroke2018	False	True
rs75159625	0.047295	0.00674659	-0.0071	0.0133	0.313518	50442.0	440328.0	49.14301788506804	2.37964e-12	0.5907	ret_macular_total_left__sys_stroke_megastroke2018	ret_macular_total_left_to_sys_stroke_megastroke2018	ret_macular_total_left	sys_stroke_megastroke2018	False	True
rs2237468	0.0528346	0.00756269	0.0049	0.0118	0.221265	50139.0	440328.0	48.807240084114326	2.82398e-12	0.6765	ret_macular_total_left__sys_stroke_megastroke2018	ret_macular_total_left_to_sys_stroke_megastroke2018	ret_macular_total_left	sys_stroke_megastroke2018	False	True
rs10488688	-0.047952	0.00692335	0.0098	0.0109	0.289492	50112.0	440328.0	47.971232488133666	4.32529e-12	0.3693	ret_macular_total_left__sys_stroke_megastroke2018	ret_macular_total_left_to_sys_stroke_megastroke2018	ret_macular_total_left	sys_stroke_megastroke2018	False	True
rs10872647	0.045053	0.00663513	0.0158	0.0105	0.33718	50737.0	440328.0	46.105056419378535	1.12078e-11	0.1339	ret_macular_total_left__sys_stroke_megastroke2018	ret_macular_total_left_to_sys_stroke_megastroke2018	ret_macular_total_left	sys_stroke_megastroke2018	False	True
rs10893946	0.0429155	0.00639023	0.0046	0.0102	0.39359	50343.0	440328.0	45.101955696021854	1.87044e-11	0.6517	ret_macular_total_left__sys_stroke_megastroke2018	ret_macular_total_left_to_sys_stroke_megastroke2018	ret_macular_total_left	sys_stroke_megastroke2018	False	True
rs12193446	0.0694931	0.0105895	-0.0113	0.0175	0.095452	50858.0	440328.0	43.06579428099974	5.29238e-11	0.5196	ret_macular_total_left__sys_stroke_megastroke2018	ret_macular_total_left_to_sys_stroke_megastroke2018	ret_macular_total_left	sys_stroke_megastroke2018	False	True
rs9508027	-0.0440412	0.00680991	0.0004	0.0106	0.296856	50634.0	440328.0	41.82496083409792	9.9824e-11	0.9715	ret_macular_total_left__sys_stroke_megastroke2018	ret_macular_total_left_to_sys_stroke_megastroke2018	ret_macular_total_left	sys_stroke_megastroke2018	False	True
rs7127818	0.0435553	0.00686306	0.0164	0.0109	0.289109	50820.0	440328.0	40.276008831940146	2.20489e-10	0.1315	ret_macular_total_left__sys_stroke_megastroke2018	ret_macular_total_left_to_sys_stroke_megastroke2018	ret_macular_total_left	sys_stroke_megastroke2018	False	True
rs12409048	-0.0443529	0.00712953	0.0042	0.0113	0.254827	50858.0	440328.0	38.7010048160967	4.93949e-10	0.7091	ret_macular_total_left__sys_stroke_megastroke2018	ret_macular_total_left_to_sys_stroke_megastroke2018	ret_macular_total_left	sys_stroke_megastroke2018	False	True
rs9379066	-0.0400963	0.00648409	0.0082	0.0106	0.364698	50768.0	440328.0	38.2393524140872	6.25795e-10	0.4436	ret_macular_total_left__sys_stroke_megastroke2018	ret_macular_total_left_to_sys_stroke_megastroke2018	ret_macular_total_left	sys_stroke_megastroke2018	False	True
rs1575676	-0.0398622	0.00645447	0.0056	0.0101	0.368129	50705.0	440328.0	38.14181492118046	6.5783e-10	0.5801	ret_macular_total_left__sys_stroke_megastroke2018	ret_macular_total_left_to_sys_stroke_megastroke2018	ret_macular_total_left	sys_stroke_megastroke2018	False	True
rs4936637	0.0458586	0.00750021	0.0006	0.0118	0.223171	50515.0	440328.0	37.38477209385309	9.69812e-10	0.961	ret_macular_total_left__sys_stroke_megastroke2018	ret_macular_total_left_to_sys_stroke_megastroke2018	ret_macular_total_left	sys_stroke_megastroke2018	False	True
rs11913168	-0.060801	0.00995049	0.0023	0.0158	0.109314	50858.0	440328.0	37.33640589623126	9.94133e-10	0.8854	ret_macular_total_left__sys_stroke_megastroke2018	ret_macular_total_left_to_sys_stroke_megastroke2018	ret_macular_total_left	sys_stroke_megastroke2018	False	True
rs10023264	0.0408162	0.00671096	0.0024	0.0115	0.334289	48853.0	440328.0	36.990980078548255	1.18672e-09	0.8362	ret_macular_total_left__sys_stroke_megastroke2018	ret_macular_total_left_to_sys_stroke_megastroke2018	ret_macular_total_left	sys_stroke_megastroke2018	False	True
rs11662962	0.0563043	0.00933209	-0.009	0.0151	0.127741	50704.0	440328.0	36.40200373787415	1.60537e-09	0.552	ret_macular_total_left__sys_stroke_megastroke2018	ret_macular_total_left_to_sys_stroke_megastroke2018	ret_macular_total_left	sys_stroke_megastroke2018	False	True
rs11606813	-0.09262	0.0153984	0.0364	0.0233	0.0428229	50452.0	440328.0	36.17915000798519	1.79992e-09	0.1182	ret_macular_total_left__sys_stroke_megastroke2018	ret_macular_total_left_to_sys_stroke_megastroke2018	ret_macular_total_left	sys_stroke_megastroke2018	False	True
rs71580755	-0.0891868	0.0148538	-0.0352	0.0216	0.0470173	49737.0	440328.0	36.05172250564518	1.92143e-09	0.1026	ret_macular_total_left__sys_stroke_megastroke2018	ret_macular_total_left_to_sys_stroke_megastroke2018	ret_macular_total_left	sys_stroke_megastroke2018	False	True
rs4803297	-0.0375968	0.00631172	-0.0015	0.0101	0.431156	50280.0	440328.0	35.48185487618818	2.5743e-09	0.8805	ret_macular_total_left__sys_stroke_megastroke2018	ret_macular_total_left_to_sys_stroke_megastroke2018	ret_macular_total_left	sys_stroke_megastroke2018	False	True
rs6478995	-0.0373982	0.00629523	-0.0271	0.0099	0.427376	50837.0	440328.0	35.292156448171866	2.83773e-09	0.006351	ret_macular_total_left__sys_stroke_megastroke2018	ret_macular_total_left_to_sys_stroke_megastroke2018	ret_macular_total_left	sys_stroke_megastroke2018	False	True
rs12217769	0.0430402	0.00732565	-0.008	0.0118	0.235194	50858.0	440328.0	34.51884300617619	4.2213e-09	0.4978	ret_macular_total_left__sys_stroke_megastroke2018	ret_macular_total_left_to_sys_stroke_megastroke2018	ret_macular_total_left	sys_stroke_megastroke2018	False	True
rs1532547	-0.0387344	0.00660178	-0.0097	0.0104	0.353991	49764.0	440328.0	34.42481149948199	4.43049e-09	0.352	ret_macular_total_left__sys_stroke_megastroke2018	ret_macular_total_left_to_sys_stroke_megastroke2018	ret_macular_total_left	sys_stroke_megastroke2018	False	True
rs6433705	0.037601	0.00643708	0.0205	0.01	0.38677	50680.0	440328.0	34.120939222710696	5.17912e-09	0.04164	ret_macular_total_left__sys_stroke_megastroke2018	ret_macular_total_left_to_sys_stroke_megastroke2018	ret_macular_total_left	sys_stroke_megastroke2018	False	True
rs11854063	0.0383449	0.00656779	0.0204	0.0104	0.336812	50647.0	440328.0	34.086052047616114	5.27291e-09	0.0501	ret_macular_total_left__sys_stroke_megastroke2018	ret_macular_total_left_to_sys_stroke_megastroke2018	ret_macular_total_left	sys_stroke_megastroke2018	False	True
rs11854924	-0.0394614	0.00678124	0.0053	0.0108	0.302326	50692.0	440328.0	33.86310269963846	5.91308e-09	0.6268	ret_macular_total_left__sys_stroke_megastroke2018	ret_macular_total_left_to_sys_stroke_megastroke2018	ret_macular_total_left	sys_stroke_megastroke2018	False	True
rs80256218	-0.0677778	0.0117412	-0.0015	0.0191	0.0764888	50831.0	440328.0	33.32345047953763	7.80381e-09	0.9384	ret_macular_total_left__sys_stroke_megastroke2018	ret_macular_total_left_to_sys_stroke_megastroke2018	ret_macular_total_left	sys_stroke_megastroke2018	False	True
rs187136683	0.037102	0.00648344	-0.0174	0.0135	0.371193	50401.0	440328.0	32.74791466248544	1.04917e-08	0.1972	ret_macular_total_left__sys_stroke_megastroke2018	ret_macular_total_left_to_sys_stroke_megastroke2018	ret_macular_total_left	sys_stroke_megastroke2018	False	True
rs113670532	0.0525116	0.00920019	0.0003	0.0153	0.133006	50321.0	440328.0	32.577436704456936	1.14542e-08	0.9868	ret_macular_total_left__sys_stroke_megastroke2018	ret_macular_total_left_to_sys_stroke_megastroke2018	ret_macular_total_left	sys_stroke_megastroke2018	False	True
rs2154328	0.0374572	0.00656735	-0.0049	0.0104	0.358675	50030.0	440328.0	32.53046680936516	1.17344e-08	0.6361	ret_macular_total_left__sys_stroke_megastroke2018	ret_macular_total_left_to_sys_stroke_megastroke2018	ret_macular_total_left	sys_stroke_megastroke2018	False	True
rs10474678	0.0358988	0.00631968	-0.0024	0.01	0.464715	49695.0	440328.0	32.26782454315431	1.34317e-08	0.8134	ret_macular_total_left__sys_stroke_megastroke2018	ret_macular_total_left_to_sys_stroke_megastroke2018	ret_macular_total_left	sys_stroke_megastroke2018	False	True
rs7597716	0.0397591	0.00700369	0.0031	0.0112	0.274152	50554.0	440328.0	32.22695407259551	1.37174e-08	0.7854	ret_macular_total_left__sys_stroke_megastroke2018	ret_macular_total_left_to_sys_stroke_megastroke2018	ret_macular_total_left	sys_stroke_megastroke2018	False	True
rs705773	0.0358494	0.00632354	0.0076	0.0101	0.473836	49152.0	440328.0	32.13980538777978	1.43462e-08	0.4494	ret_macular_total_left__sys_stroke_megastroke2018	ret_macular_total_left_to_sys_stroke_megastroke2018	ret_macular_total_left	sys_stroke_megastroke2018	False	True
rs34989573	0.0449229	0.00794322	0.0013	0.0128	0.194316	50086.0	440328.0	31.98470771861308	1.55389e-08	0.9204	ret_macular_total_left__sys_stroke_megastroke2018	ret_macular_total_left_to_sys_stroke_megastroke2018	ret_macular_total_left	sys_stroke_megastroke2018	False	True
rs6818978	0.0412281	0.0073299	0.0142	0.0121	0.239544	50066.0	440328.0	31.636653805086482	1.85898e-08	0.2387	ret_macular_total_left__sys_stroke_megastroke2018	ret_macular_total_left_to_sys_stroke_megastroke2018	ret_macular_total_left	sys_stroke_megastroke2018	False	True
rs7589104	-0.0691647	0.0123293	0.0124	0.0196	0.0688516	50420.0	440328.0	31.469667543940698	2.02592e-08	0.527	ret_macular_total_left__sys_stroke_megastroke2018	ret_macular_total_left_to_sys_stroke_megastroke2018	ret_macular_total_left	sys_stroke_megastroke2018	False	True
rs62251889	0.0560482	0.0100296	0.0053	0.0168	0.10897	50303.0	440328.0	31.228858773690717	2.29338e-08	0.7545	ret_macular_total_left__sys_stroke_megastroke2018	ret_macular_total_left_to_sys_stroke_megastroke2018	ret_macular_total_left	sys_stroke_megastroke2018	False	True
rs30373	0.0361981	0.00658711	0.0114	0.0108	0.365379	48748.0	440328.0	30.198246034764185	3.90076e-08	0.2888	ret_macular_total_left__sys_stroke_megastroke2018	ret_macular_total_left_to_sys_stroke_megastroke2018	ret_macular_total_left	sys_stroke_megastroke2018	False	True
rs28855509	0.0413163	0.00753025	0.0028	0.0139	0.219056	50688.0	440328.0	30.103989571378314	4.09493e-08	0.8405	ret_macular_total_left__sys_stroke_megastroke2018	ret_macular_total_left_to_sys_stroke_megastroke2018	ret_macular_total_left	sys_stroke_megastroke2018	False	True
rs74175027	-0.0347526	0.00636508	-0.0092	0.0106	0.419927	49836.0	440328.0	29.810335951361093	4.76453e-08	0.3863	ret_macular_total_left__sys_stroke_megastroke2018	ret_macular_total_left_to_sys_stroke_megastroke2018	ret_macular_total_left	sys_stroke_megastroke2018	False	True
rs2107595	0.0882	0.0132	0.0140238	0.00870687	0.1673	440328.0	50509.0	44.64669421487603	2.328e-11	0.107255	ret_macular_total_left__sys_stroke_megastroke2018	sys_stroke_megastroke2018_to_ret_macular_total_left	sys_stroke_megastroke2018	ret_macular_total_left	True	False
rs11242678	0.0723	0.0114	0.00936007	0.00715956	0.255	440328.0	50829.0	40.22229916897507	2.703e-10	0.191093	ret_macular_total_left__sys_stroke_megastroke2018	sys_stroke_megastroke2018_to_ret_macular_total_left	sys_stroke_megastroke2018	ret_macular_total_left	True	False
rs2758612	0.0653	0.0111	-0.00453491	0.006651	0.6453	440328.0	48682.0	34.60831101371642	3.677e-09	0.495341	ret_macular_total_left__sys_stroke_megastroke2018	sys_stroke_megastroke2018_to_ret_macular_total_left	sys_stroke_megastroke2018	ret_macular_total_left	True	False
rs635634	0.0772	0.0134	0.0157892	0.00798662	0.1921	440328.0	50858.0	33.19135664958788	9.179e-09	0.0480471	ret_macular_total_left__sys_stroke_megastroke2018	sys_stroke_megastroke2018_to_ret_macular_total_left	sys_stroke_megastroke2018	ret_macular_total_left	True	False
rs473238	0.0831	0.0147	0.00750001	0.00944524	0.1326	440328.0	50705.0	31.957101207830068	1.651e-08	0.427166	ret_macular_total_left__sys_stroke_megastroke2018	sys_stroke_megastroke2018_to_ret_macular_total_left	sys_stroke_megastroke2018	ret_macular_total_left	True	False
rs4942561	0.0655	0.0116	0.0107617	0.00723907	0.759	440328.0	50713.0	31.883546373365046	1.771e-08	0.137117	ret_macular_total_left__sys_stroke_megastroke2018	sys_stroke_megastroke2018_to_ret_macular_total_left	sys_stroke_megastroke2018	ret_macular_total_left	True	False
rs2066864	0.0634	0.0115	0.00102438	0.00726429	0.2452	440328.0	50848.0	30.39364839319471	3.514e-08	0.887858	ret_macular_total_left__sys_stroke_megastroke2018	sys_stroke_megastroke2018_to_ret_macular_total_left	sys_stroke_megastroke2018	ret_macular_total_left	True	False
rs3138142	0.147326	0.00729994	-0.02	0.016	0.240032	50510.0	158183.0	407.30544331210444	1.41392e-90	0.22	ret_macular_total_left__sys_t2d_scott2017	ret_macular_total_left_to_sys_t2d_scott2017	ret_macular_total_left	sys_t2d_scott2017	False	True
rs17421627	0.234746	0.0119232	0.0016	0.026	0.0732333	50858.0	158186.0	387.62407578231404	2.71998e-86	0.95	ret_macular_total_left__sys_t2d_scott2017	ret_macular_total_left_to_sys_t2d_scott2017	ret_macular_total_left	sys_t2d_scott2017	False	True
rs9905786	-0.0974179	0.00651956	-0.011	0.013	0.355475	50794.0	156106.0	223.27543994759208	1.74573e-50	0.4	ret_macular_total_left__sys_t2d_scott2017	ret_macular_total_left_to_sys_t2d_scott2017	ret_macular_total_left	sys_t2d_scott2017	False	True
rs17279437	-0.106972	0.01004	0.011	0.02	0.106571	50858.0	152598.0	113.52011063316455	1.65964e-26	0.6	ret_macular_total_left__sys_t2d_scott2017	ret_macular_total_left_to_sys_t2d_scott2017	ret_macular_total_left	sys_t2d_scott2017	False	True
rs6968945	-0.0593228	0.0063785	-0.02	0.013	0.406675	50185.0	152597.0	86.49801931263207	1.39884e-20	0.12	ret_macular_total_left__sys_t2d_scott2017	ret_macular_total_left_to_sys_t2d_scott2017	ret_macular_total_left	sys_t2d_scott2017	False	True
rs2732631	0.0649641	0.00744502	0.0095	0.017	0.228645	50198.0	150159.0	76.14039313452838	2.64214e-18	0.56	ret_macular_total_left__sys_t2d_scott2017	ret_macular_total_left_to_sys_t2d_scott2017	ret_macular_total_left	sys_t2d_scott2017	False	True
rs4839276	-0.0629906	0.00741577	0.027	0.014	0.228484	50520.0	158184.0	72.15044048303034	1.99406e-17	0.054	ret_macular_total_left__sys_t2d_scott2017	ret_macular_total_left_to_sys_t2d_scott2017	ret_macular_total_left	sys_t2d_scott2017	False	True
rs10203008	0.0506521	0.00625726	-0.0065	0.013	0.486457	50322.0	158185.0	65.5279390750346	5.72972e-16	0.61	ret_macular_total_left__sys_t2d_scott2017	ret_macular_total_left_to_sys_t2d_scott2017	ret_macular_total_left	sys_t2d_scott2017	False	True
rs2963490	0.0506943	0.00629913	-0.0044	0.012	0.491223	49560.0	152599.0	64.76749772682193	8.42809e-16	0.72	ret_macular_total_left__sys_t2d_scott2017	ret_macular_total_left_to_sys_t2d_scott2017	ret_macular_total_left	sys_t2d_scott2017	False	True
rs4838417	0.0526621	0.00654428	-0.0077	0.013	0.352993	50120.0	158186.0	64.75489473820815	8.48113e-16	0.55	ret_macular_total_left__sys_t2d_scott2017	ret_macular_total_left_to_sys_t2d_scott2017	ret_macular_total_left	sys_t2d_scott2017	False	True
rs7752728	-0.0605811	0.00762168	-0.011	0.016	0.210686	50618.0	152598.0	63.17902042900099	1.88734e-15	0.49	ret_macular_total_left__sys_t2d_scott2017	ret_macular_total_left_to_sys_t2d_scott2017	ret_macular_total_left	sys_t2d_scott2017	False	True
rs7298676	-0.0629592	0.00795185	0.0008	0.016	0.188884	50772.0	158183.0	62.68765780842621	2.42232e-15	0.96	ret_macular_total_left__sys_t2d_scott2017	ret_macular_total_left_to_sys_t2d_scott2017	ret_macular_total_left	sys_t2d_scott2017	False	True
rs887595	-0.0642303	0.00818198	0.023	0.016	0.177994	50468.0	152598.0	61.625871467211915	4.15307e-15	0.16	ret_macular_total_left__sys_t2d_scott2017	ret_macular_total_left_to_sys_t2d_scott2017	ret_macular_total_left	sys_t2d_scott2017	False	True
rs556217	-0.0478318	0.00623948	-0.029	0.012	0.4868	50644.0	158185.0	58.767424094569066	1.77467e-14	0.018	ret_macular_total_left__sys_t2d_scott2017	ret_macular_total_left_to_sys_t2d_scott2017	ret_macular_total_left	sys_t2d_scott2017	False	True
rs11662407	0.0516911	0.00677482	-0.0028	0.013	0.303135	50809.0	158184.0	58.215150753971606	2.34972e-14	0.84	ret_macular_total_left__sys_t2d_scott2017	ret_macular_total_left_to_sys_t2d_scott2017	ret_macular_total_left	sys_t2d_scott2017	False	True
rs2079308	-0.0518585	0.00687342	0.0084	0.013	0.29116	50608.0	158184.0	56.92383313285616	4.53023e-14	0.53	ret_macular_total_left__sys_t2d_scott2017	ret_macular_total_left_to_sys_t2d_scott2017	ret_macular_total_left	sys_t2d_scott2017	False	True
rs3769393	-0.0642666	0.00854602	-0.0058	0.017	0.160506	50372.0	152599.0	56.55133203816741	5.47518e-14	0.73	ret_macular_total_left__sys_t2d_scott2017	ret_macular_total_left_to_sys_t2d_scott2017	ret_macular_total_left	sys_t2d_scott2017	False	True
rs1983810	0.051399	0.00686191	-0.024	0.013	0.308102	48961.0	158183.0	56.10729146700437	6.86187e-14	0.075	ret_macular_total_left__sys_t2d_scott2017	ret_macular_total_left_to_sys_t2d_scott2017	ret_macular_total_left	sys_t2d_scott2017	False	True
rs4635359	0.053219	0.0071057	0.012	0.014	0.261878	50514.0	158182.0	56.09442285075701	6.90741e-14	0.37	ret_macular_total_left__sys_t2d_scott2017	ret_macular_total_left_to_sys_t2d_scott2017	ret_macular_total_left	sys_t2d_scott2017	False	True
rs12891131	-0.0461104	0.00626643	-0.012	0.012	0.462998	50849.0	158185.0	54.14487980380491	1.86232e-13	0.33	ret_macular_total_left__sys_t2d_scott2017	ret_macular_total_left_to_sys_t2d_scott2017	ret_macular_total_left	sys_t2d_scott2017	False	True
rs1470108	0.0485551	0.00663307	0.026	0.013	0.333762	50175.0	152598.0	53.58466806338491	2.47689e-13	0.047	ret_macular_total_left__sys_t2d_scott2017	ret_macular_total_left_to_sys_t2d_scott2017	ret_macular_total_left	sys_t2d_scott2017	False	True
rs7553418	-0.0478131	0.00653301	0.015	0.013	0.354193	50591.0	152597.0	53.56327942583611	2.50391e-13	0.27	ret_macular_total_left__sys_t2d_scott2017	ret_macular_total_left_to_sys_t2d_scott2017	ret_macular_total_left	sys_t2d_scott2017	False	True
rs13263941	0.0504934	0.00718055	0.017	0.027	0.255526	50486.0	158185.0	49.448578218105055	2.03636e-12	0.52	ret_macular_total_left__sys_t2d_scott2017	ret_macular_total_left_to_sys_t2d_scott2017	ret_macular_total_left	sys_t2d_scott2017	False	True
rs75159625	0.047295	0.00674659	0.043	0.018	0.313518	50442.0	136187.0	49.14301788506804	2.37964e-12	0.019	ret_macular_total_left__sys_t2d_scott2017	ret_macular_total_left_to_sys_t2d_scott2017	ret_macular_total_left	sys_t2d_scott2017	False	True
rs2237468	0.0528346	0.00756269	-0.0015	0.015	0.221265	50139.0	152597.0	48.807240084114326	2.82398e-12	0.92	ret_macular_total_left__sys_t2d_scott2017	ret_macular_total_left_to_sys_t2d_scott2017	ret_macular_total_left	sys_t2d_scott2017	False	True
rs10872647	0.045053	0.00663513	-0.017	0.013	0.33718	50737.0	158185.0	46.105056419378535	1.12078e-11	0.18	ret_macular_total_left__sys_t2d_scott2017	ret_macular_total_left_to_sys_t2d_scott2017	ret_macular_total_left	sys_t2d_scott2017	False	True
rs10893946	0.0429155	0.00639023	-0.0002	0.013	0.39359	50343.0	158185.0	45.101955696021854	1.87044e-11	0.99	ret_macular_total_left__sys_t2d_scott2017	ret_macular_total_left_to_sys_t2d_scott2017	ret_macular_total_left	sys_t2d_scott2017	False	True
rs12193446	0.0694931	0.0105895	-0.01	0.022	0.095452	50858.0	158185.0	43.06579428099974	5.29238e-11	0.63	ret_macular_total_left__sys_t2d_scott2017	ret_macular_total_left_to_sys_t2d_scott2017	ret_macular_total_left	sys_t2d_scott2017	False	True
rs9508027	-0.0440412	0.00680991	0.031	0.013	0.296856	50634.0	158184.0	41.82496083409792	9.9824e-11	0.017	ret_macular_total_left__sys_t2d_scott2017	ret_macular_total_left_to_sys_t2d_scott2017	ret_macular_total_left	sys_t2d_scott2017	False	True
rs12409048	-0.0443529	0.00712953	0.011	0.014	0.254827	50858.0	152597.0	38.7010048160967	4.93949e-10	0.46	ret_macular_total_left__sys_t2d_scott2017	ret_macular_total_left_to_sys_t2d_scott2017	ret_macular_total_left	sys_t2d_scott2017	False	True
rs9379066	-0.0400963	0.00648409	0.011	0.013	0.364698	50768.0	158185.0	38.2393524140872	6.25795e-10	0.43	ret_macular_total_left__sys_t2d_scott2017	ret_macular_total_left_to_sys_t2d_scott2017	ret_macular_total_left	sys_t2d_scott2017	False	True
rs1575676	-0.0398622	0.00645447	0.0067	0.013	0.368129	50705.0	158185.0	38.14181492118046	6.5783e-10	0.59	ret_macular_total_left__sys_t2d_scott2017	ret_macular_total_left_to_sys_t2d_scott2017	ret_macular_total_left	sys_t2d_scott2017	False	True
rs4936637	0.0458586	0.00750021	0.0079	0.014	0.223171	50515.0	158185.0	37.38477209385309	9.69812e-10	0.57	ret_macular_total_left__sys_t2d_scott2017	ret_macular_total_left_to_sys_t2d_scott2017	ret_macular_total_left	sys_t2d_scott2017	False	True
rs11913168	-0.060801	0.00995049	-0.012	0.019	0.109314	50858.0	158183.0	37.33640589623126	9.94133e-10	0.52	ret_macular_total_left__sys_t2d_scott2017	ret_macular_total_left_to_sys_t2d_scott2017	ret_macular_total_left	sys_t2d_scott2017	False	True
rs10023264	0.0408162	0.00671096	0.0095	0.013	0.334289	48853.0	158185.0	36.990980078548255	1.18672e-09	0.48	ret_macular_total_left__sys_t2d_scott2017	ret_macular_total_left_to_sys_t2d_scott2017	ret_macular_total_left	sys_t2d_scott2017	False	True
rs11662962	0.0563043	0.00933209	0.0007	0.018	0.127741	50704.0	152597.0	36.40200373787415	1.60537e-09	0.97	ret_macular_total_left__sys_t2d_scott2017	ret_macular_total_left_to_sys_t2d_scott2017	ret_macular_total_left	sys_t2d_scott2017	False	True
rs11606813	-0.09262	0.0153984	0.0067	0.028	0.0428229	50452.0	152598.0	36.17915000798519	1.79992e-09	0.81	ret_macular_total_left__sys_t2d_scott2017	ret_macular_total_left_to_sys_t2d_scott2017	ret_macular_total_left	sys_t2d_scott2017	False	True
rs71580755	-0.0891868	0.0148538	-0.0063	0.021	0.0470173	49737.0	158186.0	36.05172250564518	1.92143e-09	0.76	ret_macular_total_left__sys_t2d_scott2017	ret_macular_total_left_to_sys_t2d_scott2017	ret_macular_total_left	sys_t2d_scott2017	False	True
rs4803297	-0.0375968	0.00631172	-0.0036	0.012	0.431156	50280.0	158186.0	35.48185487618818	2.5743e-09	0.77	ret_macular_total_left__sys_t2d_scott2017	ret_macular_total_left_to_sys_t2d_scott2017	ret_macular_total_left	sys_t2d_scott2017	False	True
rs6478995	-0.0373982	0.00629523	-0.0028	0.012	0.427376	50837.0	158183.0	35.292156448171866	2.83773e-09	0.82	ret_macular_total_left__sys_t2d_scott2017	ret_macular_total_left_to_sys_t2d_scott2017	ret_macular_total_left	sys_t2d_scott2017	False	True
rs12217769	0.0430402	0.00732565	0.011	0.014	0.235194	50858.0	158186.0	34.51884300617619	4.2213e-09	0.41	ret_macular_total_left__sys_t2d_scott2017	ret_macular_total_left_to_sys_t2d_scott2017	ret_macular_total_left	sys_t2d_scott2017	False	True
rs1532547	-0.0387344	0.00660178	-0.0069	0.013	0.353991	49764.0	152598.0	34.42481149948199	4.43049e-09	0.6	ret_macular_total_left__sys_t2d_scott2017	ret_macular_total_left_to_sys_t2d_scott2017	ret_macular_total_left	sys_t2d_scott2017	False	True
rs6433705	0.037601	0.00643708	0.0039	0.012	0.38677	50680.0	158186.0	34.120939222710696	5.17912e-09	0.75	ret_macular_total_left__sys_t2d_scott2017	ret_macular_total_left_to_sys_t2d_scott2017	ret_macular_total_left	sys_t2d_scott2017	False	True
rs11854063	0.0383449	0.00656779	0.015	0.013	0.336812	50647.0	158185.0	34.086052047616114	5.27291e-09	0.22	ret_macular_total_left__sys_t2d_scott2017	ret_macular_total_left_to_sys_t2d_scott2017	ret_macular_total_left	sys_t2d_scott2017	False	True
rs80256218	-0.0677778	0.0117412	-0.042	0.023	0.0764888	50831.0	158184.0	33.32345047953763	7.80381e-09	0.066	ret_macular_total_left__sys_t2d_scott2017	ret_macular_total_left_to_sys_t2d_scott2017	ret_macular_total_left	sys_t2d_scott2017	False	True
rs187136683	0.037102	0.00648344	-0.004	0.015	0.371193	50401.0	158184.0	32.74791466248544	1.04917e-08	0.8	ret_macular_total_left__sys_t2d_scott2017	ret_macular_total_left_to_sys_t2d_scott2017	ret_macular_total_left	sys_t2d_scott2017	False	True
rs113670532	0.0525116	0.00920019	0.013	0.018	0.133006	50321.0	158184.0	32.577436704456936	1.14542e-08	0.45	ret_macular_total_left__sys_t2d_scott2017	ret_macular_total_left_to_sys_t2d_scott2017	ret_macular_total_left	sys_t2d_scott2017	False	True
rs2154328	0.0374572	0.00656735	0.0012	0.013	0.358675	50030.0	152597.0	32.53046680936516	1.17344e-08	0.93	ret_macular_total_left__sys_t2d_scott2017	ret_macular_total_left_to_sys_t2d_scott2017	ret_macular_total_left	sys_t2d_scott2017	False	True
rs10474678	0.0358988	0.00631968	0.017	0.012	0.464715	49695.0	158186.0	32.26782454315431	1.34317e-08	0.17	ret_macular_total_left__sys_t2d_scott2017	ret_macular_total_left_to_sys_t2d_scott2017	ret_macular_total_left	sys_t2d_scott2017	False	True
rs7597716	0.0397591	0.00700369	-0.018	0.013	0.274152	50554.0	158186.0	32.22695407259551	1.37174e-08	0.19	ret_macular_total_left__sys_t2d_scott2017	ret_macular_total_left_to_sys_t2d_scott2017	ret_macular_total_left	sys_t2d_scott2017	False	True
rs705773	0.0358494	0.00632354	0.009	0.012	0.473836	49152.0	158185.0	32.13980538777978	1.43462e-08	0.46	ret_macular_total_left__sys_t2d_scott2017	ret_macular_total_left_to_sys_t2d_scott2017	ret_macular_total_left	sys_t2d_scott2017	False	True
rs34989573	0.0449229	0.00794322	0.04	0.016	0.194316	50086.0	158184.0	31.98470771861308	1.55389e-08	0.013	ret_macular_total_left__sys_t2d_scott2017	ret_macular_total_left_to_sys_t2d_scott2017	ret_macular_total_left	sys_t2d_scott2017	False	True
rs6818978	0.0412281	0.0073299	0.019	0.015	0.239544	50066.0	158185.0	31.636653805086482	1.85898e-08	0.21	ret_macular_total_left__sys_t2d_scott2017	ret_macular_total_left_to_sys_t2d_scott2017	ret_macular_total_left	sys_t2d_scott2017	False	True
rs7589104	-0.0691647	0.0123293	-0.019	0.024	0.0688516	50420.0	158186.0	31.469667543940698	2.02592e-08	0.42	ret_macular_total_left__sys_t2d_scott2017	ret_macular_total_left_to_sys_t2d_scott2017	ret_macular_total_left	sys_t2d_scott2017	False	True
rs62251889	0.0560482	0.0100296	-0.04	0.02	0.10897	50303.0	158185.0	31.228858773690717	2.29338e-08	0.05	ret_macular_total_left__sys_t2d_scott2017	ret_macular_total_left_to_sys_t2d_scott2017	ret_macular_total_left	sys_t2d_scott2017	False	True
rs28855509	0.0413163	0.00753025	0.017	0.016	0.219056	50688.0	152309.0	30.103989571378314	4.09493e-08	0.27	ret_macular_total_left__sys_t2d_scott2017	ret_macular_total_left_to_sys_t2d_scott2017	ret_macular_total_left	sys_t2d_scott2017	False	True
rs7903146	0.29	0.013	-0.0224127	0.00683816	NA	158186.0	50858.0	497.6331360946745	9.3e-108	0.00104696	ret_macular_total_left__sys_t2d_scott2017	sys_t2d_scott2017_to_ret_macular_total_left	sys_t2d_scott2017	ret_macular_total_left	True	False
rs7451008	-0.17	0.013	0.0111069	0.00707984	NA	158185.0	50560.0	171.00591715976336	3.8e-37	0.116693	ret_macular_total_left__sys_t2d_scott2017	sys_t2d_scott2017_to_ret_macular_total_left	sys_t2d_scott2017	ret_macular_total_left	True	False
rs4402960	0.14	0.013	0.00113542	0.006737	NA	152598.0	50858.0	115.97633136094676	2.7e-25	0.866163	ret_macular_total_left__sys_t2d_scott2017	sys_t2d_scott2017_to_ret_macular_total_left	sys_t2d_scott2017	ret_macular_total_left	True	False
rs3802177	-0.11	0.013	-0.00566019	0.00676597	NA	158185.0	50858.0	71.59763313609467	1.7e-17	0.402836	ret_macular_total_left__sys_t2d_scott2017	sys_t2d_scott2017_to_ret_macular_total_left	sys_t2d_scott2017	ret_macular_total_left	True	False
rs10965250	-0.14	0.016	-0.00253668	0.00822898	NA	158183.0	50858.0	76.5625	2.7e-17	0.757883	ret_macular_total_left__sys_t2d_scott2017	sys_t2d_scott2017_to_ret_macular_total_left	sys_t2d_scott2017	ret_macular_total_left	True	False
rs3821943	0.1	0.012	-0.000831607	0.00628378	NA	158185.0	50020.0	69.44444444444446	4.2e-16	0.894714	ret_macular_total_left__sys_t2d_scott2017	sys_t2d_scott2017_to_ret_macular_total_left	sys_t2d_scott2017	ret_macular_total_left	True	False
rs2237895	-0.097	0.013	0.00736201	0.00629948	NA	158185.0	50858.0	55.67455621301775	1.7e-13	0.242537	ret_macular_total_left__sys_t2d_scott2017	sys_t2d_scott2017_to_ret_macular_total_left	sys_t2d_scott2017	ret_macular_total_left	True	False
rs11708067	0.11	0.015	-0.0307352	0.00727143	NA	152598.0	50858.0	53.777777777777786	8.8e-13	2.36985e-05	ret_macular_total_left__sys_t2d_scott2017	sys_t2d_scott2017_to_ret_macular_total_left	sys_t2d_scott2017	ret_macular_total_left	True	False
rs810517	-0.089	0.013	-0.00439431	0.00622808	NA	152599.0	50847.0	46.869822485207095	1.3e-12	0.480459	ret_macular_total_left__sys_t2d_scott2017	sys_t2d_scott2017_to_ret_macular_total_left	sys_t2d_scott2017	ret_macular_total_left	True	False
rs11616380	-0.09	0.014	0.00257482	0.006975	NA	158184.0	50078.0	41.32653061224489	3.9e-11	0.712016	ret_macular_total_left__sys_t2d_scott2017	sys_t2d_scott2017_to_ret_macular_total_left	sys_t2d_scott2017	ret_macular_total_left	True	False
rs429358	0.12	0.019	-0.00408835	0.00861164	NA	152543.0	50858.0	39.88919667590028	1.4e-10	0.634968	ret_macular_total_left__sys_t2d_scott2017	sys_t2d_scott2017_to_ret_macular_total_left	sys_t2d_scott2017	ret_macular_total_left	True	False
rs6757251	-0.13	0.021	0.0113264	0.00998326	NA	158186.0	50845.0	38.32199546485261	1.9e-10	0.256568	ret_macular_total_left__sys_t2d_scott2017	sys_t2d_scott2017_to_ret_macular_total_left	sys_t2d_scott2017	ret_macular_total_left	True	False
rs10965223	0.077	0.012	-0.0229491	0.0063545	NA	158183.0	50816.0	41.1736111111111	4e-10	0.000304463	ret_macular_total_left__sys_t2d_scott2017	sys_t2d_scott2017_to_ret_macular_total_left	sys_t2d_scott2017	ret_macular_total_left	True	False
rs11759026	-0.091	0.015	-0.0116435	0.00744198	NA	158185.0	50428.0	36.80444444444444	5.8e-10	0.117684	ret_macular_total_left__sys_t2d_scott2017	sys_t2d_scott2017_to_ret_macular_total_left	sys_t2d_scott2017	ret_macular_total_left	True	False
rs28650790	0.1	0.016	0.00515078	0.00790464	NA	158186.0	50796.0	39.0625	7.4e-10	0.51465	ret_macular_total_left__sys_t2d_scott2017	sys_t2d_scott2017_to_ret_macular_total_left	sys_t2d_scott2017	ret_macular_total_left	True	False
rs231360	0.079	0.013	0.00256068	0.00645192	NA	158185.0	50191.0	36.92899408284024	9.5e-10	0.691452	ret_macular_total_left__sys_t2d_scott2017	sys_t2d_scott2017_to_ret_macular_total_left	sys_t2d_scott2017	ret_macular_total_left	True	False
rs4238013	-0.099	0.017	-0.000264263	0.00779016	NA	158183.0	50294.0	33.91349480968858	3.6e-09	0.972939	ret_macular_total_left__sys_t2d_scott2017	sys_t2d_scott2017_to_ret_macular_total_left	sys_t2d_scott2017	ret_macular_total_left	True	False
rs76550717	0.096	0.016	-0.0119392	0.00858441	NA	158185.0	50091.0	36.0	3.8e-09	0.164286	ret_macular_total_left__sys_t2d_scott2017	sys_t2d_scott2017_to_ret_macular_total_left	sys_t2d_scott2017	ret_macular_total_left	True	False
rs2023681	-0.12	0.021	0.00608485	0.0109324	NA	158183.0	50846.0	32.65306122448979	3.9e-09	0.57781	ret_macular_total_left__sys_t2d_scott2017	sys_t2d_scott2017_to_ret_macular_total_left	sys_t2d_scott2017	ret_macular_total_left	True	False
rs1061810	0.08	0.014	0.00292687	0.00685074	NA	158185.0	50858.0	32.6530612244898	5.3e-09	0.669209	ret_macular_total_left__sys_t2d_scott2017	sys_t2d_scott2017_to_ret_macular_total_left	sys_t2d_scott2017	ret_macular_total_left	True	False
rs4846569	-0.077	0.013	0.00552276	0.00685876	NA	158184.0	50493.0	35.082840236686394	8.8e-09	0.420697	ret_macular_total_left__sys_t2d_scott2017	sys_t2d_scott2017_to_ret_macular_total_left	sys_t2d_scott2017	ret_macular_total_left	True	False
rs10193447	0.071	0.012	-0.000734304	0.00639822	NA	158186.0	49904.0	35.006944444444436	1.3e-08	0.90863	ret_macular_total_left__sys_t2d_scott2017	sys_t2d_scott2017_to_ret_macular_total_left	sys_t2d_scott2017	ret_macular_total_left	True	False
rs2215383	-0.069	0.012	0.00299051	0.00627592	NA	158184.0	50840.0	33.0625	1.4e-08	0.633714	ret_macular_total_left__sys_t2d_scott2017	sys_t2d_scott2017_to_ret_macular_total_left	sys_t2d_scott2017	ret_macular_total_left	True	False
rs35352848	0.083	0.015	0.00857201	0.00776624	NA	158185.0	50799.0	30.617777777777786	1.5e-08	0.269701	ret_macular_total_left__sys_t2d_scott2017	sys_t2d_scott2017_to_ret_macular_total_left	sys_t2d_scott2017	ret_macular_total_left	True	False
rs62530366	-0.076	0.013	-0.00617959	0.0065186	NA	158185.0	49073.0	34.177514792899416	1.9e-08	0.343133	ret_macular_total_left__sys_t2d_scott2017	sys_t2d_scott2017_to_ret_macular_total_left	sys_t2d_scott2017	ret_macular_total_left	True	False
rs9410573	0.073	0.013	-0.00631033	0.00633269	NA	158183.0	50101.0	31.53254437869822	2e-08	0.319023	ret_macular_total_left__sys_t2d_scott2017	sys_t2d_scott2017_to_ret_macular_total_left	sys_t2d_scott2017	ret_macular_total_left	True	False
rs4774420	-0.075	0.013	0.0132961	0.00688757	NA	158185.0	49236.0	33.28402366863905	2.7e-08	0.0535515	ret_macular_total_left__sys_t2d_scott2017	sys_t2d_scott2017_to_ret_macular_total_left	sys_t2d_scott2017	ret_macular_total_left	True	False
rs5219	0.068	0.012	0.0227304	0.0065066	NA	158185.0	50858.0	32.111111111111114	4.3e-08	0.000476837	ret_macular_total_left__sys_t2d_scott2017	sys_t2d_scott2017_to_ret_macular_total_left	sys_t2d_scott2017	ret_macular_total_left	True	False
rs3138142	0.147326	0.00729994	0.0095	0.0115	0.240032	50510.0	429344.0	407.30544331210444	1.41392e-90	0.4101	ret_macular_total_left__sys_ckd_wuttke2019	ret_macular_total_left_to_sys_ckd_wuttke2019	ret_macular_total_left	sys_ckd_wuttke2019	False	True
rs17421627	0.234746	0.0119232	0.0083	0.0193	0.0732333	50858.0	440290.0	387.62407578231404	2.71998e-86	0.6662	ret_macular_total_left__sys_ckd_wuttke2019	ret_macular_total_left_to_sys_ckd_wuttke2019	ret_macular_total_left	sys_ckd_wuttke2019	False	True
rs9905786	-0.0974179	0.00651956	0.0036	0.0103	0.355475	50794.0	398911.0	223.27543994759208	1.74573e-50	0.7245	ret_macular_total_left__sys_ckd_wuttke2019	ret_macular_total_left_to_sys_ckd_wuttke2019	ret_macular_total_left	sys_ckd_wuttke2019	False	True
rs17279437	-0.106972	0.01004	0.0247	0.0144	0.106571	50858.0	440107.0	113.52011063316455	1.65964e-26	0.0876	ret_macular_total_left__sys_ckd_wuttke2019	ret_macular_total_left_to_sys_ckd_wuttke2019	ret_macular_total_left	sys_ckd_wuttke2019	False	True
rs6968945	-0.0593228	0.0063785	-0.0005	0.0093	0.406675	50185.0	440290.0	86.49801931263207	1.39884e-20	0.9557	ret_macular_total_left__sys_ckd_wuttke2019	ret_macular_total_left_to_sys_ckd_wuttke2019	ret_macular_total_left	sys_ckd_wuttke2019	False	True
rs4839276	-0.0629906	0.00741577	-0.0076	0.0111	0.228484	50520.0	402682.0	72.15044048303034	1.99406e-17	0.4931	ret_macular_total_left__sys_ckd_wuttke2019	ret_macular_total_left_to_sys_ckd_wuttke2019	ret_macular_total_left	sys_ckd_wuttke2019	False	True
rs2963490	0.0506943	0.00629913	-0.0108	0.0097	0.491223	49560.0	402682.0	64.76749772682193	8.42809e-16	0.2655	ret_macular_total_left__sys_ckd_wuttke2019	ret_macular_total_left_to_sys_ckd_wuttke2019	ret_macular_total_left	sys_ckd_wuttke2019	False	True
rs4838417	0.0526621	0.00654428	-0.0037	0.0102	0.352993	50120.0	402682.0	64.75489473820815	8.48113e-16	0.7165	ret_macular_total_left__sys_ckd_wuttke2019	ret_macular_total_left_to_sys_ckd_wuttke2019	ret_macular_total_left	sys_ckd_wuttke2019	False	True
rs7752728	-0.0605811	0.00762168	-0.0006	0.0114	0.210686	50618.0	440290.0	63.17902042900099	1.88734e-15	0.9591	ret_macular_total_left__sys_ckd_wuttke2019	ret_macular_total_left_to_sys_ckd_wuttke2019	ret_macular_total_left	sys_ckd_wuttke2019	False	True
rs7298676	-0.0629592	0.00795185	0.0071	0.0121	0.188884	50772.0	444863.0	62.68765780842621	2.42232e-15	0.5583	ret_macular_total_left__sys_ckd_wuttke2019	ret_macular_total_left_to_sys_ckd_wuttke2019	ret_macular_total_left	sys_ckd_wuttke2019	False	True
rs887595	-0.0642303	0.00818198	-0.0076	0.0127	0.177994	50468.0	402682.0	61.625871467211915	4.15307e-15	0.5482	ret_macular_total_left__sys_ckd_wuttke2019	ret_macular_total_left_to_sys_ckd_wuttke2019	ret_macular_total_left	sys_ckd_wuttke2019	False	True
rs556217	-0.0478318	0.00623948	0.0679	0.0096	0.4868	50644.0	402682.0	58.767424094569066	1.77467e-14	1.695e-12	ret_macular_total_left__sys_ckd_wuttke2019	ret_macular_total_left_to_sys_ckd_wuttke2019	ret_macular_total_left	sys_ckd_wuttke2019	False	True
rs11662407	0.0516911	0.00677482	-0.0042	0.0107	0.303135	50809.0	402682.0	58.215150753971606	2.34972e-14	0.6929	ret_macular_total_left__sys_ckd_wuttke2019	ret_macular_total_left_to_sys_ckd_wuttke2019	ret_macular_total_left	sys_ckd_wuttke2019	False	True
rs2079308	-0.0518585	0.00687342	-0.0	0.0107	0.29116	50608.0	402682.0	56.92383313285616	4.53023e-14	0.9967	ret_macular_total_left__sys_ckd_wuttke2019	ret_macular_total_left_to_sys_ckd_wuttke2019	ret_macular_total_left	sys_ckd_wuttke2019	False	True
rs3769393	-0.0642666	0.00854602	0.0195	0.0123	0.160506	50372.0	444779.0	56.55133203816741	5.47518e-14	0.1133	ret_macular_total_left__sys_ckd_wuttke2019	ret_macular_total_left_to_sys_ckd_wuttke2019	ret_macular_total_left	sys_ckd_wuttke2019	False	True
rs1983810	0.051399	0.00686191	0.0088	0.01	0.308102	48961.0	440290.0	56.10729146700437	6.86187e-14	0.3794	ret_macular_total_left__sys_ckd_wuttke2019	ret_macular_total_left_to_sys_ckd_wuttke2019	ret_macular_total_left	sys_ckd_wuttke2019	False	True
rs4635359	0.053219	0.0071057	0.0055	0.0109	0.261878	50514.0	396950.0	56.09442285075701	6.90741e-14	0.6145	ret_macular_total_left__sys_ckd_wuttke2019	ret_macular_total_left_to_sys_ckd_wuttke2019	ret_macular_total_left	sys_ckd_wuttke2019	False	True
rs12891131	-0.0461104	0.00626643	-0.0028	0.0092	0.462998	50849.0	444925.0	54.14487980380491	1.86232e-13	0.757	ret_macular_total_left__sys_ckd_wuttke2019	ret_macular_total_left_to_sys_ckd_wuttke2019	ret_macular_total_left	sys_ckd_wuttke2019	False	True
rs1470108	0.0485551	0.00663307	0.0138	0.0097	0.333762	50175.0	434558.0	53.58466806338491	2.47689e-13	0.1562	ret_macular_total_left__sys_ckd_wuttke2019	ret_macular_total_left_to_sys_ckd_wuttke2019	ret_macular_total_left	sys_ckd_wuttke2019	False	True
rs7553418	-0.0478131	0.00653301	-0.0163	0.0096	0.354193	50591.0	444624.0	53.56327942583611	2.50391e-13	0.08825	ret_macular_total_left__sys_ckd_wuttke2019	ret_macular_total_left_to_sys_ckd_wuttke2019	ret_macular_total_left	sys_ckd_wuttke2019	False	True
rs2237468	0.0528346	0.00756269	-0.0008	0.0114	0.221265	50139.0	402682.0	48.807240084114326	2.82398e-12	0.9413	ret_macular_total_left__sys_ckd_wuttke2019	ret_macular_total_left_to_sys_ckd_wuttke2019	ret_macular_total_left	sys_ckd_wuttke2019	False	True
rs10488688	-0.047952	0.00692335	-0.0135	0.0104	0.289492	50112.0	402682.0	47.971232488133666	4.32529e-12	0.1929	ret_macular_total_left__sys_ckd_wuttke2019	ret_macular_total_left_to_sys_ckd_wuttke2019	ret_macular_total_left	sys_ckd_wuttke2019	False	True
rs10872647	0.045053	0.00663513	-0.0227	0.0097	0.33718	50737.0	444892.0	46.105056419378535	1.12078e-11	0.01934	ret_macular_total_left__sys_ckd_wuttke2019	ret_macular_total_left_to_sys_ckd_wuttke2019	ret_macular_total_left	sys_ckd_wuttke2019	False	True
rs10893946	0.0429155	0.00639023	0.0015	0.0094	0.39359	50343.0	444617.0	45.101955696021854	1.87044e-11	0.8745	ret_macular_total_left__sys_ckd_wuttke2019	ret_macular_total_left_to_sys_ckd_wuttke2019	ret_macular_total_left	sys_ckd_wuttke2019	False	True
rs12193446	0.0694931	0.0105895	-0.0034	0.0162	0.095452	50858.0	402682.0	43.06579428099974	5.29238e-11	0.8341	ret_macular_total_left__sys_ckd_wuttke2019	ret_macular_total_left_to_sys_ckd_wuttke2019	ret_macular_total_left	sys_ckd_wuttke2019	False	True
rs9508027	-0.0440412	0.00680991	0.0196	0.0098	0.296856	50634.0	444844.0	41.82496083409792	9.9824e-11	0.04531	ret_macular_total_left__sys_ckd_wuttke2019	ret_macular_total_left_to_sys_ckd_wuttke2019	ret_macular_total_left	sys_ckd_wuttke2019	False	True
rs7127818	0.0435553	0.00686306	0.0012	0.0101	0.289109	50820.0	444949.0	40.276008831940146	2.20489e-10	0.9025	ret_macular_total_left__sys_ckd_wuttke2019	ret_macular_total_left_to_sys_ckd_wuttke2019	ret_macular_total_left	sys_ckd_wuttke2019	False	True
rs12409048	-0.0443529	0.00712953	0.0259	0.0109	0.254827	50858.0	402682.0	38.7010048160967	4.93949e-10	0.01795	ret_macular_total_left__sys_ckd_wuttke2019	ret_macular_total_left_to_sys_ckd_wuttke2019	ret_macular_total_left	sys_ckd_wuttke2019	False	True
rs9379066	-0.0400963	0.00648409	-0.0042	0.0102	0.364698	50768.0	397273.0	38.2393524140872	6.25795e-10	0.6834	ret_macular_total_left__sys_ckd_wuttke2019	ret_macular_total_left_to_sys_ckd_wuttke2019	ret_macular_total_left	sys_ckd_wuttke2019	False	True
rs1575676	-0.0398622	0.00645447	-0.0026	0.0101	0.368129	50705.0	402682.0	38.14181492118046	6.5783e-10	0.7942	ret_macular_total_left__sys_ckd_wuttke2019	ret_macular_total_left_to_sys_ckd_wuttke2019	ret_macular_total_left	sys_ckd_wuttke2019	False	True
rs4936637	0.0458586	0.00750021	-0.0069	0.0107	0.223171	50515.0	440290.0	37.38477209385309	9.69812e-10	0.516	ret_macular_total_left__sys_ckd_wuttke2019	ret_macular_total_left_to_sys_ckd_wuttke2019	ret_macular_total_left	sys_ckd_wuttke2019	False	True
rs11913168	-0.060801	0.00995049	0.0162	0.0143	0.109314	50858.0	440290.0	37.33640589623126	9.94133e-10	0.2572	ret_macular_total_left__sys_ckd_wuttke2019	ret_macular_total_left_to_sys_ckd_wuttke2019	ret_macular_total_left	sys_ckd_wuttke2019	False	True
rs10023264	0.0408162	0.00671096	0.0075	0.0102	0.334289	48853.0	400232.0	36.990980078548255	1.18672e-09	0.4635	ret_macular_total_left__sys_ckd_wuttke2019	ret_macular_total_left_to_sys_ckd_wuttke2019	ret_macular_total_left	sys_ckd_wuttke2019	False	True
rs11662962	0.0563043	0.00933209	-0.0091	0.0137	0.127741	50704.0	402682.0	36.40200373787415	1.60537e-09	0.5049	ret_macular_total_left__sys_ckd_wuttke2019	ret_macular_total_left_to_sys_ckd_wuttke2019	ret_macular_total_left	sys_ckd_wuttke2019	False	True
rs11606813	-0.09262	0.0153984	-0.0316	0.0206	0.0428229	50452.0	444652.0	36.17915000798519	1.79992e-09	0.125	ret_macular_total_left__sys_ckd_wuttke2019	ret_macular_total_left_to_sys_ckd_wuttke2019	ret_macular_total_left	sys_ckd_wuttke2019	False	True
rs4803297	-0.0375968	0.00631172	0.0113	0.0097	0.431156	50280.0	402682.0	35.48185487618818	2.5743e-09	0.2466	ret_macular_total_left__sys_ckd_wuttke2019	ret_macular_total_left_to_sys_ckd_wuttke2019	ret_macular_total_left	sys_ckd_wuttke2019	False	True
rs6478995	-0.0373982	0.00629523	-0.0061	0.0092	0.427376	50837.0	444865.0	35.292156448171866	2.83773e-09	0.5054	ret_macular_total_left__sys_ckd_wuttke2019	ret_macular_total_left_to_sys_ckd_wuttke2019	ret_macular_total_left	sys_ckd_wuttke2019	False	True
rs12217769	0.0430402	0.00732565	0.0095	0.0107	0.235194	50858.0	444936.0	34.51884300617619	4.2213e-09	0.3745	ret_macular_total_left__sys_ckd_wuttke2019	ret_macular_total_left_to_sys_ckd_wuttke2019	ret_macular_total_left	sys_ckd_wuttke2019	False	True
rs1532547	-0.0387344	0.00660178	0.0272	0.0097	0.353991	49764.0	444914.0	34.42481149948199	4.43049e-09	0.004781	ret_macular_total_left__sys_ckd_wuttke2019	ret_macular_total_left_to_sys_ckd_wuttke2019	ret_macular_total_left	sys_ckd_wuttke2019	False	True
rs6433705	0.037601	0.00643708	0.0204	0.0092	0.38677	50680.0	444851.0	34.120939222710696	5.17912e-09	0.0272	ret_macular_total_left__sys_ckd_wuttke2019	ret_macular_total_left_to_sys_ckd_wuttke2019	ret_macular_total_left	sys_ckd_wuttke2019	False	True
rs11854063	0.0383449	0.00656779	-0.0084	0.0096	0.336812	50647.0	444812.0	34.086052047616114	5.27291e-09	0.383	ret_macular_total_left__sys_ckd_wuttke2019	ret_macular_total_left_to_sys_ckd_wuttke2019	ret_macular_total_left	sys_ckd_wuttke2019	False	True
rs11854924	-0.0394614	0.00678124	0.0186	0.01	0.302326	50692.0	444638.0	33.86310269963846	5.91308e-09	0.06131	ret_macular_total_left__sys_ckd_wuttke2019	ret_macular_total_left_to_sys_ckd_wuttke2019	ret_macular_total_left	sys_ckd_wuttke2019	False	True
rs80256218	-0.0677778	0.0117412	-0.0095	0.0181	0.0764888	50831.0	402682.0	33.32345047953763	7.80381e-09	0.6012	ret_macular_total_left__sys_ckd_wuttke2019	ret_macular_total_left_to_sys_ckd_wuttke2019	ret_macular_total_left	sys_ckd_wuttke2019	False	True
rs187136683	0.037102	0.00648344	-0.0084	0.0121	0.371193	50401.0	306905.0	32.74791466248544	1.04917e-08	0.4881	ret_macular_total_left__sys_ckd_wuttke2019	ret_macular_total_left_to_sys_ckd_wuttke2019	ret_macular_total_left	sys_ckd_wuttke2019	False	True
rs113670532	0.0525116	0.00920019	-0.0155	0.015	0.133006	50321.0	349055.0	32.577436704456936	1.14542e-08	0.3019	ret_macular_total_left__sys_ckd_wuttke2019	ret_macular_total_left_to_sys_ckd_wuttke2019	ret_macular_total_left	sys_ckd_wuttke2019	False	True
rs2154328	0.0374572	0.00656735	-0.0044	0.0095	0.358675	50030.0	444725.0	32.53046680936516	1.17344e-08	0.6449	ret_macular_total_left__sys_ckd_wuttke2019	ret_macular_total_left_to_sys_ckd_wuttke2019	ret_macular_total_left	sys_ckd_wuttke2019	False	True
rs10474678	0.0358988	0.00631968	-0.0008	0.0097	0.464715	49695.0	402682.0	32.26782454315431	1.34317e-08	0.9352	ret_macular_total_left__sys_ckd_wuttke2019	ret_macular_total_left_to_sys_ckd_wuttke2019	ret_macular_total_left	sys_ckd_wuttke2019	False	True
rs7597716	0.0397591	0.00700369	0.0033	0.01	0.274152	50554.0	444858.0	32.22695407259551	1.37174e-08	0.7402	ret_macular_total_left__sys_ckd_wuttke2019	ret_macular_total_left_to_sys_ckd_wuttke2019	ret_macular_total_left	sys_ckd_wuttke2019	False	True
rs705773	0.0358494	0.00632354	-0.0073	0.0092	0.473836	49152.0	444896.0	32.13980538777978	1.43462e-08	0.4268	ret_macular_total_left__sys_ckd_wuttke2019	ret_macular_total_left_to_sys_ckd_wuttke2019	ret_macular_total_left	sys_ckd_wuttke2019	False	True
rs34989573	0.0449229	0.00794322	-0.0129	0.0123	0.194316	50086.0	402682.0	31.98470771861308	1.55389e-08	0.2937	ret_macular_total_left__sys_ckd_wuttke2019	ret_macular_total_left_to_sys_ckd_wuttke2019	ret_macular_total_left	sys_ckd_wuttke2019	False	True
rs6818978	0.0412281	0.0073299	-0.0174	0.011	0.239544	50066.0	440290.0	31.636653805086482	1.85898e-08	0.1153	ret_macular_total_left__sys_ckd_wuttke2019	ret_macular_total_left_to_sys_ckd_wuttke2019	ret_macular_total_left	sys_ckd_wuttke2019	False	True
rs7589104	-0.0691647	0.0123293	-0.0094	0.0176	0.0688516	50420.0	442408.0	31.469667543940698	2.02592e-08	0.591	ret_macular_total_left__sys_ckd_wuttke2019	ret_macular_total_left_to_sys_ckd_wuttke2019	ret_macular_total_left	sys_ckd_wuttke2019	False	True
rs30373	0.0361981	0.00658711	0.0191	0.0101	0.365379	48748.0	402682.0	30.198246034764185	3.90076e-08	0.05875	ret_macular_total_left__sys_ckd_wuttke2019	ret_macular_total_left_to_sys_ckd_wuttke2019	ret_macular_total_left	sys_ckd_wuttke2019	False	True
rs28855509	0.0413163	0.00753025	-0.0166	0.0121	0.219056	50688.0	375867.0	30.103989571378314	4.09493e-08	0.1705	ret_macular_total_left__sys_ckd_wuttke2019	ret_macular_total_left_to_sys_ckd_wuttke2019	ret_macular_total_left	sys_ckd_wuttke2019	False	True
rs77924615	-0.2237	0.0128	-0.00354667	0.0079885	0.2	402682.0	49589.0	305.43023681640625	6.383e-69	0.657063	ret_macular_total_left__sys_ckd_wuttke2019	sys_ckd_wuttke2019_to_ret_macular_total_left	sys_ckd_wuttke2019	ret_macular_total_left	True	False
rs10224002	-0.1083	0.0102	0.00350961	0.00684469	0.72	440290.0	50858.0	112.7344290657439	2.651e-26	0.608127	ret_macular_total_left__sys_ckd_wuttke2019	sys_ckd_wuttke2019_to_ret_macular_total_left	sys_ckd_wuttke2019	ret_macular_total_left	True	False
rs2484639	-0.0774	0.0092	-0.00378266	0.00627342	0.51	438949.0	50559.0	70.77930056710774	2.95e-17	0.546531	ret_macular_total_left__sys_ckd_wuttke2019	sys_ckd_wuttke2019_to_ret_macular_total_left	sys_ckd_wuttke2019	ret_macular_total_left	True	False
rs62300825	-0.0949	0.0116	0.00978017	0.00764431	0.2	444622.0	50356.0	66.92932520808561	2.629e-16	0.200755	ret_macular_total_left__sys_ckd_wuttke2019	sys_ckd_wuttke2019_to_ret_macular_total_left	sys_ckd_wuttke2019	ret_macular_total_left	True	False
rs17730281	-0.0869	0.011	0.0132731	0.00742913	0.23	440290.0	50858.0	62.41000000000002	2.677e-15	0.073998	ret_macular_total_left__sys_ckd_wuttke2019	sys_ckd_wuttke2019_to_ret_macular_total_left	sys_ckd_wuttke2019	ret_macular_total_left	True	False
rs35716097	0.0785	0.0105	-0.00328923	0.00678223	0.32	402682.0	50858.0	55.89342403628117	8.202e-14	0.627692	ret_macular_total_left__sys_ckd_wuttke2019	sys_ckd_wuttke2019_to_ret_macular_total_left	sys_ckd_wuttke2019	ret_macular_total_left	True	False
rs700221	-0.0719	0.0098	0.000381162	0.00634912	0.59	402682.0	50512.0	53.82767596834653	2.192e-13	0.952129	ret_macular_total_left__sys_ckd_wuttke2019	sys_ckd_wuttke2019_to_ret_macular_total_left	sys_ckd_wuttke2019	ret_macular_total_left	True	False
rs7908590	-0.1343	0.0188	0.00350867	0.0118913	0.93	402682.0	50596.0	51.0312641466727	8.993e-13	0.767945	ret_macular_total_left__sys_ckd_wuttke2019	sys_ckd_wuttke2019_to_ret_macular_total_left	sys_ckd_wuttke2019	ret_macular_total_left	True	False
rs12205178	0.0931	0.014	-0.00252694	0.00925175	0.12	444904.0	50722.0	44.222500000000004	3.087e-11	0.784753	ret_macular_total_left__sys_ckd_wuttke2019	sys_ckd_wuttke2019_to_ret_macular_total_left	sys_ckd_wuttke2019	ret_macular_total_left	True	False
rs4871907	-0.0628	0.0097	0.00878937	0.00652819	0.55	402682.0	47267.0	41.91561271123391	9.909e-11	0.178183	ret_macular_total_left__sys_ckd_wuttke2019	sys_ckd_wuttke2019_to_ret_macular_total_left	sys_ckd_wuttke2019	ret_macular_total_left	True	False
rs77713116	-0.0752	0.0116	-0.0149389	0.00653964	0.65	306905.0	50736.0	42.02615933412605	1.031e-10	0.0223501	ret_macular_total_left__sys_ckd_wuttke2019	sys_ckd_wuttke2019_to_ret_macular_total_left	sys_ckd_wuttke2019	ret_macular_total_left	True	False
rs187355703	-0.1987	0.0312	-0.00407328	0.0203918	0.98	401575.0	50725.0	40.55893532215648	1.801e-10	0.841676	ret_macular_total_left__sys_ckd_wuttke2019	sys_ckd_wuttke2019_to_ret_macular_total_left	sys_ckd_wuttke2019	ret_macular_total_left	True	False
rs7178881	-0.0544	0.0092	-0.0019824	0.00629076	0.41	444846.0	50858.0	34.964083175803395	4.14e-09	0.752664	ret_macular_total_left__sys_ckd_wuttke2019	sys_ckd_wuttke2019_to_ret_macular_total_left	sys_ckd_wuttke2019	ret_macular_total_left	True	False
rs1458038	-0.059	0.01	-0.000705572	0.00689719	0.31	440290.0	50056.0	34.809999999999995	4.206e-09	0.91852	ret_macular_total_left__sys_ckd_wuttke2019	sys_ckd_wuttke2019_to_ret_macular_total_left	sys_ckd_wuttke2019	ret_macular_total_left	True	False
rs2580350	0.055	0.0098	-0.00363944	0.0063598	0.55	402682.0	49303.0	31.49729279466889	1.691e-08	0.567148	ret_macular_total_left__sys_ckd_wuttke2019	sys_ckd_wuttke2019_to_ret_macular_total_left	sys_ckd_wuttke2019	ret_macular_total_left	True	False
rs9474801	0.0522	0.0096	0.00284694	0.00658146	0.34	444725.0	50615.0	29.56640625000001	4.606e-08	0.665327	ret_macular_total_left__sys_ckd_wuttke2019	sys_ckd_wuttke2019_to_ret_macular_total_left	sys_ckd_wuttke2019	ret_macular_total_left	True	False
rs3138142	0.147326	0.00729994	0.0368	0.0199	0.240032	50510.0	63926.0	407.30544331210444	1.41392e-90	0.06423	ret_macular_total_left__sys_ad_kunkle2019	ret_macular_total_left_to_sys_ad_kunkle2019	ret_macular_total_left	sys_ad_kunkle2019	False	True
rs17421627	0.234746	0.0119232	-0.0281	0.0281	0.0732333	50858.0	63926.0	387.62407578231404	2.71998e-86	0.3188	ret_macular_total_left__sys_ad_kunkle2019	ret_macular_total_left_to_sys_ad_kunkle2019	ret_macular_total_left	sys_ad_kunkle2019	False	True
rs9905786	-0.0974179	0.00651956	-0.0127	0.0159	0.355475	50794.0	63926.0	223.27543994759208	1.74573e-50	0.4245	ret_macular_total_left__sys_ad_kunkle2019	ret_macular_total_left_to_sys_ad_kunkle2019	ret_macular_total_left	sys_ad_kunkle2019	False	True
rs17279437	-0.106972	0.01004	-0.0088	0.0246	0.106571	50858.0	63926.0	113.52011063316455	1.65964e-26	0.7196	ret_macular_total_left__sys_ad_kunkle2019	ret_macular_total_left_to_sys_ad_kunkle2019	ret_macular_total_left	sys_ad_kunkle2019	False	True
rs6968945	-0.0593228	0.0063785	0.0182	0.0145	0.406675	50185.0	63926.0	86.49801931263207	1.39884e-20	0.2095	ret_macular_total_left__sys_ad_kunkle2019	ret_macular_total_left_to_sys_ad_kunkle2019	ret_macular_total_left	sys_ad_kunkle2019	False	True
rs2732631	0.0649641	0.00744502	-0.0412	0.0182	0.228645	50198.0	63926.0	76.14039313452838	2.64214e-18	0.02348	ret_macular_total_left__sys_ad_kunkle2019	ret_macular_total_left_to_sys_ad_kunkle2019	ret_macular_total_left	sys_ad_kunkle2019	False	True
rs4839276	-0.0629906	0.00741577	-0.0114	0.0171	0.228484	50520.0	63926.0	72.15044048303034	1.99406e-17	0.5038	ret_macular_total_left__sys_ad_kunkle2019	ret_macular_total_left_to_sys_ad_kunkle2019	ret_macular_total_left	sys_ad_kunkle2019	False	True
rs10203008	0.0506521	0.00625726	0.0107	0.0151	0.486457	50322.0	63926.0	65.5279390750346	5.72972e-16	0.4776	ret_macular_total_left__sys_ad_kunkle2019	ret_macular_total_left_to_sys_ad_kunkle2019	ret_macular_total_left	sys_ad_kunkle2019	False	True
rs2963490	0.0506943	0.00629913	-0.0301	0.0143	0.491223	49560.0	63926.0	64.76749772682193	8.42809e-16	0.03502	ret_macular_total_left__sys_ad_kunkle2019	ret_macular_total_left_to_sys_ad_kunkle2019	ret_macular_total_left	sys_ad_kunkle2019	False	True
rs4838417	0.0526621	0.00654428	-0.0162	0.015	0.352993	50120.0	63926.0	64.75489473820815	8.48113e-16	0.2804	ret_macular_total_left__sys_ad_kunkle2019	ret_macular_total_left_to_sys_ad_kunkle2019	ret_macular_total_left	sys_ad_kunkle2019	False	True
rs7752728	-0.0605811	0.00762168	-0.0099	0.0173	0.210686	50618.0	63926.0	63.17902042900099	1.88734e-15	0.5675	ret_macular_total_left__sys_ad_kunkle2019	ret_macular_total_left_to_sys_ad_kunkle2019	ret_macular_total_left	sys_ad_kunkle2019	False	True
rs7298676	-0.0629592	0.00795185	0.0131	0.0183	0.188884	50772.0	63926.0	62.68765780842621	2.42232e-15	0.4751	ret_macular_total_left__sys_ad_kunkle2019	ret_macular_total_left_to_sys_ad_kunkle2019	ret_macular_total_left	sys_ad_kunkle2019	False	True
rs887595	-0.0642303	0.00818198	0.0064	0.0184	0.177994	50468.0	63926.0	61.625871467211915	4.15307e-15	0.7278	ret_macular_total_left__sys_ad_kunkle2019	ret_macular_total_left_to_sys_ad_kunkle2019	ret_macular_total_left	sys_ad_kunkle2019	False	True
rs556217	-0.0478318	0.00623948	-0.0053	0.0144	0.4868	50644.0	63926.0	58.767424094569066	1.77467e-14	0.713	ret_macular_total_left__sys_ad_kunkle2019	ret_macular_total_left_to_sys_ad_kunkle2019	ret_macular_total_left	sys_ad_kunkle2019	False	True
rs11662407	0.0516911	0.00677482	0.0156	0.0156	0.303135	50809.0	63926.0	58.215150753971606	2.34972e-14	0.3151	ret_macular_total_left__sys_ad_kunkle2019	ret_macular_total_left_to_sys_ad_kunkle2019	ret_macular_total_left	sys_ad_kunkle2019	False	True
rs2079308	-0.0518585	0.00687342	0.0134	0.0158	0.29116	50608.0	63926.0	56.92383313285616	4.53023e-14	0.3936	ret_macular_total_left__sys_ad_kunkle2019	ret_macular_total_left_to_sys_ad_kunkle2019	ret_macular_total_left	sys_ad_kunkle2019	False	True
rs3769393	-0.0642666	0.00854602	0.0248	0.0194	0.160506	50372.0	63926.0	56.55133203816741	5.47518e-14	0.2012	ret_macular_total_left__sys_ad_kunkle2019	ret_macular_total_left_to_sys_ad_kunkle2019	ret_macular_total_left	sys_ad_kunkle2019	False	True
rs1983810	0.051399	0.00686191	-0.011	0.0166	0.308102	48961.0	63926.0	56.10729146700437	6.86187e-14	0.5069	ret_macular_total_left__sys_ad_kunkle2019	ret_macular_total_left_to_sys_ad_kunkle2019	ret_macular_total_left	sys_ad_kunkle2019	False	True
rs4635359	0.053219	0.0071057	0.0153	0.0163	0.261878	50514.0	63926.0	56.09442285075701	6.90741e-14	0.3494	ret_macular_total_left__sys_ad_kunkle2019	ret_macular_total_left_to_sys_ad_kunkle2019	ret_macular_total_left	sys_ad_kunkle2019	False	True
rs12891131	-0.0461104	0.00626643	0.0016	0.0142	0.462998	50849.0	63926.0	54.14487980380491	1.86232e-13	0.91	ret_macular_total_left__sys_ad_kunkle2019	ret_macular_total_left_to_sys_ad_kunkle2019	ret_macular_total_left	sys_ad_kunkle2019	False	True
rs1470108	0.0485551	0.00663307	-0.0006	0.0158	0.333762	50175.0	63926.0	53.58466806338491	2.47689e-13	0.9692	ret_macular_total_left__sys_ad_kunkle2019	ret_macular_total_left_to_sys_ad_kunkle2019	ret_macular_total_left	sys_ad_kunkle2019	False	True
rs7553418	-0.0478131	0.00653301	-0.0119	0.0148	0.354193	50591.0	63926.0	53.56327942583611	2.50391e-13	0.4227	ret_macular_total_left__sys_ad_kunkle2019	ret_macular_total_left_to_sys_ad_kunkle2019	ret_macular_total_left	sys_ad_kunkle2019	False	True
rs13263941	0.0504934	0.00718055	0.0418	0.031	0.255526	50486.0	63926.0	49.448578218105055	2.03636e-12	0.1777	ret_macular_total_left__sys_ad_kunkle2019	ret_macular_total_left_to_sys_ad_kunkle2019	ret_macular_total_left	sys_ad_kunkle2019	False	True
rs75159625	0.047295	0.00674659	0.0295	0.0226	0.313518	50442.0	63926.0	49.14301788506804	2.37964e-12	0.1912	ret_macular_total_left__sys_ad_kunkle2019	ret_macular_total_left_to_sys_ad_kunkle2019	ret_macular_total_left	sys_ad_kunkle2019	False	True
rs2237468	0.0528346	0.00756269	-0.0016	0.0167	0.221265	50139.0	63926.0	48.807240084114326	2.82398e-12	0.9262	ret_macular_total_left__sys_ad_kunkle2019	ret_macular_total_left_to_sys_ad_kunkle2019	ret_macular_total_left	sys_ad_kunkle2019	False	True
rs10488688	-0.047952	0.00692335	0.0108	0.0158	0.289492	50112.0	63926.0	47.971232488133666	4.32529e-12	0.4933	ret_macular_total_left__sys_ad_kunkle2019	ret_macular_total_left_to_sys_ad_kunkle2019	ret_macular_total_left	sys_ad_kunkle2019	False	True
rs10872647	0.045053	0.00663513	-0.0043	0.0152	0.33718	50737.0	63926.0	46.105056419378535	1.12078e-11	0.7744	ret_macular_total_left__sys_ad_kunkle2019	ret_macular_total_left_to_sys_ad_kunkle2019	ret_macular_total_left	sys_ad_kunkle2019	False	True
rs10893946	0.0429155	0.00639023	-0.0069	0.0148	0.39359	50343.0	63926.0	45.101955696021854	1.87044e-11	0.6412	ret_macular_total_left__sys_ad_kunkle2019	ret_macular_total_left_to_sys_ad_kunkle2019	ret_macular_total_left	sys_ad_kunkle2019	False	True
rs12193446	0.0694931	0.0105895	-0.0179	0.0255	0.095452	50858.0	63926.0	43.06579428099974	5.29238e-11	0.4831	ret_macular_total_left__sys_ad_kunkle2019	ret_macular_total_left_to_sys_ad_kunkle2019	ret_macular_total_left	sys_ad_kunkle2019	False	True
rs9508027	-0.0440412	0.00680991	0.0242	0.0155	0.296856	50634.0	63926.0	41.82496083409792	9.9824e-11	0.1177	ret_macular_total_left__sys_ad_kunkle2019	ret_macular_total_left_to_sys_ad_kunkle2019	ret_macular_total_left	sys_ad_kunkle2019	False	True
rs7127818	0.0435553	0.00686306	-0.0296	0.0161	0.289109	50820.0	63926.0	40.276008831940146	2.20489e-10	0.06684	ret_macular_total_left__sys_ad_kunkle2019	ret_macular_total_left_to_sys_ad_kunkle2019	ret_macular_total_left	sys_ad_kunkle2019	False	True
rs12409048	-0.0443529	0.00712953	-0.0076	0.0161	0.254827	50858.0	63926.0	38.7010048160967	4.93949e-10	0.6351	ret_macular_total_left__sys_ad_kunkle2019	ret_macular_total_left_to_sys_ad_kunkle2019	ret_macular_total_left	sys_ad_kunkle2019	False	True
rs9379066	-0.0400963	0.00648409	-0.0104	0.0158	0.364698	50768.0	63926.0	38.2393524140872	6.25795e-10	0.5121	ret_macular_total_left__sys_ad_kunkle2019	ret_macular_total_left_to_sys_ad_kunkle2019	ret_macular_total_left	sys_ad_kunkle2019	False	True
rs1575676	-0.0398622	0.00645447	-0.0346	0.0148	0.368129	50705.0	63926.0	38.14181492118046	6.5783e-10	0.01974	ret_macular_total_left__sys_ad_kunkle2019	ret_macular_total_left_to_sys_ad_kunkle2019	ret_macular_total_left	sys_ad_kunkle2019	False	True
rs4936637	0.0458586	0.00750021	0.0385	0.017	0.223171	50515.0	63926.0	37.38477209385309	9.69812e-10	0.02409	ret_macular_total_left__sys_ad_kunkle2019	ret_macular_total_left_to_sys_ad_kunkle2019	ret_macular_total_left	sys_ad_kunkle2019	False	True
rs11913168	-0.060801	0.00995049	-0.0097	0.0231	0.109314	50858.0	63926.0	37.33640589623126	9.94133e-10	0.676	ret_macular_total_left__sys_ad_kunkle2019	ret_macular_total_left_to_sys_ad_kunkle2019	ret_macular_total_left	sys_ad_kunkle2019	False	True
rs10023264	0.0408162	0.00671096	-0.0015	0.0159	0.334289	48853.0	63926.0	36.990980078548255	1.18672e-09	0.9263	ret_macular_total_left__sys_ad_kunkle2019	ret_macular_total_left_to_sys_ad_kunkle2019	ret_macular_total_left	sys_ad_kunkle2019	False	True
rs11662962	0.0563043	0.00933209	0.0044	0.021	0.127741	50704.0	63926.0	36.40200373787415	1.60537e-09	0.8357	ret_macular_total_left__sys_ad_kunkle2019	ret_macular_total_left_to_sys_ad_kunkle2019	ret_macular_total_left	sys_ad_kunkle2019	False	True
rs11606813	-0.09262	0.0153984	0.0298	0.0368	0.0428229	50452.0	63926.0	36.17915000798519	1.79992e-09	0.418	ret_macular_total_left__sys_ad_kunkle2019	ret_macular_total_left_to_sys_ad_kunkle2019	ret_macular_total_left	sys_ad_kunkle2019	False	True
rs71580755	-0.0891868	0.0148538	0.0029	0.0266	0.0470173	49737.0	63926.0	36.05172250564518	1.92143e-09	0.9147	ret_macular_total_left__sys_ad_kunkle2019	ret_macular_total_left_to_sys_ad_kunkle2019	ret_macular_total_left	sys_ad_kunkle2019	False	True
rs4803297	-0.0375968	0.00631172	-0.0338	0.0144	0.431156	50280.0	63926.0	35.48185487618818	2.5743e-09	0.01917	ret_macular_total_left__sys_ad_kunkle2019	ret_macular_total_left_to_sys_ad_kunkle2019	ret_macular_total_left	sys_ad_kunkle2019	False	True
rs6478995	-0.0373982	0.00629523	0.0026	0.0144	0.427376	50837.0	63926.0	35.292156448171866	2.83773e-09	0.8578	ret_macular_total_left__sys_ad_kunkle2019	ret_macular_total_left_to_sys_ad_kunkle2019	ret_macular_total_left	sys_ad_kunkle2019	False	True
rs12217769	0.0430402	0.00732565	0.0177	0.0168	0.235194	50858.0	63926.0	34.51884300617619	4.2213e-09	0.2918	ret_macular_total_left__sys_ad_kunkle2019	ret_macular_total_left_to_sys_ad_kunkle2019	ret_macular_total_left	sys_ad_kunkle2019	False	True
rs1532547	-0.0387344	0.00660178	-0.0055	0.0148	0.353991	49764.0	63926.0	34.42481149948199	4.43049e-09	0.7103	ret_macular_total_left__sys_ad_kunkle2019	ret_macular_total_left_to_sys_ad_kunkle2019	ret_macular_total_left	sys_ad_kunkle2019	False	True
rs6433705	0.037601	0.00643708	0.0088	0.0146	0.38677	50680.0	63926.0	34.120939222710696	5.17912e-09	0.5496	ret_macular_total_left__sys_ad_kunkle2019	ret_macular_total_left_to_sys_ad_kunkle2019	ret_macular_total_left	sys_ad_kunkle2019	False	True
rs11854063	0.0383449	0.00656779	-0.0047	0.0149	0.336812	50647.0	63926.0	34.086052047616114	5.27291e-09	0.7505	ret_macular_total_left__sys_ad_kunkle2019	ret_macular_total_left_to_sys_ad_kunkle2019	ret_macular_total_left	sys_ad_kunkle2019	False	True
rs11854924	-0.0394614	0.00678124	-0.0031	0.0159	0.302326	50692.0	63926.0	33.86310269963846	5.91308e-09	0.8479	ret_macular_total_left__sys_ad_kunkle2019	ret_macular_total_left_to_sys_ad_kunkle2019	ret_macular_total_left	sys_ad_kunkle2019	False	True
rs80256218	-0.0677778	0.0117412	0.0462	0.0267	0.0764888	50831.0	63926.0	33.32345047953763	7.80381e-09	0.08432	ret_macular_total_left__sys_ad_kunkle2019	ret_macular_total_left_to_sys_ad_kunkle2019	ret_macular_total_left	sys_ad_kunkle2019	False	True
rs187136683	0.037102	0.00648344	-0.0245	0.0177	0.371193	50401.0	63926.0	32.74791466248544	1.04917e-08	0.1676	ret_macular_total_left__sys_ad_kunkle2019	ret_macular_total_left_to_sys_ad_kunkle2019	ret_macular_total_left	sys_ad_kunkle2019	False	True
rs113670532	0.0525116	0.00920019	0.0221	0.0215	0.133006	50321.0	63926.0	32.577436704456936	1.14542e-08	0.3043	ret_macular_total_left__sys_ad_kunkle2019	ret_macular_total_left_to_sys_ad_kunkle2019	ret_macular_total_left	sys_ad_kunkle2019	False	True
rs2154328	0.0374572	0.00656735	0.0034	0.0147	0.358675	50030.0	63926.0	32.53046680936516	1.17344e-08	0.8152	ret_macular_total_left__sys_ad_kunkle2019	ret_macular_total_left_to_sys_ad_kunkle2019	ret_macular_total_left	sys_ad_kunkle2019	False	True
rs10474678	0.0358988	0.00631968	0.0076	0.0145	0.464715	49695.0	63926.0	32.26782454315431	1.34317e-08	0.5996	ret_macular_total_left__sys_ad_kunkle2019	ret_macular_total_left_to_sys_ad_kunkle2019	ret_macular_total_left	sys_ad_kunkle2019	False	True
rs7597716	0.0397591	0.00700369	0.0093	0.016	0.274152	50554.0	63926.0	32.22695407259551	1.37174e-08	0.5614	ret_macular_total_left__sys_ad_kunkle2019	ret_macular_total_left_to_sys_ad_kunkle2019	ret_macular_total_left	sys_ad_kunkle2019	False	True
rs705773	0.0358494	0.00632354	0.0276	0.0142	0.473836	49152.0	63926.0	32.13980538777978	1.43462e-08	0.05253	ret_macular_total_left__sys_ad_kunkle2019	ret_macular_total_left_to_sys_ad_kunkle2019	ret_macular_total_left	sys_ad_kunkle2019	False	True
rs34989573	0.0449229	0.00794322	-0.0089	0.0181	0.194316	50086.0	63926.0	31.98470771861308	1.55389e-08	0.6223	ret_macular_total_left__sys_ad_kunkle2019	ret_macular_total_left_to_sys_ad_kunkle2019	ret_macular_total_left	sys_ad_kunkle2019	False	True
rs6818978	0.0412281	0.0073299	0.0164	0.0177	0.239544	50066.0	63926.0	31.636653805086482	1.85898e-08	0.3534	ret_macular_total_left__sys_ad_kunkle2019	ret_macular_total_left_to_sys_ad_kunkle2019	ret_macular_total_left	sys_ad_kunkle2019	False	True
rs7589104	-0.0691647	0.0123293	-0.0202	0.0284	0.0688516	50420.0	63926.0	31.469667543940698	2.02592e-08	0.4761	ret_macular_total_left__sys_ad_kunkle2019	ret_macular_total_left_to_sys_ad_kunkle2019	ret_macular_total_left	sys_ad_kunkle2019	False	True
rs62251889	0.0560482	0.0100296	-0.0333	0.0226	0.10897	50303.0	63926.0	31.228858773690717	2.29338e-08	0.1404	ret_macular_total_left__sys_ad_kunkle2019	ret_macular_total_left_to_sys_ad_kunkle2019	ret_macular_total_left	sys_ad_kunkle2019	False	True
rs30373	0.0361981	0.00658711	0.018	0.0154	0.365379	48748.0	63926.0	30.198246034764185	3.90076e-08	0.2418	ret_macular_total_left__sys_ad_kunkle2019	ret_macular_total_left_to_sys_ad_kunkle2019	ret_macular_total_left	sys_ad_kunkle2019	False	True
rs28855509	0.0413163	0.00753025	-0.024	0.019	0.219056	50688.0	63926.0	30.103989571378314	4.09493e-08	0.2079	ret_macular_total_left__sys_ad_kunkle2019	ret_macular_total_left_to_sys_ad_kunkle2019	ret_macular_total_left	sys_ad_kunkle2019	False	True
rs12972156	-0.9653	0.0189	0.00084806	0.00891594	0.864811	63926.0	50179.0	2608.5610425240056	0.0	0.924222	ret_macular_total_left__sys_ad_kunkle2019	sys_ad_kunkle2019_to_ret_macular_total_left	sys_ad_kunkle2019	ret_macular_total_left	True	False
rs117310449	0.9879	0.0691	-0.00535654	0.029575	0.0149105	63926.0	50801.0	204.3948157099445	2.275e-46	0.856276	ret_macular_total_left__sys_ad_kunkle2019	sys_ad_kunkle2019_to_ret_macular_total_left	sys_ad_kunkle2019	ret_macular_total_left	True	False
rs6733839	0.1693	0.0154	-0.00153331	0.00658788	0.379722	63926.0	47733.0	120.85718502276946	4.022e-28	0.815958	ret_macular_total_left__sys_ad_kunkle2019	sys_ad_kunkle2019_to_ret_macular_total_left	sys_ad_kunkle2019	ret_macular_total_left	True	False
rs867230	0.1333	0.0158	-0.0118799	0.0064426	0.59841	63926.0	49072.0	71.17805640121775	3.492e-17	0.0651888	ret_macular_total_left__sys_ad_kunkle2019	sys_ad_kunkle2019_to_ret_macular_total_left	sys_ad_kunkle2019	ret_macular_total_left	True	False
rs1582763	-0.1232	0.0149	0.000670387	0.0064338	0.362823	63926.0	50743.0	68.36737083915139	1.186e-16	0.917013	ret_macular_total_left__sys_ad_kunkle2019	sys_ad_kunkle2019_to_ret_macular_total_left	sys_ad_kunkle2019	ret_macular_total_left	True	False
rs679515	0.1508	0.0183	0.0076085	0.00816	0.171968	63926.0	50750.0	67.90480456269222	1.555e-16	0.351123	ret_macular_total_left__sys_ad_kunkle2019	sys_ad_kunkle2019_to_ret_macular_total_left	sys_ad_kunkle2019	ret_macular_total_left	True	False
rs3851179	-0.1198	0.0148	0.00785468	0.00642762	0.37077499999999997	63926.0	50858.0	65.52246165084003	5.809e-16	0.2217	ret_macular_total_left__sys_ad_kunkle2019	sys_ad_kunkle2019_to_ret_macular_total_left	sys_ad_kunkle2019	ret_macular_total_left	True	False
rs117316645	0.2709	0.0349	-0.00253987	0.0155406	0.0397614	63926.0	50775.0	60.25140187683186	8.946e-15	0.870176	ret_macular_total_left__sys_ad_kunkle2019	sys_ad_kunkle2019_to_ret_macular_total_left	sys_ad_kunkle2019	ret_macular_total_left	True	False
rs114812713	0.298	0.0431	0.0109275	0.0201307	0.027833	63926.0	50534.0	47.805513536210505	4.467e-12	0.587247	ret_macular_total_left__sys_ad_kunkle2019	sys_ad_kunkle2019_to_ret_macular_total_left	sys_ad_kunkle2019	ret_macular_total_left	True	False
rs3740688	0.0935	0.0144	-0.00425597	0.00626232	0.542744	63926.0	50427.0	42.15977044753086	9.702e-11	0.496748	ret_macular_total_left__sys_ad_kunkle2019	sys_ad_kunkle2019_to_ret_macular_total_left	sys_ad_kunkle2019	ret_macular_total_left	True	False
rs12151021	0.1071	0.0169	-0.000536937	0.00672043	0.33797200000000005	63926.0	49822.0	40.16109379923674	2.562e-10	0.93632	ret_macular_total_left__sys_ad_kunkle2019	sys_ad_kunkle2019_to_ret_macular_total_left	sys_ad_kunkle2019	ret_macular_total_left	True	False
rs73223431	0.0936	0.0153	0.0141878	0.0065005	0.345924	63926.0	50306.0	37.425605536332185	8.342e-10	0.0290674	ret_macular_total_left__sys_ad_kunkle2019	sys_ad_kunkle2019_to_ret_macular_total_left	sys_ad_kunkle2019	ret_macular_total_left	True	False
rs34665982	0.0967	0.0166	0.000178915	0.00629455	0.5099400000000001	63926.0	50124.0	33.93413412686892	5.798e-09	0.977324	ret_macular_total_left__sys_ad_kunkle2019	sys_ad_kunkle2019_to_ret_macular_total_left	sys_ad_kunkle2019	ret_macular_total_left	True	False
rs12590654	-0.0906	0.0157	-0.00714451	0.00664716	0.336978	63926.0	49521.0	33.3009858412106	8.729e-09	0.282455	ret_macular_total_left__sys_ad_kunkle2019	sys_ad_kunkle2019_to_ret_macular_total_left	sys_ad_kunkle2019	ret_macular_total_left	True	False
rs11767557	0.1028	0.0182	0.0132382	0.00762891	0.782306	63926.0	50858.0	31.903876343436778	1.561e-08	0.0826937	ret_macular_total_left__sys_ad_kunkle2019	sys_ad_kunkle2019_to_ret_macular_total_left	sys_ad_kunkle2019	ret_macular_total_left	True	False
rs1385742	0.0876	0.0157	0.0117108	0.00663433	0.324056	63926.0	48954.0	31.13213517789769	2.232e-08	0.0775333	ret_macular_total_left__sys_ad_kunkle2019	sys_ad_kunkle2019_to_ret_macular_total_left	sys_ad_kunkle2019	ret_macular_total_left	True	False
rs11218343	0.2053	0.0369	0.012639	0.0160828	0.9572565	63926.0	50822.0	30.95459786576185	2.633e-08	0.431944	ret_macular_total_left__sys_ad_kunkle2019	sys_ad_kunkle2019_to_ret_macular_total_left	sys_ad_kunkle2019	ret_macular_total_left	True	False
rs12416487	-0.085	0.0154	-0.0114945	0.00657611	0.34890699999999997	63926.0	50567.0	30.46466520492495	3.417e-08	0.0804794	ret_macular_total_left__sys_ad_kunkle2019	sys_ad_kunkle2019_to_ret_macular_total_left	sys_ad_kunkle2019	ret_macular_total_left	True	False
rs3138142	0.147326	0.00729994	-0.0058	0.0271	0.240032	50510.0	27693.0	407.30544331210444	1.41392e-90	0.829	ret_macular_total_left__sys_pd_nalls2019_clinical	ret_macular_total_left_to_sys_pd_nalls2019_clinical	ret_macular_total_left	sys_pd_nalls2019_clinical	False	True
rs17421627	0.234746	0.0119232	0.0037	0.0357	0.0732333	50858.0	27693.0	387.62407578231404	2.71998e-86	0.9169	ret_macular_total_left__sys_pd_nalls2019_clinical	ret_macular_total_left_to_sys_pd_nalls2019_clinical	ret_macular_total_left	sys_pd_nalls2019_clinical	False	True
rs9905786	-0.0974179	0.00651956	0.0195	0.0216	0.355475	50794.0	27693.0	223.27543994759208	1.74573e-50	0.366	ret_macular_total_left__sys_pd_nalls2019_clinical	ret_macular_total_left_to_sys_pd_nalls2019_clinical	ret_macular_total_left	sys_pd_nalls2019_clinical	False	True
rs17279437	-0.106972	0.01004	0.0566	0.0326	0.106571	50858.0	27693.0	113.52011063316455	1.65964e-26	0.08186	ret_macular_total_left__sys_pd_nalls2019_clinical	ret_macular_total_left_to_sys_pd_nalls2019_clinical	ret_macular_total_left	sys_pd_nalls2019_clinical	False	True
rs6968945	-0.0593228	0.0063785	-0.001	0.0204	0.406675	50185.0	27693.0	86.49801931263207	1.39884e-20	0.9615	ret_macular_total_left__sys_pd_nalls2019_clinical	ret_macular_total_left_to_sys_pd_nalls2019_clinical	ret_macular_total_left	sys_pd_nalls2019_clinical	False	True
rs4839276	-0.0629906	0.00741577	0.0099	0.0329	0.228484	50520.0	27693.0	72.15044048303034	1.99406e-17	0.763	ret_macular_total_left__sys_pd_nalls2019_clinical	ret_macular_total_left_to_sys_pd_nalls2019_clinical	ret_macular_total_left	sys_pd_nalls2019_clinical	False	True
rs2963490	0.0506943	0.00629913	-0.0154	0.0222	0.491223	49560.0	27693.0	64.76749772682193	8.42809e-16	0.4871	ret_macular_total_left__sys_pd_nalls2019_clinical	ret_macular_total_left_to_sys_pd_nalls2019_clinical	ret_macular_total_left	sys_pd_nalls2019_clinical	False	True
rs4838417	0.0526621	0.00654428	0.0338	0.0227	0.352993	50120.0	27693.0	64.75489473820815	8.48113e-16	0.1362	ret_macular_total_left__sys_pd_nalls2019_clinical	ret_macular_total_left_to_sys_pd_nalls2019_clinical	ret_macular_total_left	sys_pd_nalls2019_clinical	False	True
rs7752728	-0.0605811	0.00762168	0.0308	0.0229	0.210686	50618.0	27693.0	63.17902042900099	1.88734e-15	0.1781	ret_macular_total_left__sys_pd_nalls2019_clinical	ret_macular_total_left_to_sys_pd_nalls2019_clinical	ret_macular_total_left	sys_pd_nalls2019_clinical	False	True
rs7298676	-0.0629592	0.00795185	0.0076	0.0262	0.188884	50772.0	27693.0	62.68765780842621	2.42232e-15	0.7724	ret_macular_total_left__sys_pd_nalls2019_clinical	ret_macular_total_left_to_sys_pd_nalls2019_clinical	ret_macular_total_left	sys_pd_nalls2019_clinical	False	True
rs887595	-0.0642303	0.00818198	-0.0275	0.026	0.177994	50468.0	27693.0	61.625871467211915	4.15307e-15	0.2912	ret_macular_total_left__sys_pd_nalls2019_clinical	ret_macular_total_left_to_sys_pd_nalls2019_clinical	ret_macular_total_left	sys_pd_nalls2019_clinical	False	True
rs556217	-0.0478318	0.00623948	0.0065	0.0188	0.4868	50644.0	27693.0	58.767424094569066	1.77467e-14	0.7305	ret_macular_total_left__sys_pd_nalls2019_clinical	ret_macular_total_left_to_sys_pd_nalls2019_clinical	ret_macular_total_left	sys_pd_nalls2019_clinical	False	True
rs11662407	0.0516911	0.00677482	-0.0237	0.0213	0.303135	50809.0	27693.0	58.215150753971606	2.34972e-14	0.2658	ret_macular_total_left__sys_pd_nalls2019_clinical	ret_macular_total_left_to_sys_pd_nalls2019_clinical	ret_macular_total_left	sys_pd_nalls2019_clinical	False	True
rs2079308	-0.0518585	0.00687342	0.0277	0.0233	0.29116	50608.0	27693.0	56.92383313285616	4.53023e-14	0.2355	ret_macular_total_left__sys_pd_nalls2019_clinical	ret_macular_total_left_to_sys_pd_nalls2019_clinical	ret_macular_total_left	sys_pd_nalls2019_clinical	False	True
rs3769393	-0.0642666	0.00854602	0.0913	0.0252	0.160506	50372.0	27693.0	56.55133203816741	5.47518e-14	0.0002894	ret_macular_total_left__sys_pd_nalls2019_clinical	ret_macular_total_left_to_sys_pd_nalls2019_clinical	ret_macular_total_left	sys_pd_nalls2019_clinical	False	True
rs1983810	0.051399	0.00686191	-0.0125	0.0221	0.308102	48961.0	27693.0	56.10729146700437	6.86187e-14	0.5728	ret_macular_total_left__sys_pd_nalls2019_clinical	ret_macular_total_left_to_sys_pd_nalls2019_clinical	ret_macular_total_left	sys_pd_nalls2019_clinical	False	True
rs4635359	0.053219	0.0071057	-0.0139	0.0308	0.261878	50514.0	27693.0	56.09442285075701	6.90741e-14	0.6513	ret_macular_total_left__sys_pd_nalls2019_clinical	ret_macular_total_left_to_sys_pd_nalls2019_clinical	ret_macular_total_left	sys_pd_nalls2019_clinical	False	True
rs12891131	-0.0461104	0.00626643	-0.0006	0.0197	0.462998	50849.0	27693.0	54.14487980380491	1.86232e-13	0.9746	ret_macular_total_left__sys_pd_nalls2019_clinical	ret_macular_total_left_to_sys_pd_nalls2019_clinical	ret_macular_total_left	sys_pd_nalls2019_clinical	False	True
rs1470108	0.0485551	0.00663307	0.0352	0.023	0.333762	50175.0	27693.0	53.58466806338491	2.47689e-13	0.1265	ret_macular_total_left__sys_pd_nalls2019_clinical	ret_macular_total_left_to_sys_pd_nalls2019_clinical	ret_macular_total_left	sys_pd_nalls2019_clinical	False	True
rs7553418	-0.0478131	0.00653301	0.0168	0.0281	0.354193	50591.0	27693.0	53.56327942583611	2.50391e-13	0.5491	ret_macular_total_left__sys_pd_nalls2019_clinical	ret_macular_total_left_to_sys_pd_nalls2019_clinical	ret_macular_total_left	sys_pd_nalls2019_clinical	False	True
rs75159625	0.047295	0.00674659	-0.0314	0.0311	0.313518	50442.0	27693.0	49.14301788506804	2.37964e-12	0.3123	ret_macular_total_left__sys_pd_nalls2019_clinical	ret_macular_total_left_to_sys_pd_nalls2019_clinical	ret_macular_total_left	sys_pd_nalls2019_clinical	False	True
rs2237468	0.0528346	0.00756269	0.0081	0.0295	0.221265	50139.0	27693.0	48.807240084114326	2.82398e-12	0.7842	ret_macular_total_left__sys_pd_nalls2019_clinical	ret_macular_total_left_to_sys_pd_nalls2019_clinical	ret_macular_total_left	sys_pd_nalls2019_clinical	False	True
rs10488688	-0.047952	0.00692335	0.0159	0.0301	0.289492	50112.0	27693.0	47.971232488133666	4.32529e-12	0.597	ret_macular_total_left__sys_pd_nalls2019_clinical	ret_macular_total_left_to_sys_pd_nalls2019_clinical	ret_macular_total_left	sys_pd_nalls2019_clinical	False	True
rs10872647	0.045053	0.00663513	0.0195	0.0205	0.33718	50737.0	27693.0	46.105056419378535	1.12078e-11	0.3403	ret_macular_total_left__sys_pd_nalls2019_clinical	ret_macular_total_left_to_sys_pd_nalls2019_clinical	ret_macular_total_left	sys_pd_nalls2019_clinical	False	True
rs10893946	0.0429155	0.00639023	-0.0	0.0232	0.39359	50343.0	27693.0	45.101955696021854	1.87044e-11	0.9999	ret_macular_total_left__sys_pd_nalls2019_clinical	ret_macular_total_left_to_sys_pd_nalls2019_clinical	ret_macular_total_left	sys_pd_nalls2019_clinical	False	True
rs12193446	0.0694931	0.0105895	0.0668	0.0404	0.095452	50858.0	27693.0	43.06579428099974	5.29238e-11	0.09849	ret_macular_total_left__sys_pd_nalls2019_clinical	ret_macular_total_left_to_sys_pd_nalls2019_clinical	ret_macular_total_left	sys_pd_nalls2019_clinical	False	True
rs9508027	-0.0440412	0.00680991	0.0192	0.0206	0.296856	50634.0	27693.0	41.82496083409792	9.9824e-11	0.349	ret_macular_total_left__sys_pd_nalls2019_clinical	ret_macular_total_left_to_sys_pd_nalls2019_clinical	ret_macular_total_left	sys_pd_nalls2019_clinical	False	True
rs7127818	0.0435553	0.00686306	0.0094	0.0263	0.289109	50820.0	27693.0	40.276008831940146	2.20489e-10	0.7202	ret_macular_total_left__sys_pd_nalls2019_clinical	ret_macular_total_left_to_sys_pd_nalls2019_clinical	ret_macular_total_left	sys_pd_nalls2019_clinical	False	True
rs12409048	-0.0443529	0.00712953	0.0334	0.0297	0.254827	50858.0	27693.0	38.7010048160967	4.93949e-10	0.2603	ret_macular_total_left__sys_pd_nalls2019_clinical	ret_macular_total_left_to_sys_pd_nalls2019_clinical	ret_macular_total_left	sys_pd_nalls2019_clinical	False	True
rs9379066	-0.0400963	0.00648409	0.0139	0.0291	0.364698	50768.0	27693.0	38.2393524140872	6.25795e-10	0.6323	ret_macular_total_left__sys_pd_nalls2019_clinical	ret_macular_total_left_to_sys_pd_nalls2019_clinical	ret_macular_total_left	sys_pd_nalls2019_clinical	False	True
rs1575676	-0.0398622	0.00645447	0.0107	0.0218	0.368129	50705.0	27693.0	38.14181492118046	6.5783e-10	0.6242	ret_macular_total_left__sys_pd_nalls2019_clinical	ret_macular_total_left_to_sys_pd_nalls2019_clinical	ret_macular_total_left	sys_pd_nalls2019_clinical	False	True
rs4936637	0.0458586	0.00750021	-0.0252	0.0325	0.223171	50515.0	27693.0	37.38477209385309	9.69812e-10	0.4392	ret_macular_total_left__sys_pd_nalls2019_clinical	ret_macular_total_left_to_sys_pd_nalls2019_clinical	ret_macular_total_left	sys_pd_nalls2019_clinical	False	True
rs11913168	-0.060801	0.00995049	-0.0339	0.0333	0.109314	50858.0	27693.0	37.33640589623126	9.94133e-10	0.3081	ret_macular_total_left__sys_pd_nalls2019_clinical	ret_macular_total_left_to_sys_pd_nalls2019_clinical	ret_macular_total_left	sys_pd_nalls2019_clinical	False	True
rs10023264	0.0408162	0.00671096	0.0525	0.0292	0.334289	48853.0	27693.0	36.990980078548255	1.18672e-09	0.07218	ret_macular_total_left__sys_pd_nalls2019_clinical	ret_macular_total_left_to_sys_pd_nalls2019_clinical	ret_macular_total_left	sys_pd_nalls2019_clinical	False	True
rs11662962	0.0563043	0.00933209	-0.0142	0.0408	0.127741	50704.0	27693.0	36.40200373787415	1.60537e-09	0.7272	ret_macular_total_left__sys_pd_nalls2019_clinical	ret_macular_total_left_to_sys_pd_nalls2019_clinical	ret_macular_total_left	sys_pd_nalls2019_clinical	False	True
rs11606813	-0.09262	0.0153984	-0.0518	0.0529	0.0428229	50452.0	27693.0	36.17915000798519	1.79992e-09	0.3271	ret_macular_total_left__sys_pd_nalls2019_clinical	ret_macular_total_left_to_sys_pd_nalls2019_clinical	ret_macular_total_left	sys_pd_nalls2019_clinical	False	True
rs4803297	-0.0375968	0.00631172	-0.0855	0.0266	0.431156	50280.0	27693.0	35.48185487618818	2.5743e-09	0.001297	ret_macular_total_left__sys_pd_nalls2019_clinical	ret_macular_total_left_to_sys_pd_nalls2019_clinical	ret_macular_total_left	sys_pd_nalls2019_clinical	False	True
rs6478995	-0.0373982	0.00629523	-0.0053	0.0214	0.427376	50837.0	27693.0	35.292156448171866	2.83773e-09	0.8065	ret_macular_total_left__sys_pd_nalls2019_clinical	ret_macular_total_left_to_sys_pd_nalls2019_clinical	ret_macular_total_left	sys_pd_nalls2019_clinical	False	True
rs12217769	0.0430402	0.00732565	-0.0046	0.0222	0.235194	50858.0	27693.0	34.51884300617619	4.2213e-09	0.8363	ret_macular_total_left__sys_pd_nalls2019_clinical	ret_macular_total_left_to_sys_pd_nalls2019_clinical	ret_macular_total_left	sys_pd_nalls2019_clinical	False	True
rs1532547	-0.0387344	0.00660178	0.0081	0.0282	0.353991	49764.0	27693.0	34.42481149948199	4.43049e-09	0.7739	ret_macular_total_left__sys_pd_nalls2019_clinical	ret_macular_total_left_to_sys_pd_nalls2019_clinical	ret_macular_total_left	sys_pd_nalls2019_clinical	False	True
rs6433705	0.037601	0.00643708	0.0039	0.0205	0.38677	50680.0	27693.0	34.120939222710696	5.17912e-09	0.8495	ret_macular_total_left__sys_pd_nalls2019_clinical	ret_macular_total_left_to_sys_pd_nalls2019_clinical	ret_macular_total_left	sys_pd_nalls2019_clinical	False	True
rs11854063	0.0383449	0.00656779	-0.0057	0.0222	0.336812	50647.0	27693.0	34.086052047616114	5.27291e-09	0.7981	ret_macular_total_left__sys_pd_nalls2019_clinical	ret_macular_total_left_to_sys_pd_nalls2019_clinical	ret_macular_total_left	sys_pd_nalls2019_clinical	False	True
rs11854924	-0.0394614	0.00678124	0.0155	0.0226	0.302326	50692.0	27693.0	33.86310269963846	5.91308e-09	0.4926	ret_macular_total_left__sys_pd_nalls2019_clinical	ret_macular_total_left_to_sys_pd_nalls2019_clinical	ret_macular_total_left	sys_pd_nalls2019_clinical	False	True
rs80256218	-0.0677778	0.0117412	0.039	0.0523	0.0764888	50831.0	27693.0	33.32345047953763	7.80381e-09	0.4561	ret_macular_total_left__sys_pd_nalls2019_clinical	ret_macular_total_left_to_sys_pd_nalls2019_clinical	ret_macular_total_left	sys_pd_nalls2019_clinical	False	True
rs2154328	0.0374572	0.00656735	-0.0057	0.0284	0.358675	50030.0	27693.0	32.53046680936516	1.17344e-08	0.8397	ret_macular_total_left__sys_pd_nalls2019_clinical	ret_macular_total_left_to_sys_pd_nalls2019_clinical	ret_macular_total_left	sys_pd_nalls2019_clinical	False	True
rs10474678	0.0358988	0.00631968	0.005	0.0274	0.464715	49695.0	27693.0	32.26782454315431	1.34317e-08	0.8555	ret_macular_total_left__sys_pd_nalls2019_clinical	ret_macular_total_left_to_sys_pd_nalls2019_clinical	ret_macular_total_left	sys_pd_nalls2019_clinical	False	True
rs7597716	0.0397591	0.00700369	0.0019	0.0217	0.274152	50554.0	27693.0	32.22695407259551	1.37174e-08	0.9304	ret_macular_total_left__sys_pd_nalls2019_clinical	ret_macular_total_left_to_sys_pd_nalls2019_clinical	ret_macular_total_left	sys_pd_nalls2019_clinical	False	True
rs705773	0.0358494	0.00632354	-0.0083	0.0276	0.473836	49152.0	27693.0	32.13980538777978	1.43462e-08	0.7626	ret_macular_total_left__sys_pd_nalls2019_clinical	ret_macular_total_left_to_sys_pd_nalls2019_clinical	ret_macular_total_left	sys_pd_nalls2019_clinical	False	True
rs34989573	0.0449229	0.00794322	-0.0029	0.0243	0.194316	50086.0	27693.0	31.98470771861308	1.55389e-08	0.9042	ret_macular_total_left__sys_pd_nalls2019_clinical	ret_macular_total_left_to_sys_pd_nalls2019_clinical	ret_macular_total_left	sys_pd_nalls2019_clinical	False	True
rs6818978	0.0412281	0.0073299	-0.0391	0.0325	0.239544	50066.0	27693.0	31.636653805086482	1.85898e-08	0.2288	ret_macular_total_left__sys_pd_nalls2019_clinical	ret_macular_total_left_to_sys_pd_nalls2019_clinical	ret_macular_total_left	sys_pd_nalls2019_clinical	False	True
rs7589104	-0.0691647	0.0123293	-0.0708	0.0482	0.0688516	50420.0	27693.0	31.469667543940698	2.02592e-08	0.1415	ret_macular_total_left__sys_pd_nalls2019_clinical	ret_macular_total_left_to_sys_pd_nalls2019_clinical	ret_macular_total_left	sys_pd_nalls2019_clinical	False	True
rs30373	0.0361981	0.00658711	0.0111	0.0288	0.365379	48748.0	27693.0	30.198246034764185	3.90076e-08	0.7012	ret_macular_total_left__sys_pd_nalls2019_clinical	ret_macular_total_left_to_sys_pd_nalls2019_clinical	ret_macular_total_left	sys_pd_nalls2019_clinical	False	True
rs28855509	0.0413163	0.00753025	-0.0034	0.0289	0.219056	50688.0	27693.0	30.103989571378314	4.09493e-08	0.9061	ret_macular_total_left__sys_pd_nalls2019_clinical	ret_macular_total_left_to_sys_pd_nalls2019_clinical	ret_macular_total_left	sys_pd_nalls2019_clinical	False	True
rs356182	-0.2615	0.0215	0.00409285	0.00681072	0.6159	27693.0	47951.0	147.93347755543542	4.933e-34	0.547878	ret_macular_total_left__sys_pd_nalls2019_clinical	sys_pd_nalls2019_clinical_to_ret_macular_total_left	sys_pd_nalls2019_clinical	ret_macular_total_left	True	False
rs35749011	0.6977	0.0806	0.0481351	0.0254819	0.0212	27693.0	50846.0	74.93200653904645	4.713e-18	0.0588924	ret_macular_total_left__sys_pd_nalls2019_clinical	sys_pd_nalls2019_clinical_to_ret_macular_total_left	sys_pd_nalls2019_clinical	ret_macular_total_left	True	False
rs6599388	0.1774	0.0215	-0.0125365	0.00696535	0.3201	27693.0	50535.0	68.08168739859384	1.497e-16	0.0718857	ret_macular_total_left__sys_pd_nalls2019_clinical	sys_pd_nalls2019_clinical_to_ret_macular_total_left	sys_pd_nalls2019_clinical	ret_macular_total_left	True	False
rs4630591	-0.2203	0.0309	0.0580617	0.00782096	0.1954	27693.0	49537.0	50.82905499523464	1.043e-12	1.13763e-13	ret_macular_total_left__sys_pd_nalls2019_clinical	sys_pd_nalls2019_clinical_to_ret_macular_total_left	sys_pd_nalls2019_clinical	ret_macular_total_left	True	False
rs12637471	-0.1659	0.0244	-0.0189513	0.00793046	0.1801	27693.0	50815.0	46.22885313087879	9.784e-12	0.0168627	ret_macular_total_left__sys_pd_nalls2019_clinical	sys_pd_nalls2019_clinical_to_ret_macular_total_left	sys_pd_nalls2019_clinical	ret_macular_total_left	True	False
rs10847864	0.1317	0.0199	-0.0196645	0.00652227	0.365	27693.0	50858.0	43.799121234312274	3.775e-11	0.00256992	ret_macular_total_left__sys_pd_nalls2019_clinical	sys_pd_nalls2019_clinical_to_ret_macular_total_left	sys_pd_nalls2019_clinical	ret_macular_total_left	True	False
rs4613239	-0.1808	0.0276	0.033349	0.00965472	0.8643	27693.0	50400.0	42.91199327872295	5.964e-11	0.000552003	ret_macular_total_left__sys_pd_nalls2019_clinical	sys_pd_nalls2019_clinical_to_ret_macular_total_left	sys_pd_nalls2019_clinical	ret_macular_total_left	True	False
rs75646569	-0.184	0.0295	-0.00044791	0.0106899	0.8847	27693.0	50760.0	38.90376328641195	4.386e-10	0.966578	ret_macular_total_left__sys_pd_nalls2019_clinical	sys_pd_nalls2019_clinical_to_ret_macular_total_left	sys_pd_nalls2019_clinical	ret_macular_total_left	True	False
rs4588066	0.1148	0.0198	0.00904038	0.00672317	0.3285	27693.0	50808.0	33.61656973778185	6.863e-09	0.178735	ret_macular_total_left__sys_pd_nalls2019_clinical	sys_pd_nalls2019_clinical_to_ret_macular_total_left	sys_pd_nalls2019_clinical	ret_macular_total_left	True	False
rs510306	0.1054	0.0187	0.00914916	0.00631576	0.472	27693.0	49773.0	31.768595041322307	1.814e-08	0.147443	ret_macular_total_left__sys_pd_nalls2019_clinical	sys_pd_nalls2019_clinical_to_ret_macular_total_left	sys_pd_nalls2019_clinical	ret_macular_total_left	True	False
rs3138142	0.147326	0.00729994	0.02955880224154443	0.033764896488226406	0.240032	50510.0	14267.0	407.30544331210444	1.41392e-90	0.38134	ret_macular_total_left__sys_sle_bentham2015	ret_macular_total_left_to_sys_sle_bentham2015	ret_macular_total_left	sys_sle_bentham2015	False	True
rs17421627	0.234746	0.0119232	0.009950330853168092	0.04578600681170599	0.0732333	50858.0	14267.0	387.62407578231404	2.71998e-86	0.8279569999999999	ret_macular_total_left__sys_sle_bentham2015	ret_macular_total_left_to_sys_sle_bentham2015	ret_macular_total_left	sys_sle_bentham2015	False	True
rs9905786	-0.0974179	0.00651956	-0.01005033585350145	0.031560088597235705	0.355475	50794.0	14267.0	223.27543994759208	1.74573e-50	0.750143	ret_macular_total_left__sys_sle_bentham2015	ret_macular_total_left_to_sys_sle_bentham2015	ret_macular_total_left	sys_sle_bentham2015	False	True
rs6968945	-0.0593228	0.0063785	-0.01005033585350145	0.043085096921849295	0.406675	50185.0	14267.0	86.49801931263207	1.39884e-20	0.815554	ret_macular_total_left__sys_sle_bentham2015	ret_macular_total_left_to_sys_sle_bentham2015	ret_macular_total_left	sys_sle_bentham2015	False	True
rs2732631	0.0649641	0.00744502	-0.10536051565782628	0.03200358706805047	0.228645	50198.0	14267.0	76.14039313452838	2.64214e-18	0.000994256	ret_macular_total_left__sys_sle_bentham2015	ret_macular_total_left_to_sys_sle_bentham2015	ret_macular_total_left	sys_sle_bentham2015	False	True
rs4839276	-0.0629906	0.00741577	-0.01005033585350145	0.027852397603233936	0.228484	50520.0	14267.0	72.15044048303034	1.99406e-17	0.718217	ret_macular_total_left__sys_sle_bentham2015	ret_macular_total_left_to_sys_sle_bentham2015	ret_macular_total_left	sys_sle_bentham2015	False	True
rs10203008	0.0506521	0.00625726	-0.02955880224154443	0.027264194519439112	0.486457	50322.0	14267.0	65.5279390750346	5.72972e-16	0.27829299999999996	ret_macular_total_left__sys_sle_bentham2015	ret_macular_total_left_to_sys_sle_bentham2015	ret_macular_total_left	sys_sle_bentham2015	False	True
rs2963490	0.0506943	0.00629913	0.02955880224154443	0.02653192473754098	0.491223	49560.0	14267.0	64.76749772682193	8.42809e-16	0.265243	ret_macular_total_left__sys_sle_bentham2015	ret_macular_total_left_to_sys_sle_bentham2015	ret_macular_total_left	sys_sle_bentham2015	False	True
rs4838417	0.0526621	0.00654428	-0.01005033585350145	0.027823516381957406	0.352993	50120.0	14267.0	64.75489473820815	8.48113e-16	0.7179369999999999	ret_macular_total_left__sys_sle_bentham2015	ret_macular_total_left_to_sys_sle_bentham2015	ret_macular_total_left	sys_sle_bentham2015	False	True
rs7752728	-0.0605811	0.00762168	0.03922071315328133	0.03523413396614515	0.210686	50618.0	14267.0	63.17902042900099	1.88734e-15	0.265646	ret_macular_total_left__sys_sle_bentham2015	ret_macular_total_left_to_sys_sle_bentham2015	ret_macular_total_left	sys_sle_bentham2015	False	True
rs7298676	-0.0629592	0.00795185	0.03922071315328133	0.03268853252601264	0.188884	50772.0	14267.0	62.68765780842621	2.42232e-15	0.23020500000000002	ret_macular_total_left__sys_sle_bentham2015	ret_macular_total_left_to_sys_sle_bentham2015	ret_macular_total_left	sys_sle_bentham2015	False	True
rs887595	-0.0642303	0.00818198	0.02955880224154443	0.03841825274208216	0.177994	50468.0	14267.0	61.625871467211915	4.15307e-15	0.441659	ret_macular_total_left__sys_sle_bentham2015	ret_macular_total_left_to_sys_sle_bentham2015	ret_macular_total_left	sys_sle_bentham2015	False	True
rs556217	-0.0478318	0.00623948	-0.040821994520255166	0.02725224045793643	0.4868	50644.0	14267.0	58.767424094569066	1.77467e-14	0.134151	ret_macular_total_left__sys_sle_bentham2015	ret_macular_total_left_to_sys_sle_bentham2015	ret_macular_total_left	sys_sle_bentham2015	False	True
rs11662407	0.0516911	0.00677482	0.02955880224154443	0.031700409432064654	0.303135	50809.0	14267.0	58.215150753971606	2.34972e-14	0.351108	ret_macular_total_left__sys_sle_bentham2015	ret_macular_total_left_to_sys_sle_bentham2015	ret_macular_total_left	sys_sle_bentham2015	False	True
rs2079308	-0.0518585	0.00687342	-0.020202707317519466	0.03292677449503475	0.29116	50608.0	14267.0	56.92383313285616	4.53023e-14	0.539503	ret_macular_total_left__sys_sle_bentham2015	ret_macular_total_left_to_sys_sle_bentham2015	ret_macular_total_left	sys_sle_bentham2015	False	True
rs3769393	-0.0642666	0.00854602	0.0769610411361284	0.03582100159919877	0.160506	50372.0	14267.0	56.55133203816741	5.47518e-14	0.031674900000000006	ret_macular_total_left__sys_sle_bentham2015	ret_macular_total_left_to_sys_sle_bentham2015	ret_macular_total_left	sys_sle_bentham2015	False	True
rs4635359	0.053219	0.0071057	0.01980262729617973	0.02940275351509809	0.261878	50514.0	14267.0	56.09442285075701	6.90741e-14	0.500632	ret_macular_total_left__sys_sle_bentham2015	ret_macular_total_left_to_sys_sle_bentham2015	ret_macular_total_left	sys_sle_bentham2015	False	True
rs12891131	-0.0461104	0.00626643	-0.030459207484708574	0.030380476565264086	0.462998	50849.0	14267.0	54.14487980380491	1.86232e-13	0.316058	ret_macular_total_left__sys_sle_bentham2015	ret_macular_total_left_to_sys_sle_bentham2015	ret_macular_total_left	sys_sle_bentham2015	False	True
rs1470108	0.0485551	0.00663307	0.04879016416943205	0.026783112527622405	0.333762	50175.0	14267.0	53.58466806338491	2.47689e-13	0.06850410000000001	ret_macular_total_left__sys_sle_bentham2015	ret_macular_total_left_to_sys_sle_bentham2015	ret_macular_total_left	sys_sle_bentham2015	False	True
rs7553418	-0.0478131	0.00653301	-0.01005033585350145	0.02554622198307541	0.354193	50591.0	14267.0	53.56327942583611	2.50391e-13	0.6940109999999999	ret_macular_total_left__sys_sle_bentham2015	ret_macular_total_left_to_sys_sle_bentham2015	ret_macular_total_left	sys_sle_bentham2015	False	True
rs75159625	0.047295	0.00674659	-0.01005033585350145	0.029120812391595894	0.313518	50442.0	14267.0	49.14301788506804	2.37964e-12	0.73	ret_macular_total_left__sys_sle_bentham2015	ret_macular_total_left_to_sys_sle_bentham2015	ret_macular_total_left	sys_sle_bentham2015	False	True
rs2237468	0.0528346	0.00756269	-0.07257069283483537	0.03468563485748822	0.221265	50139.0	14267.0	48.807240084114326	2.82398e-12	0.036417000000000005	ret_macular_total_left__sys_sle_bentham2015	ret_macular_total_left_to_sys_sle_bentham2015	ret_macular_total_left	sys_sle_bentham2015	False	True
rs10872647	0.045053	0.00663513	-0.030459207484708574	0.035139196931778464	0.33718	50737.0	14267.0	46.105056419378535	1.12078e-11	0.38604299999999997	ret_macular_total_left__sys_sle_bentham2015	ret_macular_total_left_to_sys_sle_bentham2015	ret_macular_total_left	sys_sle_bentham2015	False	True
rs12193446	0.0694931	0.0105895	-0.020202707317519466	0.048377085491849894	0.095452	50858.0	14267.0	43.06579428099974	5.29238e-11	0.676233	ret_macular_total_left__sys_sle_bentham2015	ret_macular_total_left_to_sys_sle_bentham2015	ret_macular_total_left	sys_sle_bentham2015	False	True
rs9508027	-0.0440412	0.00680991	0.009950330853168092	0.028787881869039075	0.296856	50634.0	14267.0	41.82496083409792	9.9824e-11	0.729611	ret_macular_total_left__sys_sle_bentham2015	ret_macular_total_left_to_sys_sle_bentham2015	ret_macular_total_left	sys_sle_bentham2015	False	True
rs7127818	0.0435553	0.00686306	-0.07257069283483537	0.034934652612821505	0.289109	50820.0	14267.0	40.276008831940146	2.20489e-10	0.0377714	ret_macular_total_left__sys_sle_bentham2015	ret_macular_total_left_to_sys_sle_bentham2015	ret_macular_total_left	sys_sle_bentham2015	False	True
rs9379066	-0.0400963	0.00648409	-0.01005033585350145	0.05345391916151108	0.364698	50768.0	14267.0	38.2393524140872	6.25795e-10	0.8508620000000001	ret_macular_total_left__sys_sle_bentham2015	ret_macular_total_left_to_sys_sle_bentham2015	ret_macular_total_left	sys_sle_bentham2015	False	True
rs1575676	-0.0398622	0.00645447	0.02955880224154443	0.03333501308528798	0.368129	50705.0	14267.0	38.14181492118046	6.5783e-10	0.37523	ret_macular_total_left__sys_sle_bentham2015	ret_macular_total_left_to_sys_sle_bentham2015	ret_macular_total_left	sys_sle_bentham2015	False	True
rs4936637	0.0458586	0.00750021	0.02955880224154443	0.02976772887031073	0.223171	50515.0	14267.0	37.38477209385309	9.69812e-10	0.32071900000000003	ret_macular_total_left__sys_sle_bentham2015	ret_macular_total_left_to_sys_sle_bentham2015	ret_macular_total_left	sys_sle_bentham2015	False	True
rs11913168	-0.060801	0.00995049	0.058268908123975824	0.042463741713771846	0.109314	50858.0	14267.0	37.33640589623126	9.94133e-10	0.17	ret_macular_total_left__sys_sle_bentham2015	ret_macular_total_left_to_sys_sle_bentham2015	ret_macular_total_left	sys_sle_bentham2015	False	True
rs10023264	0.0408162	0.00671096	-0.020202707317519466	0.026816115742575027	0.334289	48853.0	14267.0	36.990980078548255	1.18672e-09	0.451222	ret_macular_total_left__sys_sle_bentham2015	ret_macular_total_left_to_sys_sle_bentham2015	ret_macular_total_left	sys_sle_bentham2015	False	True
rs11662962	0.0563043	0.00933209	-0.01005033585350145	0.03008789409400133	0.127741	50704.0	14267.0	36.40200373787415	1.60537e-09	0.738355	ret_macular_total_left__sys_sle_bentham2015	ret_macular_total_left_to_sys_sle_bentham2015	ret_macular_total_left	sys_sle_bentham2015	False	True
rs11606813	-0.09262	0.0153984	-0.09431067947124129	0.08326511369935914	0.0428229	50452.0	14267.0	36.17915000798519	1.79992e-09	0.257359	ret_macular_total_left__sys_sle_bentham2015	ret_macular_total_left_to_sys_sle_bentham2015	ret_macular_total_left	sys_sle_bentham2015	False	True
rs71580755	-0.0891868	0.0148538	0.02955880224154443	0.05436863983290608	0.0470173	49737.0	14267.0	36.05172250564518	1.92143e-09	0.586666	ret_macular_total_left__sys_sle_bentham2015	ret_macular_total_left_to_sys_sle_bentham2015	ret_macular_total_left	sys_sle_bentham2015	False	True
rs4803297	-0.0375968	0.00631172	0.01980262729617973	0.023043851734849553	0.431156	50280.0	14267.0	35.48185487618818	2.5743e-09	0.39015	ret_macular_total_left__sys_sle_bentham2015	ret_macular_total_left_to_sys_sle_bentham2015	ret_macular_total_left	sys_sle_bentham2015	False	True
rs6478995	-0.0373982	0.00629523	-0.01005033585350145	0.02140970231104702	0.427376	50837.0	14267.0	35.292156448171866	2.83773e-09	0.638763	ret_macular_total_left__sys_sle_bentham2015	ret_macular_total_left_to_sys_sle_bentham2015	ret_macular_total_left	sys_sle_bentham2015	False	True
rs12217769	0.0430402	0.00732565	0.01980262729617973	0.03915693936862695	0.235194	50858.0	14267.0	34.51884300617619	4.2213e-09	0.61305	ret_macular_total_left__sys_sle_bentham2015	ret_macular_total_left_to_sys_sle_bentham2015	ret_macular_total_left	sys_sle_bentham2015	False	True
rs6433705	0.037601	0.00643708	-0.040821994520255166	0.03226705461148919	0.38677	50680.0	14267.0	34.120939222710696	5.17912e-09	0.205825	ret_macular_total_left__sys_sle_bentham2015	ret_macular_total_left_to_sys_sle_bentham2015	ret_macular_total_left	sys_sle_bentham2015	False	True
rs11854063	0.0383449	0.00656779	0.04879016416943205	0.031489749202648326	0.336812	50647.0	14267.0	34.086052047616114	5.27291e-09	0.12128599999999999	ret_macular_total_left__sys_sle_bentham2015	ret_macular_total_left_to_sys_sle_bentham2015	ret_macular_total_left	sys_sle_bentham2015	False	True
rs11854924	-0.0394614	0.00678124	0.02955880224154443	0.03400906990763307	0.302326	50692.0	14267.0	33.86310269963846	5.91308e-09	0.384768	ret_macular_total_left__sys_sle_bentham2015	ret_macular_total_left_to_sys_sle_bentham2015	ret_macular_total_left	sys_sle_bentham2015	False	True
rs80256218	-0.0677778	0.0117412	-0.07257069283483537	0.05637902672555619	0.0764888	50831.0	14267.0	33.32345047953763	7.80381e-09	0.198027	ret_macular_total_left__sys_sle_bentham2015	ret_macular_total_left_to_sys_sle_bentham2015	ret_macular_total_left	sys_sle_bentham2015	False	True
rs187136683	0.037102	0.00648344	-0.10536051565782628	0.03439431887091217	0.371193	50401.0	14267.0	32.74791466248544	1.04917e-08	0.00218902	ret_macular_total_left__sys_sle_bentham2015	ret_macular_total_left_to_sys_sle_bentham2015	ret_macular_total_left	sys_sle_bentham2015	False	True
rs113670532	0.0525116	0.00920019	0.009950330853168092	0.030546592294622397	0.133006	50321.0	14267.0	32.577436704456936	1.14542e-08	0.7446189999999999	ret_macular_total_left__sys_sle_bentham2015	ret_macular_total_left_to_sys_sle_bentham2015	ret_macular_total_left	sys_sle_bentham2015	False	True
rs2154328	0.0374572	0.00656735	0.01980262729617973	0.029573205657988277	0.358675	50030.0	14267.0	32.53046680936516	1.17344e-08	0.503104	ret_macular_total_left__sys_sle_bentham2015	ret_macular_total_left_to_sys_sle_bentham2015	ret_macular_total_left	sys_sle_bentham2015	False	True
rs10474678	0.0358988	0.00631968	0.009950330853168092	0.03713524335757415	0.464715	49695.0	14267.0	32.26782454315431	1.34317e-08	0.7887390000000001	ret_macular_total_left__sys_sle_bentham2015	ret_macular_total_left_to_sys_sle_bentham2015	ret_macular_total_left	sys_sle_bentham2015	False	True
rs7597716	0.0397591	0.00700369	0.03922071315328133	0.029723582728498874	0.274152	50554.0	14267.0	32.22695407259551	1.37174e-08	0.186997	ret_macular_total_left__sys_sle_bentham2015	ret_macular_total_left_to_sys_sle_bentham2015	ret_macular_total_left	sys_sle_bentham2015	False	True
rs34989573	0.0449229	0.00794322	0.02955880224154443	0.03358135410068964	0.194316	50086.0	14267.0	31.98470771861308	1.55389e-08	0.378743	ret_macular_total_left__sys_sle_bentham2015	ret_macular_total_left_to_sys_sle_bentham2015	ret_macular_total_left	sys_sle_bentham2015	False	True
rs6818978	0.0412281	0.0073299	-0.05129329438755058	0.035140529526666534	0.239544	50066.0	14267.0	31.636653805086482	1.85898e-08	0.14438299999999998	ret_macular_total_left__sys_sle_bentham2015	ret_macular_total_left_to_sys_sle_bentham2015	ret_macular_total_left	sys_sle_bentham2015	False	True
rs7589104	-0.0691647	0.0123293	0.08617769624105241	0.05647235906155201	0.0688516	50420.0	14267.0	31.469667543940698	2.02592e-08	0.127006	ret_macular_total_left__sys_sle_bentham2015	ret_macular_total_left_to_sys_sle_bentham2015	ret_macular_total_left	sys_sle_bentham2015	False	True
rs62251889	0.0560482	0.0100296	-0.040821994520255166	0.05082812246349552	0.10897	50303.0	14267.0	31.228858773690717	2.29338e-08	0.42189499999999996	ret_macular_total_left__sys_sle_bentham2015	ret_macular_total_left_to_sys_sle_bentham2015	ret_macular_total_left	sys_sle_bentham2015	False	True
rs30373	0.0361981	0.00658711	-0.040821994520255166	0.02779240047459939	0.365379	48748.0	14267.0	30.198246034764185	3.90076e-08	0.14188199999999998	ret_macular_total_left__sys_sle_bentham2015	ret_macular_total_left_to_sys_sle_bentham2015	ret_macular_total_left	sys_sle_bentham2015	False	True
rs28855509	0.0413163	0.00753025	-0.05129329438755058	0.03784460962551958	0.219056	50688.0	14267.0	30.103989571378314	4.09493e-08	0.175301	ret_macular_total_left__sys_sle_bentham2015	ret_macular_total_left_to_sys_sle_bentham2015	ret_macular_total_left	sys_sle_bentham2015	False	True
rs1270942	0.9282193027394288	0.04338217483584476	-0.000586677	0.00926858	0.0725646	14267.0	50858.0	457.80291165846535	1.4455e-101	0.94953	ret_macular_total_left__sys_sle_bentham2015	sys_sle_bentham2015_to_ret_macular_total_left	sys_sle_bentham2015	ret_macular_total_left	True	False
rs4274624	0.5596157879354227	0.032679116321158	-0.00831806	0.00742695	0.23160999999999998	14267.0	50678.0	293.25086934119986	9.73273e-66	0.26272	ret_macular_total_left__sys_sle_bentham2015	sys_sle_bentham2015_to_ret_macular_total_left	sys_sle_bentham2015	ret_macular_total_left	True	False
rs17849501	0.8109302162163288	0.04986423265496375	-0.00318428	0.014046	0.0596421	14267.0	50858.0	264.47747237775303	1.8137e-59	0.820655	ret_macular_total_left__sys_sle_bentham2015	sys_sle_bentham2015_to_ret_macular_total_left	sys_sle_bentham2015	ret_macular_total_left	True	False
rs1143679	0.5822156198526637	0.03998663420667575	-0.00294082	0.010617	0.131213	14267.0	50031.0	212.0010469386546	5.02694e-48	0.781788	ret_macular_total_left__sys_sle_bentham2015	sys_sle_bentham2015_to_ret_macular_total_left	sys_sle_bentham2015	ret_macular_total_left	True	False
rs35000415	0.5877866649021191	0.041538954697302115	-0.00136392	0.0100553	0.100398	14267.0	50830.0	200.22962356877744	1.8609e-45	0.892105	ret_macular_total_left__sys_sle_bentham2015	sys_sle_bentham2015_to_ret_macular_total_left	sys_sle_bentham2015	ret_macular_total_left	True	False
rs2573219	0.5877866649021191	0.042929166291107275	0.0218685	0.0108319	0.0864811	14267.0	50765.0	187.471195730151	1.13327e-42	0.0434987	ret_macular_total_left__sys_sle_bentham2015	sys_sle_bentham2015_to_ret_macular_total_left	sys_sle_bentham2015	ret_macular_total_left	True	False
rs150180633	0.9282193027394288	0.06895732862779987	0.0149235	0.0287711	0.0168986	14267.0	50840.0	181.192548506574	2.66099e-41	0.60397	ret_macular_total_left__sys_sle_bentham2015	sys_sle_bentham2015_to_ret_macular_total_left	sys_sle_bentham2015	ret_macular_total_left	True	False
rs7823055	0.35065687161316933	0.028620839404419996	0.00747501	0.0063834	0.42345900000000003	14267.0	49004.0	150.10666436715803	1.64303e-34	0.241596	ret_macular_total_left__sys_sle_bentham2015	sys_sle_bentham2015_to_ret_macular_total_left	sys_sle_bentham2015	ret_macular_total_left	True	False
rs1078324	-0.7133498878774648	0.07816646901246015	0.00870774	0.0134893	0.0497018	14267.0	50850.0	83.28450451053207	7.10544e-20	0.518583	ret_macular_total_left__sys_sle_bentham2015	sys_sle_bentham2015_to_ret_macular_total_left	sys_sle_bentham2015	ret_macular_total_left	True	False
rs58721818	0.6575200029167941	0.07559406697400173	-0.00919958	0.0179621	0.0248509	14267.0	50566.0	75.65585027597527	3.37674e-18	0.608535	ret_macular_total_left__sys_sle_bentham2015	sys_sle_bentham2015_to_ret_macular_total_left	sys_sle_bentham2015	ret_macular_total_left	True	False
rs13332649	-0.31471074483970024	0.037568252338112514	-0.00578597	0.00744214	0.197813	14267.0	50858.0	70.17479571574411	5.42755e-17	0.436887	ret_macular_total_left__sys_sle_bentham2015	sys_sle_bentham2015_to_ret_macular_total_left	sys_sle_bentham2015	ret_macular_total_left	True	False
rs1464446	-0.3285040669720361	0.04014972755246729	0.00184832	0.00796799	0.178926	14267.0	50557.0	66.94471485209834	2.79229e-16	0.816563	ret_macular_total_left__sys_sle_bentham2015	sys_sle_bentham2015_to_ret_macular_total_left	sys_sle_bentham2015	ret_macular_total_left	True	False
rs10912578	0.2468600779315258	0.030991798852376563	-0.00122836	0.00681015	0.30119300000000004	14267.0	48835.0	63.446570822076126	1.64776e-15	0.85686	ret_macular_total_left__sys_sle_bentham2015	sys_sle_bentham2015_to_ret_macular_total_left	sys_sle_bentham2015	ret_macular_total_left	True	False
rs2431697	-0.2231435513142097	0.029296428709987537	0.00619027	0.0062902	0.431412	14267.0	50858.0	58.01486909043906	2.60144e-14	0.325059	ret_macular_total_left__sys_sle_bentham2015	sys_sle_bentham2015_to_ret_macular_total_left	sys_sle_bentham2015	ret_macular_total_left	True	False
rs35251378	-0.23572233352106983	0.03242655973320144	0.00872882	0.00691112	0.269384	14267.0	50222.0	52.844490301182496	3.6103e-13	0.206586	ret_macular_total_left__sys_sle_bentham2015	sys_sle_bentham2015_to_ret_macular_total_left	sys_sle_bentham2015	ret_macular_total_left	True	False
rs6679677	0.3364722366212129	0.046485380374858505	-0.0126643	0.0102718	0.0914513	14267.0	50858.0	52.392086214081615	4.54552e-13	0.217609	ret_macular_total_left__sys_sle_bentham2015	sys_sle_bentham2015_to_ret_macular_total_left	sys_sle_bentham2015	ret_macular_total_left	True	False
rs7768653	0.20701416938432612	0.0296890709490796	0.000137094	0.00641635	0.40159	14267.0	50455.0	48.619101611474605	3.10827e-12	0.982953	ret_macular_total_left__sys_sle_bentham2015	sys_sle_bentham2015_to_ret_macular_total_left	sys_sle_bentham2015	ret_macular_total_left	True	False
rs6671847	0.19885085874516517	0.02896508081722554	-0.00428962	0.00629243	0.487078	14267.0	50166.0	47.13086955850739	6.64016e-12	0.495422	ret_macular_total_left__sys_sle_bentham2015	sys_sle_bentham2015_to_ret_macular_total_left	sys_sle_bentham2015	ret_macular_total_left	True	False
rs4916215	-0.2231435513142097	0.03396932281463995	-0.00530864	0.00701912	0.25447299999999995	14267.0	50729.0	43.15140121458759	5.06636e-11	0.449463	ret_macular_total_left__sys_sle_bentham2015	sys_sle_bentham2015_to_ret_macular_total_left	sys_sle_bentham2015	ret_macular_total_left	True	False
rs7097397	-0.18632957819149348	0.028711836349021032	0.0132366	0.00646462	0.395626	14267.0	50858.0	42.115470974195595	8.60398e-11	0.0406046	ret_macular_total_left__sys_sle_bentham2015	sys_sle_bentham2015_to_ret_macular_total_left	sys_sle_bentham2015	ret_macular_total_left	True	False
rs4661543	-0.2744368457017603	0.04237545624860243	-0.0106439	0.00944428	0.12723700000000004	14267.0	50517.0	41.94266905156497	9.39891e-11	0.259734	ret_macular_total_left__sys_sle_bentham2015	sys_sle_bentham2015_to_ret_macular_total_left	sys_sle_bentham2015	ret_macular_total_left	True	False
rs13136219	-0.1743533871447778	0.027786960712837545	-0.00139176	0.006444	0.379722	14267.0	50416.0	39.37120286398545	3.50427e-10	0.829005	ret_macular_total_left__sys_sle_bentham2015	sys_sle_bentham2015_to_ret_macular_total_left	sys_sle_bentham2015	ret_macular_total_left	True	False
rs10200680	-0.2484613592984996	0.042483496013878894	-0.0102027	0.0087839	0.144135	14267.0	50594.0	34.20402518048219	4.96262e-09	0.245428	ret_macular_total_left__sys_sle_bentham2015	sys_sle_bentham2015_to_ret_macular_total_left	sys_sle_bentham2015	ret_macular_total_left	True	False
rs73050535	-0.7133498878774648	0.1241341633444946	0.023097	0.0206541	0.0298211	14267.0	50770.0	33.0234582980788	9.10536e-09	0.26345	ret_macular_total_left__sys_sle_bentham2015	sys_sle_bentham2015_to_ret_macular_total_left	sys_sle_bentham2015	ret_macular_total_left	True	False
rs143123127	0.47000362924573563	0.08403420051666054	0.0257457	0.0173128	0.0308151	14267.0	50771.0	31.281695024459218	2.23174e-08	0.136991	ret_macular_total_left__sys_sle_bentham2015	sys_sle_bentham2015_to_ret_macular_total_left	sys_sle_bentham2015	ret_macular_total_left	True	False
rs7899626	0.1823215567939546	0.03325318638695583	0.0035606	0.00696208	0.362823	14267.0	48892.0	30.061421140607337	4.18576e-08	0.609052	ret_macular_total_left__sys_sle_bentham2015	sys_sle_bentham2015_to_ret_macular_total_left	sys_sle_bentham2015	ret_macular_total_left	True	False
rs73068668	-0.31471074483970024	0.057490346033111685	-0.00499214	0.0119863	0.0954274	14267.0	50191.0	29.966311957600823	4.39618e-08	0.677053	ret_macular_total_left__sys_sle_bentham2015	sys_sle_bentham2015_to_ret_macular_total_left	sys_sle_bentham2015	ret_macular_total_left	True	False
rs143810596	-0.616186139423817	0.11257379615769905	-0.00301272	0.020349	0.0258449	14267.0	50823.0	29.960511751951863	4.40935e-08	0.882302	ret_macular_total_left__sys_sle_bentham2015	sys_sle_bentham2015_to_ret_macular_total_left	sys_sle_bentham2015	ret_macular_total_left	True	False
rs3138142	0.147326	0.00729994	0.0178	0.0164	0.240032	50510.0	59957.0	407.30544331210444	1.41392e-90	0.278	ret_macular_total_left__sys_ibd_delange2017	ret_macular_total_left_to_sys_ibd_delange2017	ret_macular_total_left	sys_ibd_delange2017	False	True
rs17421627	0.234746	0.0119232	-0.0101	0.0238	0.0732333	50858.0	59957.0	387.62407578231404	2.71998e-86	0.6708	ret_macular_total_left__sys_ibd_delange2017	ret_macular_total_left_to_sys_ibd_delange2017	ret_macular_total_left	sys_ibd_delange2017	False	True
rs17279437	-0.106972	0.01004	-0.0571	0.0207	0.106571	50858.0	59957.0	113.52011063316455	1.65964e-26	0.005681	ret_macular_total_left__sys_ibd_delange2017	ret_macular_total_left_to_sys_ibd_delange2017	ret_macular_total_left	sys_ibd_delange2017	False	True
rs6968945	-0.0593228	0.0063785	-0.0198	0.0125	0.406675	50185.0	59957.0	86.49801931263207	1.39884e-20	0.1136	ret_macular_total_left__sys_ibd_delange2017	ret_macular_total_left_to_sys_ibd_delange2017	ret_macular_total_left	sys_ibd_delange2017	False	True
rs4839276	-0.0629906	0.00741577	0.0106	0.0148	0.228484	50520.0	59957.0	72.15044048303034	1.99406e-17	0.4735	ret_macular_total_left__sys_ibd_delange2017	ret_macular_total_left_to_sys_ibd_delange2017	ret_macular_total_left	sys_ibd_delange2017	False	True
rs2963490	0.0506943	0.00629913	0.003	0.0125	0.491223	49560.0	59957.0	64.76749772682193	8.42809e-16	0.8108	ret_macular_total_left__sys_ibd_delange2017	ret_macular_total_left_to_sys_ibd_delange2017	ret_macular_total_left	sys_ibd_delange2017	False	True
rs4838417	0.0526621	0.00654428	0.036	0.0131	0.352993	50120.0	59957.0	64.75489473820815	8.48113e-16	0.005991	ret_macular_total_left__sys_ibd_delange2017	ret_macular_total_left_to_sys_ibd_delange2017	ret_macular_total_left	sys_ibd_delange2017	False	True
rs7752728	-0.0605811	0.00762168	0.0099	0.0151	0.210686	50618.0	59957.0	63.17902042900099	1.88734e-15	0.5109	ret_macular_total_left__sys_ibd_delange2017	ret_macular_total_left_to_sys_ibd_delange2017	ret_macular_total_left	sys_ibd_delange2017	False	True
rs7298676	-0.0629592	0.00795185	0.001	0.0159	0.188884	50772.0	59957.0	62.68765780842621	2.42232e-15	0.9508	ret_macular_total_left__sys_ibd_delange2017	ret_macular_total_left_to_sys_ibd_delange2017	ret_macular_total_left	sys_ibd_delange2017	False	True
rs887595	-0.0642303	0.00818198	-0.0083	0.0159	0.177994	50468.0	59957.0	61.625871467211915	4.15307e-15	0.6003	ret_macular_total_left__sys_ibd_delange2017	ret_macular_total_left_to_sys_ibd_delange2017	ret_macular_total_left	sys_ibd_delange2017	False	True
rs556217	-0.0478318	0.00623948	0.0231	0.0124	0.4868	50644.0	59957.0	58.767424094569066	1.77467e-14	0.06315	ret_macular_total_left__sys_ibd_delange2017	ret_macular_total_left_to_sys_ibd_delange2017	ret_macular_total_left	sys_ibd_delange2017	False	True
rs11662407	0.0516911	0.00677482	0.036	0.0137	0.303135	50809.0	59957.0	58.215150753971606	2.34972e-14	0.00832	ret_macular_total_left__sys_ibd_delange2017	ret_macular_total_left_to_sys_ibd_delange2017	ret_macular_total_left	sys_ibd_delange2017	False	True
rs3769393	-0.0642666	0.00854602	0.0077	0.0165	0.160506	50372.0	59957.0	56.55133203816741	5.47518e-14	0.6415	ret_macular_total_left__sys_ibd_delange2017	ret_macular_total_left_to_sys_ibd_delange2017	ret_macular_total_left	sys_ibd_delange2017	False	True
rs4635359	0.053219	0.0071057	-0.0204	0.0141	0.261878	50514.0	59957.0	56.09442285075701	6.90741e-14	0.1479	ret_macular_total_left__sys_ibd_delange2017	ret_macular_total_left_to_sys_ibd_delange2017	ret_macular_total_left	sys_ibd_delange2017	False	True
rs12891131	-0.0461104	0.00626643	0.0223	0.0124	0.462998	50849.0	59957.0	54.14487980380491	1.86232e-13	0.07194	ret_macular_total_left__sys_ibd_delange2017	ret_macular_total_left_to_sys_ibd_delange2017	ret_macular_total_left	sys_ibd_delange2017	False	True
rs1470108	0.0485551	0.00663307	-0.0356	0.0132	0.333762	50175.0	59957.0	53.58466806338491	2.47689e-13	0.007163	ret_macular_total_left__sys_ibd_delange2017	ret_macular_total_left_to_sys_ibd_delange2017	ret_macular_total_left	sys_ibd_delange2017	False	True
rs7553418	-0.0478131	0.00653301	-0.0199	0.013	0.354193	50591.0	59957.0	53.56327942583611	2.50391e-13	0.1261	ret_macular_total_left__sys_ibd_delange2017	ret_macular_total_left_to_sys_ibd_delange2017	ret_macular_total_left	sys_ibd_delange2017	False	True
rs13263941	0.0504934	0.00718055	0.0385	0.0182	0.255526	50486.0	59957.0	49.448578218105055	2.03636e-12	0.03406	ret_macular_total_left__sys_ibd_delange2017	ret_macular_total_left_to_sys_ibd_delange2017	ret_macular_total_left	sys_ibd_delange2017	False	True
rs75159625	0.047295	0.00674659	0.0022	0.0157	0.313518	50442.0	59957.0	49.14301788506804	2.37964e-12	0.8888	ret_macular_total_left__sys_ibd_delange2017	ret_macular_total_left_to_sys_ibd_delange2017	ret_macular_total_left	sys_ibd_delange2017	False	True
rs2237468	0.0528346	0.00756269	-0.0279	0.0146	0.221265	50139.0	59957.0	48.807240084114326	2.82398e-12	0.05683	ret_macular_total_left__sys_ibd_delange2017	ret_macular_total_left_to_sys_ibd_delange2017	ret_macular_total_left	sys_ibd_delange2017	False	True
rs10872647	0.045053	0.00663513	-0.0143	0.0131	0.33718	50737.0	59957.0	46.105056419378535	1.12078e-11	0.2767	ret_macular_total_left__sys_ibd_delange2017	ret_macular_total_left_to_sys_ibd_delange2017	ret_macular_total_left	sys_ibd_delange2017	False	True
rs12193446	0.0694931	0.0105895	-0.0144	0.022	0.095452	50858.0	59957.0	43.06579428099974	5.29238e-11	0.5136	ret_macular_total_left__sys_ibd_delange2017	ret_macular_total_left_to_sys_ibd_delange2017	ret_macular_total_left	sys_ibd_delange2017	False	True
rs9508027	-0.0440412	0.00680991	-0.0138	0.0135	0.296856	50634.0	59957.0	41.82496083409792	9.9824e-11	0.305	ret_macular_total_left__sys_ibd_delange2017	ret_macular_total_left_to_sys_ibd_delange2017	ret_macular_total_left	sys_ibd_delange2017	False	True
rs12409048	-0.0443529	0.00712953	-0.0066	0.014	0.254827	50858.0	59957.0	38.7010048160967	4.93949e-10	0.639	ret_macular_total_left__sys_ibd_delange2017	ret_macular_total_left_to_sys_ibd_delange2017	ret_macular_total_left	sys_ibd_delange2017	False	True
rs9379066	-0.0400963	0.00648409	-0.0088	0.0135	0.364698	50768.0	59957.0	38.2393524140872	6.25795e-10	0.5143	ret_macular_total_left__sys_ibd_delange2017	ret_macular_total_left_to_sys_ibd_delange2017	ret_macular_total_left	sys_ibd_delange2017	False	True
rs1575676	-0.0398622	0.00645447	-0.0081	0.0129	0.368129	50705.0	59957.0	38.14181492118046	6.5783e-10	0.5306	ret_macular_total_left__sys_ibd_delange2017	ret_macular_total_left_to_sys_ibd_delange2017	ret_macular_total_left	sys_ibd_delange2017	False	True
rs4936637	0.0458586	0.00750021	0.0069	0.015	0.223171	50515.0	59957.0	37.38477209385309	9.69812e-10	0.6439	ret_macular_total_left__sys_ibd_delange2017	ret_macular_total_left_to_sys_ibd_delange2017	ret_macular_total_left	sys_ibd_delange2017	False	True
rs11913168	-0.060801	0.00995049	0.0621	0.0205	0.109314	50858.0	59957.0	37.33640589623126	9.94133e-10	0.002501	ret_macular_total_left__sys_ibd_delange2017	ret_macular_total_left_to_sys_ibd_delange2017	ret_macular_total_left	sys_ibd_delange2017	False	True
rs10023264	0.0408162	0.00671096	0.0149	0.0133	0.334289	48853.0	59957.0	36.990980078548255	1.18672e-09	0.2634	ret_macular_total_left__sys_ibd_delange2017	ret_macular_total_left_to_sys_ibd_delange2017	ret_macular_total_left	sys_ibd_delange2017	False	True
rs11662962	0.0563043	0.00933209	-0.0005	0.0183	0.127741	50704.0	59957.0	36.40200373787415	1.60537e-09	0.9784	ret_macular_total_left__sys_ibd_delange2017	ret_macular_total_left_to_sys_ibd_delange2017	ret_macular_total_left	sys_ibd_delange2017	False	True
rs11606813	-0.09262	0.0153984	0.0158	0.0304	0.0428229	50452.0	59957.0	36.17915000798519	1.79992e-09	0.604	ret_macular_total_left__sys_ibd_delange2017	ret_macular_total_left_to_sys_ibd_delange2017	ret_macular_total_left	sys_ibd_delange2017	False	True
rs4803297	-0.0375968	0.00631172	0.0022	0.0125	0.431156	50280.0	59957.0	35.48185487618818	2.5743e-09	0.8595	ret_macular_total_left__sys_ibd_delange2017	ret_macular_total_left_to_sys_ibd_delange2017	ret_macular_total_left	sys_ibd_delange2017	False	True
rs12217769	0.0430402	0.00732565	-0.0037	0.0146	0.235194	50858.0	59957.0	34.51884300617619	4.2213e-09	0.7981	ret_macular_total_left__sys_ibd_delange2017	ret_macular_total_left_to_sys_ibd_delange2017	ret_macular_total_left	sys_ibd_delange2017	False	True
rs1532547	-0.0387344	0.00660178	0.0066	0.0129	0.353991	49764.0	59957.0	34.42481149948199	4.43049e-09	0.6109	ret_macular_total_left__sys_ibd_delange2017	ret_macular_total_left_to_sys_ibd_delange2017	ret_macular_total_left	sys_ibd_delange2017	False	True
rs6433705	0.037601	0.00643708	-0.0189	0.0127	0.38677	50680.0	59957.0	34.120939222710696	5.17912e-09	0.1361	ret_macular_total_left__sys_ibd_delange2017	ret_macular_total_left_to_sys_ibd_delange2017	ret_macular_total_left	sys_ibd_delange2017	False	True
rs11854063	0.0383449	0.00656779	-0.0239	0.013	0.336812	50647.0	59957.0	34.086052047616114	5.27291e-09	0.06687	ret_macular_total_left__sys_ibd_delange2017	ret_macular_total_left_to_sys_ibd_delange2017	ret_macular_total_left	sys_ibd_delange2017	False	True
rs80256218	-0.0677778	0.0117412	-0.0037	0.0232	0.0764888	50831.0	59957.0	33.32345047953763	7.80381e-09	0.8724	ret_macular_total_left__sys_ibd_delange2017	ret_macular_total_left_to_sys_ibd_delange2017	ret_macular_total_left	sys_ibd_delange2017	False	True
rs2154328	0.0374572	0.00656735	0.0027	0.0128	0.358675	50030.0	59957.0	32.53046680936516	1.17344e-08	0.8342	ret_macular_total_left__sys_ibd_delange2017	ret_macular_total_left_to_sys_ibd_delange2017	ret_macular_total_left	sys_ibd_delange2017	False	True
rs10474678	0.0358988	0.00631968	0.0054	0.0127	0.464715	49695.0	59957.0	32.26782454315431	1.34317e-08	0.6693	ret_macular_total_left__sys_ibd_delange2017	ret_macular_total_left_to_sys_ibd_delange2017	ret_macular_total_left	sys_ibd_delange2017	False	True
rs7597716	0.0397591	0.00700369	0.0101	0.0138	0.274152	50554.0	59957.0	32.22695407259551	1.37174e-08	0.4643	ret_macular_total_left__sys_ibd_delange2017	ret_macular_total_left_to_sys_ibd_delange2017	ret_macular_total_left	sys_ibd_delange2017	False	True
rs705773	0.0358494	0.00632354	0.0177	0.0127	0.473836	49152.0	59957.0	32.13980538777978	1.43462e-08	0.1632	ret_macular_total_left__sys_ibd_delange2017	ret_macular_total_left_to_sys_ibd_delange2017	ret_macular_total_left	sys_ibd_delange2017	False	True
rs6818978	0.0412281	0.0073299	-0.0178	0.015	0.239544	50066.0	59957.0	31.636653805086482	1.85898e-08	0.2359	ret_macular_total_left__sys_ibd_delange2017	ret_macular_total_left_to_sys_ibd_delange2017	ret_macular_total_left	sys_ibd_delange2017	False	True
rs7589104	-0.0691647	0.0123293	-0.0097	0.0248	0.0688516	50420.0	59957.0	31.469667543940698	2.02592e-08	0.6952	ret_macular_total_left__sys_ibd_delange2017	ret_macular_total_left_to_sys_ibd_delange2017	ret_macular_total_left	sys_ibd_delange2017	False	True
rs28855509	0.0413163	0.00753025	0.0258	0.0154	0.219056	50688.0	59957.0	30.103989571378314	4.09493e-08	0.09365	ret_macular_total_left__sys_ibd_delange2017	ret_macular_total_left_to_sys_ibd_delange2017	ret_macular_total_left	sys_ibd_delange2017	False	True
rs11581607	0.6578	0.0294	-0.00257905	0.0125324	NA	59957.0	50849.0	500.6025730019901	4.59e-111	0.836955	ret_macular_total_left__sys_ibd_delange2017	sys_ibd_delange2017_to_ret_macular_total_left	sys_ibd_delange2017	ret_macular_total_left	True	False
rs145568234	0.86	0.0476	0.0278632	0.0337798	NA	59957.0	48788.0	326.42468752206764	4.731e-73	0.409457	ret_macular_total_left__sys_ibd_delange2017	sys_ibd_delange2017_to_ret_macular_total_left	sys_ibd_delange2017	ret_macular_total_left	True	False
rs749910	-0.1961	0.0138	-6.27308e-05	0.00713825	NA	59957.0	50847.0	201.9282188615837	7.828e-46	0.992988	ret_macular_total_left__sys_ibd_delange2017	sys_ibd_delange2017_to_ret_macular_total_left	sys_ibd_delange2017	ret_macular_total_left	True	False
rs1445004	-0.1689	0.0127	-0.00425696	0.00637317	NA	59957.0	50858.0	176.86905573811146	3.484e-40	0.504165	ret_macular_total_left__sys_ibd_delange2017	sys_ibd_delange2017_to_ret_macular_total_left	sys_ibd_delange2017	ret_macular_total_left	True	False
rs755374	-0.1767	0.0134	0.003272	0.00683407	NA	59957.0	47847.0	173.88555357540653	1.586e-39	0.632097	ret_macular_total_left__sys_ibd_delange2017	sys_ibd_delange2017_to_ret_macular_total_left	sys_ibd_delange2017	ret_macular_total_left	True	False
rs3829110	0.1574	0.0125	-0.00156003	0.00629407	NA	59957.0	50855.0	158.55846400000001	3.52e-36	0.804245	ret_macular_total_left__sys_ibd_delange2017	sys_ibd_delange2017_to_ret_macular_total_left	sys_ibd_delange2017	ret_macular_total_left	True	False
rs1131095	0.1635	0.0131	-0.0115419	0.00683636	NA	59957.0	50854.0	155.77326496124934	1.219e-35	0.0913529	ret_macular_total_left__sys_ibd_delange2017	sys_ibd_delange2017_to_ret_macular_total_left	sys_ibd_delange2017	ret_macular_total_left	True	False
rs6584282	-0.152	0.0124	-0.00104248	0.00622383	NA	59957.0	50824.0	150.2601456815817	1.194e-34	0.866978	ret_macular_total_left__sys_ibd_delange2017	sys_ibd_delange2017_to_ret_macular_total_left	sys_ibd_delange2017	ret_macular_total_left	True	False
rs11236797	-0.1488	0.0125	0.00386532	0.00625455	NA	59957.0	50734.0	141.70521599999995	7.188e-33	0.536575	ret_macular_total_left__sys_ibd_delange2017	sys_ibd_delange2017_to_ret_macular_total_left	sys_ibd_delange2017	ret_macular_total_left	True	False
rs1297264	-0.1462	0.0126	-0.00516781	0.00626859	NA	59957.0	50584.0	134.6336608717561	3.98e-31	0.409714	ret_macular_total_left__sys_ibd_delange2017	sys_ibd_delange2017_to_ret_macular_total_left	sys_ibd_delange2017	ret_macular_total_left	True	False
rs3024493	-0.1911	0.0165	0.0121853	0.00863291	NA	59957.0	50858.0	134.13851239669418	4.041e-31	0.158099	ret_macular_total_left__sys_ibd_delange2017	sys_ibd_delange2017_to_ret_macular_total_left	sys_ibd_delange2017	ret_macular_total_left	True	False
rs2836881	0.1643	0.0146	0.000841773	0.00702164	NA	59957.0	50559.0	126.63956652279977	1.959e-29	0.904576	ret_macular_total_left__sys_ibd_delange2017	sys_ibd_delange2017_to_ret_macular_total_left	sys_ibd_delange2017	ret_macular_total_left	True	False
rs3792111	-0.1391	0.0124	0.00654042	0.00623826	NA	59957.0	50851.0	125.83773413111345	5.122e-29	0.294438	ret_macular_total_left__sys_ibd_delange2017	sys_ibd_delange2017_to_ret_macular_total_left	sys_ibd_delange2017	ret_macular_total_left	True	False
rs6457681	0.1687	0.0153	0.0105595	0.00732755	NA	59957.0	50844.0	121.5758468964928	3.75e-28	0.149567	ret_macular_total_left__sys_ibd_delange2017	sys_ibd_delange2017_to_ret_macular_total_left	sys_ibd_delange2017	ret_macular_total_left	True	False
rs10114470	0.1475	0.0137	-0.00304769	0.00668365	NA	59957.0	50727.0	115.91587191645796	4.098e-27	0.648396	ret_macular_total_left__sys_ibd_delange2017	sys_ibd_delange2017_to_ret_macular_total_left	sys_ibd_delange2017	ret_macular_total_left	True	False
rs6062496	-0.137	0.0129	-0.0101595	0.00626188	NA	59957.0	50454.0	112.78769304729285	2.826e-26	0.104711	ret_macular_total_left__sys_ibd_delange2017	sys_ibd_delange2017_to_ret_macular_total_left	sys_ibd_delange2017	ret_macular_total_left	True	False
rs2838517	-0.128	0.0125	0.00215503	0.00639122	NA	59957.0	50809.0	104.8576	1.835e-24	0.735977	ret_macular_total_left__sys_ibd_delange2017	sys_ibd_delange2017_to_ret_macular_total_left	sys_ibd_delange2017	ret_macular_total_left	True	False
rs2413583	0.1732	0.0171	-0.0109156	0.00841942	NA	59957.0	50858.0	102.589651516706	4.595e-24	0.194812	ret_macular_total_left__sys_ibd_delange2017	sys_ibd_delange2017_to_ret_macular_total_left	sys_ibd_delange2017	ret_macular_total_left	True	False
rs56062135	-0.1382	0.0145	0.0112676	0.00731332	0.214712	59957.0	50746.0	90.84061831153386	1.371e-21	0.12339	ret_macular_total_left__sys_ibd_delange2017	sys_ibd_delange2017_to_ret_macular_total_left	sys_ibd_delange2017	ret_macular_total_left	True	False
rs10800309	-0.123	0.0133	-0.00552629	0.00668286	NA	59957.0	50858.0	85.52772909717905	1.942e-20	0.408274	ret_macular_total_left__sys_ibd_delange2017	sys_ibd_delange2017_to_ret_macular_total_left	sys_ibd_delange2017	ret_macular_total_left	True	False
rs6674040	0.1129	0.0124	-0.00677796	0.00623711	NA	59957.0	50538.0	82.89808792924039	6.307e-20	0.277163	ret_macular_total_left__sys_ibd_delange2017	sys_ibd_delange2017_to_ret_macular_total_left	sys_ibd_delange2017	ret_macular_total_left	True	False
rs35171809	0.1088	0.0123	0.0101082	0.00624651	NA	59957.0	50850.0	78.24337365324872	1.156e-18	0.105615	ret_macular_total_left__sys_ibd_delange2017	sys_ibd_delange2017_to_ret_macular_total_left	sys_ibd_delange2017	ret_macular_total_left	True	False
rs744166	-0.1109	0.0126	-7.69629e-05	0.00628167	NA	59957.0	50615.0	77.46793902746285	1.34e-18	0.990225	ret_macular_total_left__sys_ibd_delange2017	sys_ibd_delange2017_to_ret_macular_total_left	sys_ibd_delange2017	ret_macular_total_left	True	False
rs6017342	0.1156	0.0135	0.00254622	0.00621584	NA	59957.0	50858.0	73.32433470507546	1.071e-17	0.682074	ret_macular_total_left__sys_ibd_delange2017	sys_ibd_delange2017_to_ret_macular_total_left	sys_ibd_delange2017	ret_macular_total_left	True	False
rs62126610	0.1407	0.0166	0.00532967	0.00849834	NA	59957.0	50201.0	71.84094208157933	2.6e-17	0.530566	ret_macular_total_left__sys_ibd_delange2017	sys_ibd_delange2017_to_ret_macular_total_left	sys_ibd_delange2017	ret_macular_total_left	True	False
rs4807569	0.1281	0.0152	-0.00779214	0.0077267	NA	59957.0	50603.0	71.02497403047091	4.239e-17	0.313229	ret_macular_total_left__sys_ibd_delange2017	sys_ibd_delange2017_to_ret_macular_total_left	sys_ibd_delange2017	ret_macular_total_left	True	False
rs80262450	-0.1581	0.019	0.00476541	0.00968809	NA	59957.0	50491.0	69.23991689750693	1.041e-16	0.622802	ret_macular_total_left__sys_ibd_delange2017	sys_ibd_delange2017_to_ret_macular_total_left	sys_ibd_delange2017	ret_macular_total_left	True	False
rs28374519	0.1105	0.0137	0.0047915	0.00657925	NA	59957.0	47127.0	65.05541051734241	6.547e-16	0.466446	ret_macular_total_left__sys_ibd_delange2017	sys_ibd_delange2017_to_ret_macular_total_left	sys_ibd_delange2017	ret_macular_total_left	True	False
rs5754100	0.1293	0.016	0.00983161	0.00796603	NA	59957.0	50628.0	65.30660156249998	7.14e-16	0.217131	ret_macular_total_left__sys_ibd_delange2017	sys_ibd_delange2017_to_ret_macular_total_left	sys_ibd_delange2017	ret_macular_total_left	True	False
rs143210366	0.2836	0.036	-0.0193123	0.0214484	NA	59957.0	48714.0	62.059382716049406	3.139e-15	0.367905	ret_macular_total_left__sys_ibd_delange2017	sys_ibd_delange2017_to_ret_macular_total_left	sys_ibd_delange2017	ret_macular_total_left	True	False
rs4676408	-0.1011	0.013	-0.00325952	0.00625346	NA	59957.0	50069.0	60.4805325443787	7.629e-15	0.602203	ret_macular_total_left__sys_ibd_delange2017	sys_ibd_delange2017_to_ret_macular_total_left	sys_ibd_delange2017	ret_macular_total_left	True	False
rs11152949	0.1019	0.0133	-0.0114807	0.00665604	NA	59957.0	50430.0	58.700944089547185	1.563e-14	0.0845543	ret_macular_total_left__sys_ibd_delange2017	sys_ibd_delange2017_to_ret_macular_total_left	sys_ibd_delange2017	ret_macular_total_left	True	False
rs4957256	0.1179	0.0155	0.010717	0.00767781	NA	59957.0	50834.0	57.858106139438085	3.367e-14	0.162762	ret_macular_total_left__sys_ibd_delange2017	sys_ibd_delange2017_to_ret_macular_total_left	sys_ibd_delange2017	ret_macular_total_left	True	False
rs3850378	0.1536	0.0207	0.00526023	0.0105458	NA	59957.0	50487.0	55.060701533291315	1.1e-13	0.617921	ret_macular_total_left__sys_ibd_delange2017	sys_ibd_delange2017_to_ret_macular_total_left	sys_ibd_delange2017	ret_macular_total_left	True	False
rs6740847	-0.0924	0.0125	0.00315553	0.00633117	NA	59957.0	50556.0	54.64166399999999	1.218e-13	0.618194	ret_macular_total_left__sys_ibd_delange2017	sys_ibd_delange2017_to_ret_macular_total_left	sys_ibd_delange2017	ret_macular_total_left	True	False
rs11677002	-0.0931	0.0126	-0.00937457	0.00629575	NA	59957.0	50075.0	54.595679012345684	1.371e-13	0.136479	ret_macular_total_left__sys_ibd_delange2017	sys_ibd_delange2017_to_ret_macular_total_left	sys_ibd_delange2017	ret_macular_total_left	True	False
rs2384352	0.0951	0.0131	0.000581464	0.00665413	NA	59957.0	50735.0	52.7009498280986	3.118e-13	0.930366	ret_macular_total_left__sys_ibd_delange2017	sys_ibd_delange2017_to_ret_macular_total_left	sys_ibd_delange2017	ret_macular_total_left	True	False
rs10826797	0.099	0.0136	-0.00756348	0.00677454	NA	59957.0	50168.0	52.989835640138416	3.986e-13	0.264227	ret_macular_total_left__sys_ibd_delange2017	sys_ibd_delange2017_to_ret_macular_total_left	sys_ibd_delange2017	ret_macular_total_left	True	False
rs55946629	-0.1298	0.018	0.00560719	0.00914838	NA	59957.0	49191.0	52.00012345679013	5.454e-13	0.539932	ret_macular_total_left__sys_ibd_delange2017	sys_ibd_delange2017_to_ret_macular_total_left	sys_ibd_delange2017	ret_macular_total_left	True	False
rs6873866	-0.0919	0.0128	0.00181457	0.00629735	NA	59957.0	50858.0	51.547912597656236	6.148e-13	0.773234	ret_macular_total_left__sys_ibd_delange2017	sys_ibd_delange2017_to_ret_macular_total_left	sys_ibd_delange2017	ret_macular_total_left	True	False
rs4072601	0.1264	0.0177	0.0069585	0.00885199	NA	59957.0	50549.0	50.99735069743689	8.433e-13	0.431812	ret_macular_total_left__sys_ibd_delange2017	sys_ibd_delange2017_to_ret_macular_total_left	sys_ibd_delange2017	ret_macular_total_left	True	False
rs1250573	0.098	0.0138	0.00617021	0.00665171	NA	59957.0	50458.0	50.43058181054401	1.107e-12	0.353609	ret_macular_total_left__sys_ibd_delange2017	sys_ibd_delange2017_to_ret_macular_total_left	sys_ibd_delange2017	ret_macular_total_left	True	False
rs11669299	0.1107	0.0157	0.00399139	0.00781585	NA	59957.0	50429.0	49.715972250395566	1.836e-12	0.609576	ret_macular_total_left__sys_ibd_delange2017	sys_ibd_delange2017_to_ret_macular_total_left	sys_ibd_delange2017	ret_macular_total_left	True	False
rs62324212	-0.0886	0.0127	0.0092674	0.00627626	NA	59957.0	50716.0	48.66984933969868	2.674e-12	0.139788	ret_macular_total_left__sys_ibd_delange2017	sys_ibd_delange2017_to_ret_macular_total_left	sys_ibd_delange2017	ret_macular_total_left	True	False
rs1558619	0.0843	0.0123	-0.011889	0.00624221	NA	59957.0	50789.0	46.972635336109455	8.897e-12	0.0568311	ret_macular_total_left__sys_ibd_delange2017	sys_ibd_delange2017_to_ret_macular_total_left	sys_ibd_delange2017	ret_macular_total_left	True	False
rs194746	-0.0833	0.0124	0.013867	0.00622933	NA	59957.0	50333.0	45.12805671175858	1.836e-11	0.0260084	ret_macular_total_left__sys_ibd_delange2017	sys_ibd_delange2017_to_ret_macular_total_left	sys_ibd_delange2017	ret_macular_total_left	True	False
rs3897234	0.0971	0.0145	0.0047437	0.00744259	NA	59957.0	50618.0	44.8438049940547	1.899e-11	0.523882	ret_macular_total_left__sys_ibd_delange2017	sys_ibd_delange2017_to_ret_macular_total_left	sys_ibd_delange2017	ret_macular_total_left	True	False
rs34140409	0.1583	0.0237	0.00937454	0.0112453	NA	59957.0	50857.0	44.61338104648472	2.284e-11	0.404483	ret_macular_total_left__sys_ibd_delange2017	sys_ibd_delange2017_to_ret_macular_total_left	sys_ibd_delange2017	ret_macular_total_left	True	False
rs16940202	0.113	0.0169	0.000592827	0.00846562	NA	59957.0	50858.0	44.70781835369911	2.505e-11	0.944172	ret_macular_total_left__sys_ibd_delange2017	sys_ibd_delange2017_to_ret_macular_total_left	sys_ibd_delange2017	ret_macular_total_left	True	False
rs1336900	0.0848	0.0128	-0.00246889	0.00639091	NA	59957.0	50858.0	43.890625	2.984e-11	0.699265	ret_macular_total_left__sys_ibd_delange2017	sys_ibd_delange2017_to_ret_macular_total_left	sys_ibd_delange2017	ret_macular_total_left	True	False
rs1456896	-0.0879	0.0133	-0.00377426	0.00659809	NA	59957.0	50858.0	43.67917915088474	4.504e-11	0.567306	ret_macular_total_left__sys_ibd_delange2017	sys_ibd_delange2017_to_ret_macular_total_left	sys_ibd_delange2017	ret_macular_total_left	True	False
rs76286777	0.0996	0.0151	-0.00646492	0.00760113	NA	59957.0	50657.0	43.50756545765535	4.655e-11	0.395036	ret_macular_total_left__sys_ibd_delange2017	sys_ibd_delange2017_to_ret_macular_total_left	sys_ibd_delange2017	ret_macular_total_left	True	False
rs11548656	-0.2374	0.0362	-0.00785715	0.01672	NA	59957.0	50858.0	43.00750892829888	5.184e-11	0.638409	ret_macular_total_left__sys_ibd_delange2017	sys_ibd_delange2017_to_ret_macular_total_left	sys_ibd_delange2017	ret_macular_total_left	True	False
rs7543680	0.1001	0.0153	-0.00781978	0.00764503	NA	59957.0	50549.0	42.804092443077444	5.508e-11	0.306375	ret_macular_total_left__sys_ibd_delange2017	sys_ibd_delange2017_to_ret_macular_total_left	sys_ibd_delange2017	ret_macular_total_left	True	False
rs2529269	0.1042	0.0163	-0.00423022	0.00711469	NA	59957.0	48018.0	40.86582106966766	1.697e-10	0.552127	ret_macular_total_left__sys_ibd_delange2017	sys_ibd_delange2017_to_ret_macular_total_left	sys_ibd_delange2017	ret_macular_total_left	True	False
rs3820330	0.0892	0.014	-0.00465458	0.00677167	NA	59957.0	50624.0	40.59510204081632	1.722e-10	0.491855	ret_macular_total_left__sys_ibd_delange2017	sys_ibd_delange2017_to_ret_macular_total_left	sys_ibd_delange2017	ret_macular_total_left	True	False
rs56235845	0.0877	0.0138	0.00627001	0.00668978	NA	59957.0	49813.0	40.38694601974375	1.771e-10	0.348629	ret_macular_total_left__sys_ibd_delange2017	sys_ibd_delange2017_to_ret_macular_total_left	sys_ibd_delange2017	ret_macular_total_left	True	False
rs10041497	0.0819	0.0129	0.00223289	0.00639576	NA	59957.0	50855.0	40.307733910221735	1.946e-10	0.726999	ret_macular_total_left__sys_ibd_delange2017	sys_ibd_delange2017_to_ret_macular_total_left	sys_ibd_delange2017	ret_macular_total_left	True	False
rs62408218	0.0818	0.0129	0.00501552	0.0064872	NA	59957.0	50678.0	40.20936241812391	2.402e-10	0.439439	ret_macular_total_left__sys_ibd_delange2017	sys_ibd_delange2017_to_ret_macular_total_left	sys_ibd_delange2017	ret_macular_total_left	True	False
rs243505	-0.0805	0.0128	-0.0126627	0.00642251	NA	59957.0	50657.0	39.55230712890625	3.038e-10	0.0486543	ret_macular_total_left__sys_ibd_delange2017	sys_ibd_delange2017_to_ret_macular_total_left	sys_ibd_delange2017	ret_macular_total_left	True	False
rs4276914	-0.0783	0.0125	0.00846353	0.00622843	NA	59957.0	50851.0	39.23769599999999	3.154e-10	0.174193	ret_macular_total_left__sys_ibd_delange2017	sys_ibd_delange2017_to_ret_macular_total_left	sys_ibd_delange2017	ret_macular_total_left	True	False
rs11209013	0.0773	0.0124	0.000757533	0.00623982	NA	59957.0	50776.0	38.86114724245577	4.46e-10	0.903372	ret_macular_total_left__sys_ibd_delange2017	sys_ibd_delange2017_to_ret_macular_total_left	sys_ibd_delange2017	ret_macular_total_left	True	False
rs62183956	0.078	0.0125	0.00343281	0.00621412	NA	59957.0	50687.0	38.93759999999999	4.489e-10	0.58066	ret_macular_total_left__sys_ibd_delange2017	sys_ibd_delange2017_to_ret_macular_total_left	sys_ibd_delange2017	ret_macular_total_left	True	False
rs2301127	-0.0783	0.0126	0.00578428	0.0062979	NA	59957.0	49964.0	38.6173469387755	4.961e-10	0.358386	ret_macular_total_left__sys_ibd_delange2017	sys_ibd_delange2017_to_ret_macular_total_left	sys_ibd_delange2017	ret_macular_total_left	True	False
rs56116661	0.1	0.0163	0.0113312	0.00784024	NA	59957.0	50036.0	37.63784862057286	9.271e-10	0.148385	ret_macular_total_left__sys_ibd_delange2017	sys_ibd_delange2017_to_ret_macular_total_left	sys_ibd_delange2017	ret_macular_total_left	True	False
rs12136659	0.087	0.0142	0.00822427	0.0072401	NA	59957.0	48968.0	37.53719500099186	1.02e-09	0.255984	ret_macular_total_left__sys_ibd_delange2017	sys_ibd_delange2017_to_ret_macular_total_left	sys_ibd_delange2017	ret_macular_total_left	True	False
rs140933577	-0.1857	0.0305	0.0215228	0.0163743	NA	59957.0	49038.0	37.070131685030915	1.13e-09	0.188703	ret_macular_total_left__sys_ibd_delange2017	sys_ibd_delange2017_to_ret_macular_total_left	sys_ibd_delange2017	ret_macular_total_left	True	False
rs111456533	0.1031	0.017	0.00928629	0.00845145	NA	59957.0	50709.0	36.780657439446365	1.179e-09	0.271863	ret_macular_total_left__sys_ibd_delange2017	sys_ibd_delange2017_to_ret_macular_total_left	sys_ibd_delange2017	ret_macular_total_left	True	False
rs7256518	0.1665	0.0276	-0.0225024	0.0136253	NA	59957.0	49864.0	36.392367674858235	1.632e-09	0.0986324	ret_macular_total_left__sys_ibd_delange2017	sys_ibd_delange2017_to_ret_macular_total_left	sys_ibd_delange2017	ret_macular_total_left	True	False
rs2593855	0.0832	0.014	0.0191488	0.00659129	NA	59957.0	50481.0	35.31755102040815	2.541e-09	0.00367061	ret_macular_total_left__sys_ibd_delange2017	sys_ibd_delange2017_to_ret_macular_total_left	sys_ibd_delange2017	ret_macular_total_left	True	False
rs11195128	-0.0792	0.0133	0.0118661	0.00658591	NA	59957.0	50204.0	35.46068177963708	2.744e-09	0.0715855	ret_macular_total_left__sys_ibd_delange2017	sys_ibd_delange2017_to_ret_macular_total_left	sys_ibd_delange2017	ret_macular_total_left	True	False
rs7532133	0.0789	0.0134	0.0051359	0.00669254	NA	59957.0	50831.0	34.66924704834039	3.832e-09	0.442839	ret_macular_total_left__sys_ibd_delange2017	sys_ibd_delange2017_to_ret_macular_total_left	sys_ibd_delange2017	ret_macular_total_left	True	False
rs6933404	0.0863	0.0149	-0.00751934	0.00761597	NA	59957.0	49991.0	33.546642043151216	6.641e-09	0.32349	ret_macular_total_left__sys_ibd_delange2017	sys_ibd_delange2017_to_ret_macular_total_left	sys_ibd_delange2017	ret_macular_total_left	True	False
rs78771661	0.3848	0.0669	0.00733402	0.0224745	NA	59957.0	50858.0	33.08399078561357	8.949e-09	0.744178	ret_macular_total_left__sys_ibd_delange2017	sys_ibd_delange2017_to_ret_macular_total_left	sys_ibd_delange2017	ret_macular_total_left	True	False
rs212402	0.0743	0.013	0.0154701	0.00657456	NA	59957.0	49690.0	32.66562130177516	1.059e-08	0.0186214	ret_macular_total_left__sys_ibd_delange2017	sys_ibd_delange2017_to_ret_macular_total_left	sys_ibd_delange2017	ret_macular_total_left	True	False
rs4256018	0.0786	0.0138	0.00293512	0.00699124	NA	59957.0	50733.0	32.440453686200385	1.23e-08	0.674611	ret_macular_total_left__sys_ibd_delange2017	sys_ibd_delange2017_to_ret_macular_total_left	sys_ibd_delange2017	ret_macular_total_left	True	False
rs7918084	-0.071	0.0125	0.0106772	0.00628931	NA	59957.0	50317.0	32.262399999999985	1.383e-08	0.0895708	ret_macular_total_left__sys_ibd_delange2017	sys_ibd_delange2017_to_ret_macular_total_left	sys_ibd_delange2017	ret_macular_total_left	True	False
rs938650	0.1074	0.0189	0.0103735	0.00932117	NA	59957.0	50716.0	32.29125724363819	1.413e-08	0.265751	ret_macular_total_left__sys_ibd_delange2017	sys_ibd_delange2017_to_ret_macular_total_left	sys_ibd_delange2017	ret_macular_total_left	True	False
rs341295	-0.0702	0.0124	0.0112443	0.00635135	NA	59957.0	49049.0	32.050208116545264	1.451e-08	0.0766641	ret_macular_total_left__sys_ibd_delange2017	sys_ibd_delange2017_to_ret_macular_total_left	sys_ibd_delange2017	ret_macular_total_left	True	False
rs5763793	-0.0734	0.013	0.00264437	0.00650713	NA	59957.0	50698.0	31.879053254437874	1.467e-08	0.684463	ret_macular_total_left__sys_ibd_delange2017	sys_ibd_delange2017_to_ret_macular_total_left	sys_ibd_delange2017	ret_macular_total_left	True	False
rs62482552	0.0737	0.0131	-0.0050201	0.0065703	NA	59957.0	47249.0	31.651360643319155	1.971e-08	0.444831	ret_macular_total_left__sys_ibd_delange2017	sys_ibd_delange2017_to_ret_macular_total_left	sys_ibd_delange2017	ret_macular_total_left	True	False
rs7190426	-0.0872	0.0155	-0.00717598	0.00778289	NA	59957.0	50730.0	31.649698231009367	2.057e-08	0.356518	ret_macular_total_left__sys_ibd_delange2017	sys_ibd_delange2017_to_ret_macular_total_left	sys_ibd_delange2017	ret_macular_total_left	True	False
rs72852162	-0.1129	0.0202	0.00964786	0.0101876	NA	59957.0	49605.0	31.238138417802176	2.298e-08	0.343627	ret_macular_total_left__sys_ibd_delange2017	sys_ibd_delange2017_to_ret_macular_total_left	sys_ibd_delange2017	ret_macular_total_left	True	False
rs11221335	0.0827	0.0148	-0.00828326	0.00760687	NA	59957.0	50710.0	31.22393170197224	2.44e-08	0.27619	ret_macular_total_left__sys_ibd_delange2017	sys_ibd_delange2017_to_ret_macular_total_left	sys_ibd_delange2017	ret_macular_total_left	True	False
rs13422838	-0.1143	0.0205	-0.00281219	0.00999522	NA	59957.0	50638.0	31.0874241522903	2.557e-08	0.778439	ret_macular_total_left__sys_ibd_delange2017	sys_ibd_delange2017_to_ret_macular_total_left	sys_ibd_delange2017	ret_macular_total_left	True	False
rs503734	-0.0692	0.0124	-0.00500798	0.00625838	NA	59957.0	50382.0	31.143600416233095	2.674e-08	0.423592	ret_macular_total_left__sys_ibd_delange2017	sys_ibd_delange2017_to_ret_macular_total_left	sys_ibd_delange2017	ret_macular_total_left	True	False
rs112936798	-0.1844	0.0332	-0.00530362	0.0186548	NA	59957.0	50858.0	30.84932501088692	2.889e-08	0.776178	ret_macular_total_left__sys_ibd_delange2017	sys_ibd_delange2017_to_ret_macular_total_left	sys_ibd_delange2017	ret_macular_total_left	True	False
rs149169037	0.1338	0.0242	0.00546516	0.0109979	NA	59957.0	50174.0	30.56901850966464	3.261e-08	0.61924	ret_macular_total_left__sys_ibd_delange2017	sys_ibd_delange2017_to_ret_macular_total_left	sys_ibd_delange2017	ret_macular_total_left	True	False
rs11768365	-0.0837	0.0152	-0.00192921	0.00742545	NA	59957.0	50750.0	30.32241170360111	3.879e-08	0.79501	ret_macular_total_left__sys_ibd_delange2017	sys_ibd_delange2017_to_ret_macular_total_left	sys_ibd_delange2017	ret_macular_total_left	True	False
rs11734570	-0.0694	0.0127	-0.00229803	0.00642138	NA	59957.0	50069.0	29.86149172298345	4.801e-08	0.720439	ret_macular_total_left__sys_ibd_delange2017	sys_ibd_delange2017_to_ret_macular_total_left	sys_ibd_delange2017	ret_macular_total_left	True	False
