retinal_trait	retinal_domain	systemic_disease	direction	exposure	outcome	n_iv_initial	n_iv_matched	n_iv_final	mean_F	min_F	method	beta	se	ci_low	ci_high	OR	p	q_global_directional	q_direction_specific	heterogeneity_Q	heterogeneity_p	egger_intercept	egger_p	steiger_direction	steiger_p	variance_explained_exposure	variance_explained_outcome	presso_status	loo_status	weighted_median	weighted_mode	egger_beta	weighted_median_p	weighted_mode_p	harmonisation_initial_iv	harmonisation_matched_iv	harmonisation_final_iv	qc_flag	evidence_status	binary_exposure	binary_outcome	steiger_assumption	loo_beta_min	loo_beta_max	pair_key
ret_rnfl_left	neuroretina	sys_cad_nikpay2015	ret_rnfl_left_to_sys_cad_nikpay2015	ret_rnfl_left	sys_cad_nikpay2015	17	16	16	62.15014204048868	31.51634715346074	IVW_random_effects	-0.034449810420944776	0.07177811659937687	-0.1751323338338362	0.10623271299194664	0.9661368284703963	0.6312639041020067	0.9821744431820366	0.6312639041020067	27.44300213614619	0.02532745400325198	0.0037896011875245728	0.33381783607789806	True	7.593224813765062e-80	0.017671129206387134	0.001381046425761522	COMPUTED_NO_OUTLIER	COMPUTED	-0.0784925143882895	-0.14517102226994694	-0.054692969771558006	0.11979999843496775	0.004013612503455439	17	16	16	MISSING_OUTCOME_VARIANTS	NULL	False	True	binary traits use effective N=4/(1/cases+1/controls); r2 uses 2*p*(1-p)*beta^2; reference EAF fallback when source EAF missing	-0.07710802707140964	-0.0019500657029677358	ret_rnfl_left__sys_cad_nikpay2015
ret_rnfl_left	neuroretina	sys_cad_nikpay2015	sys_cad_nikpay2015_to_ret_rnfl_left	sys_cad_nikpay2015	ret_rnfl_left	41	32	30	60.60758220316102	29.88157247129896	IVW_random_effects	0.013049459151192133	0.01614000360001922	-0.01858436661519148	0.04468328491757575	NA	0.41879331390116536	0.9821744431820366	0.41879331390116536	33.23963620568244	0.26817905421182575	0.0005501264079912212	0.7488409560479008	True	0.0	0.09615666865992828	0.0007452109865117922	COMPUTED_NO_OUTLIER	COMPUTED	0.018802478559561762	-0.0020886008466048933	0.01307389922910991	0.18289430617262936	0.8823833702405899	41	32	30	MISSING_OUTCOME_VARIANTS;PALINDROMIC_REMOVALS	NULL	True	False	binary traits use effective N=4/(1/cases+1/controls); r2 uses 2*p*(1-p)*beta^2; reference EAF fallback when source EAF missing	0.0035919819282728693	0.02087951513584616	ret_rnfl_left__sys_cad_nikpay2015
ret_rnfl_left	neuroretina	sys_stroke_megastroke2018	ret_rnfl_left_to_sys_stroke_megastroke2018	ret_rnfl_left	sys_stroke_megastroke2018	17	16	16	62.15014204048868	31.51634715346074	IVW_random_effects	-0.02124724457285515	0.054543354648459295	-0.12815025527982776	0.08565576613411746	0.9789768879221348	0.6968709477492135	0.9821744431820366	0.6968709477492135	10.951918655452019	0.7559952703515248	0.00446191671773577	0.0679834997999221	True	8.713767388823352e-95	0.017671129206387134	0.000613638198790948	COMPUTED_NO_OUTLIER	COMPUTED	-0.04380029830308423	-0.04532289620508945	-0.01477432563692168	0.4219537050647577	0.40600088510943755	17	16	16	MISSING_OUTCOME_VARIANTS	NULL	False	True	binary traits use effective N=4/(1/cases+1/controls); r2 uses 2*p*(1-p)*beta^2; reference EAF fallback when source EAF missing	-0.05044956591500323	-0.003719570924689186	ret_rnfl_left__sys_stroke_megastroke2018
ret_rnfl_left	neuroretina	sys_stroke_megastroke2018	sys_stroke_megastroke2018_to_ret_rnfl_left	sys_stroke_megastroke2018	ret_rnfl_left	10	7	7	39.985710087874416	30.39364839319471	IVW_random_effects	0.044142336157337134	0.05713544387883574	-0.06784107608588733	0.1561257484005616	NA	0.439764405846892	0.9821744431820366	0.439764405846892	11.554662467734724	0.07267382431727676	0.019935342384381244	0.6139511774785869	True	1.3920657695637637e-73	0.012601395412303798	0.0002944224818638409	COMPUTED_NO_OUTLIER	COMPUTED	0.08465362776025237	0.03702569457222238	-0.22475537854945854	0.03911160659140236	0.3668885063641615	10	7	7	MISSING_OUTCOME_VARIANTS	NULL	True	False	binary traits use effective N=4/(1/cases+1/controls); r2 uses 2*p*(1-p)*beta^2; reference EAF fallback when source EAF missing	0.004821943947430054	0.07725915530918029	ret_rnfl_left__sys_stroke_megastroke2018
ret_rnfl_left	neuroretina	sys_t2d_scott2017	ret_rnfl_left_to_sys_t2d_scott2017	ret_rnfl_left	sys_t2d_scott2017	17	16	16	62.15014204048868	31.51634715346074	IVW_random_effects	0.008013808991418576	0.06438668554442249	-0.11818177575955177	0.1342093937423889	1.0080460055068021	0.9009480923704957	0.9821744431820366	0.9009480923704957	7.946821929665207	0.9258969585919749	-0.0014041130864202126	0.6055320535179883	True	3.1108926553238977e-85	0.017671129206387134	0.0006009544636607374	COMPUTED_NO_OUTLIER	COMPUTED	-0.02313229824009475	-0.020906518155221487	0.005851619395024795	0.7193920258858459	0.7454062377645362	17	16	16	MISSING_OUTCOME_VARIANTS	NULL	False	True	binary traits use effective N=4/(1/cases+1/controls); r2 uses 2*p*(1-p)*beta^2; reference EAF fallback when source EAF missing	-0.011236419901260137	0.03981223867120846	ret_rnfl_left__sys_t2d_scott2017
ret_rnfl_left	neuroretina	sys_t2d_scott2017	sys_t2d_scott2017_to_ret_rnfl_left	sys_t2d_scott2017	ret_rnfl_left	40	33	28	61.27339099856256	29.160000000000004	IVW_random_effects	0.014640711578729424	0.020450467964469716	-0.025441469098620266	0.05472289225607912	NA	0.4740464082228929	0.9821744431820366	0.4740464082228929	62.2657373317338	0.0001321073834807951	-0.001425374414130238	0.5240681959476028	NA	NA	NA	NA	COMPUTED_NO_OUTLIER	COMPUTED	-0.002313089655172414	-0.0026794681700285095	0.0064968439386457475	0.8501160708734112	0.826726377314315	40	33	28	MISSING_OUTCOME_VARIANTS;PALINDROMIC_REMOVALS	NULL	True	False	binary traits use effective N=4/(1/cases+1/controls); r2 uses 2*p*(1-p)*beta^2; reference EAF fallback when source EAF missing	0.0061788369924560705	0.023366468836412187	ret_rnfl_left__sys_t2d_scott2017
ret_rnfl_left	neuroretina	sys_ckd_wuttke2019	ret_rnfl_left_to_sys_ckd_wuttke2019	ret_rnfl_left	sys_ckd_wuttke2019	17	16	16	62.15014204048868	31.51634715346074	IVW_random_effects	-0.08379783970222071	0.0503609413595381	-0.1825034709944463	0.014907791590004868	0.9196171473809303	0.09612340865423587	0.9821744431820366	0.09612340865423587	14.385467681071699	0.4965180055556109	0.0020197892058991802	0.47966119031293575	True	5.5218408144967e-94	0.017671129206387134	0.0007746615069480557	COMPUTED_NO_OUTLIER	COMPUTED	-0.0303856911018266	-0.053552796461311725	-0.08271372896043627	0.5462703681201715	0.2876098511522508	17	16	16	MISSING_OUTCOME_VARIANTS	NULL	False	True	binary traits use effective N=4/(1/cases+1/controls); r2 uses 2*p*(1-p)*beta^2; reference EAF fallback when source EAF missing	-0.09897146759065435	-0.05901680397170395	ret_rnfl_left__sys_ckd_wuttke2019
ret_rnfl_left	neuroretina	sys_ckd_wuttke2019	sys_ckd_wuttke2019_to_ret_rnfl_left	sys_ckd_wuttke2019	ret_rnfl_left	23	17	16	60.757203317463535	29.56640625000001	IVW_random_effects	-0.007614584178735138	0.03328718509991557	-0.07285626812128618	0.05762709976381591	NA	0.8190599477569072	0.9821744431820366	0.8190599477569072	34.69833073278293	0.0027141131782257855	-0.004307621164721671	0.20049522964761468	True	0.0	0.05036925291400002	0.0007662930777758605	COMPUTED_NO_OUTLIER	COMPUTED	-0.02183491282968261	0.0010844460987582405	-0.031980220951355186	0.27644408836263046	0.956892724279825	23	17	16	MISSING_OUTCOME_VARIANTS;PALINDROMIC_REMOVALS	NULL	True	False	binary traits use effective N=4/(1/cases+1/controls); r2 uses 2*p*(1-p)*beta^2; reference EAF fallback when source EAF missing	-0.023292491852563227	0.007610908783840954	ret_rnfl_left__sys_ckd_wuttke2019
ret_rnfl_left	neuroretina	sys_ad_kunkle2019	ret_rnfl_left_to_sys_ad_kunkle2019	ret_rnfl_left	sys_ad_kunkle2019	17	16	16	62.15014204048868	31.51634715346074	IVW_random_effects	0.009573460079681276	0.07708770872185894	-0.14151567266587228	0.16066259282523482	1.0096194322357166	0.9011654813703511	0.9821744431820366	0.9011654813703511	8.357589911178483	0.9086477361119459	-0.0029650415264532957	0.36560493314625575	True	4.366148845445333e-65	0.017671129206387134	0.000885563640155142	COMPUTED_NO_OUTLIER	COMPUTED	0.12153428063660054	0.11605218493366198	0.003609235996927336	0.11489416655981137	0.13220677660781416	17	16	16	MISSING_OUTCOME_VARIANTS	NULL	False	True	binary traits use effective N=4/(1/cases+1/controls); r2 uses 2*p*(1-p)*beta^2; reference EAF fallback when source EAF missing	-0.01708330112284497	0.036189727479988505	ret_rnfl_left__sys_ad_kunkle2019
ret_rnfl_left	neuroretina	sys_ad_kunkle2019	sys_ad_kunkle2019_to_ret_rnfl_left	sys_ad_kunkle2019	ret_rnfl_left	19	18	18	194.99015118294395	30.46466520492495	IVW_random_effects	-0.002007176997428468	0.013811207950247994	-0.029076647162907053	0.025062293168050115	NA	0.8844506642229374	0.9821744431820366	0.8844506642229374	23.93865172582451	0.12111145751540509	0.003153488224178426	0.13408882142914816	True	0.0	0.3346634975276982	0.0005393612692716776	COMPUTED_NO_OUTLIER	COMPUTED	-0.004385589972029421	-0.0076641123256141475	-0.005827605433747159	0.5662915013333354	0.3162143555170056	19	18	18	MISSING_OUTCOME_VARIANTS	NULL	True	False	binary traits use effective N=4/(1/cases+1/controls); r2 uses 2*p*(1-p)*beta^2; reference EAF fallback when source EAF missing	-0.00862211162383211	0.004678489580564118	ret_rnfl_left__sys_ad_kunkle2019
ret_rnfl_left	neuroretina	sys_pd_nalls2019_clinical	ret_rnfl_left_to_sys_pd_nalls2019_clinical	ret_rnfl_left	sys_pd_nalls2019_clinical	17	15	15	62.15014204048868	31.51634715346074	IVW_random_effects	-0.151619061321331	0.1163988144851133	-0.3797565455553059	0.07651842291264396	0.8593155649354276	0.19271732800587993	0.9821744431820366	0.19271732800587993	10.821443448910701	0.7000026685266744	-0.0023415526243229135	0.7178808701597661	True	2.2843558511487963e-24	0.016939884680085393	0.002968834372269485	COMPUTED_NO_OUTLIER	COMPUTED	-0.2201541309444497	-0.22154356549320475	-0.1612268851051441	0.058573932992915016	0.05699950413405993	17	15	15	MISSING_OUTCOME_VARIANTS	NULL	False	True	binary traits use effective N=4/(1/cases+1/controls); r2 uses 2*p*(1-p)*beta^2; reference EAF fallback when source EAF missing	-0.17876763828520384	-0.07002058810851092	ret_rnfl_left__sys_pd_nalls2019_clinical
ret_rnfl_left	neuroretina	sys_pd_nalls2019_clinical	sys_pd_nalls2019_clinical_to_ret_rnfl_left	sys_pd_nalls2019_clinical	ret_rnfl_left	15	10	9	50.47042387505873	30.052886259040108	IVW_random_effects	-0.02232274982665011	0.018495285646732695	-0.05857284357802579	0.013927343924725579	NA	0.22745421528934906	0.9821744431820366	0.22745421528934906	12.913155221583622	0.11487280340207251	-0.003065180944519807	0.36564326746476083	True	0.0	0.11594172021101959	0.00037411863217485137	COMPUTED_NO_OUTLIER	COMPUTED	-0.02714548343168407	-0.021216564888871414	-0.027154067434900692	0.050272172960123714	0.12600009751983746	15	10	9	MISSING_OUTCOME_VARIANTS;PALINDROMIC_REMOVALS	NULL	True	False	binary traits use effective N=4/(1/cases+1/controls); r2 uses 2*p*(1-p)*beta^2; reference EAF fallback when source EAF missing	-0.03179734748990083	-0.013106985106077775	ret_rnfl_left__sys_pd_nalls2019_clinical
ret_rnfl_left	neuroretina	sys_sle_bentham2015	ret_rnfl_left_to_sys_sle_bentham2015	ret_rnfl_left	sys_sle_bentham2015	17	15	15	62.15014204048868	31.51634715346074	IVW_random_effects	0.11375763978005103	0.2232407635558066	-0.3237862166705397	0.5513014962306417	1.1204805320656348	0.6103500969105823	0.9821744431820366	0.6103500969105823	28.128151701547115	0.013680811911160884	-0.010411782805958987	0.4102172075828183	True	0.13169974941283927	0.017002621396500838	0.01342836073341015	COMPUTED_NO_OUTLIER	COMPUTED	0.13881200032459448	0.12143672625228685	0.0990032739050952	0.32850310769888647	0.39264837629745375	17	15	15	MISSING_OUTCOME_VARIANTS	NULL	False	True	binary traits use effective N=4/(1/cases+1/controls); r2 uses 2*p*(1-p)*beta^2; reference EAF fallback when source EAF missing	0.010669578344105575	0.192987961081136	ret_rnfl_left__sys_sle_bentham2015
ret_rnfl_left	neuroretina	sys_sle_bentham2015	sys_sle_bentham2015_to_ret_rnfl_left	sys_sle_bentham2015	ret_rnfl_left	43	29	28	96.61952184324993	29.960511751951863	IVW_random_effects	-0.006906389182274405	0.0050018385376732555	-0.016709812572598206	0.002897034208049396	NA	0.16734965445951755	0.9821744431820366	0.16734965445951755	32.7222959097767	0.20638909716159515	-0.0019571809097990397	0.2892984802665456	True	0.0	0.9999980000009999	0.0007533350451184925	COMPUTED_NO_OUTLIER	COMPUTED	-0.007491096101404782	-0.005547840500763679	-0.006896070978906425	0.08053937134895461	0.19558548636688333	43	29	28	MISSING_OUTCOME_VARIANTS;INCOMPATIBLE_ALLELES_REMOVED	NULL	True	False	binary traits use effective N=4/(1/cases+1/controls); r2 uses 2*p*(1-p)*beta^2; reference EAF fallback when source EAF missing	-0.008208451313233134	-0.0049504603875842055	ret_rnfl_left__sys_sle_bentham2015
ret_rnfl_left	neuroretina	sys_ibd_delange2017	ret_rnfl_left_to_sys_ibd_delange2017	ret_rnfl_left	sys_ibd_delange2017	17	15	15	62.15014204048868	31.51634715346074	IVW_random_effects	0.052352868898187695	0.07935974954600362	-0.10318938203409403	0.2078951198304694	1.0537475116400266	0.5094524963467548	0.9821744431820366	0.5094524963467548	17.80934067979236	0.21560288666433503	0.0012838029119657368	0.7931693272966062	True	9.297397865916764e-50	0.016939884680085393	0.00165933120665721	COMPUTED_NO_OUTLIER	COMPUTED	-0.032111924185031476	-0.03261037272143641	0.05556876649671201	0.6367767382287726	0.631554530318787	17	15	15	MISSING_OUTCOME_VARIANTS	NULL	False	True	binary traits use effective N=4/(1/cases+1/controls); r2 uses 2*p*(1-p)*beta^2; reference EAF fallback when source EAF missing	0.006440416949499866	0.0816858434156223	ret_rnfl_left__sys_ibd_delange2017
ret_rnfl_left	neuroretina	sys_ibd_delange2017	sys_ibd_delange2017_to_ret_rnfl_left	sys_ibd_delange2017	ret_rnfl_left	117	101	90	70.31409626292229	29.86149172298345	IVW_random_effects	0.004288769868927952	0.006380459111497389	-0.00821670019443702	0.016794239932292926	NA	0.5014738143336399	0.9821744431820366	0.5014738143336399	90.47407896805632	0.43651544877558834	0.0007720595746159704	0.33421185120666896	NA	NA	NA	NA	COMPUTED_NO_OUTLIER	COMPUTED	0.004337452350698856	0.0028544283280010907	0.004367712807944977	0.4892591311210266	0.6490659236133783	117	101	90	MISSING_OUTCOME_VARIANTS;PALINDROMIC_REMOVALS	NULL	True	False	binary traits use effective N=4/(1/cases+1/controls); r2 uses 2*p*(1-p)*beta^2; reference EAF fallback when source EAF missing	0.0029138306467380386	0.006731240465835989	ret_rnfl_left__sys_ibd_delange2017
ret_gcipl_left	neuroretina	sys_cad_nikpay2015	ret_gcipl_left_to_sys_cad_nikpay2015	ret_gcipl_left	sys_cad_nikpay2015	34	31	30	64.53492425237394	30.402179611654322	IVW_random_effects	-0.05545218666978778	0.037510712323664056	-0.12897183185861005	0.018067458519034504	0.9460572567370703	0.13932677987107642	0.9821744431820366	0.13932677987107642	27.363985549531044	0.5520741825727349	0.0011166108391545155	0.6011593249956295	True	1.1720716342519738e-190	0.03513213942035184	0.0015755478370553238	COMPUTED_NO_OUTLIER	COMPUTED	-0.05148771450911914	-0.07937759041717429	-0.057722875602608185	0.16987249648349922	0.03433364666577659	34	31	30	MISSING_OUTCOME_VARIANTS;PALINDROMIC_REMOVALS	NULL	False	True	binary traits use effective N=4/(1/cases+1/controls); r2 uses 2*p*(1-p)*beta^2; reference EAF fallback when source EAF missing	-0.06469536383906886	-0.03822966698305379	ret_gcipl_left__sys_cad_nikpay2015
ret_gcipl_left	neuroretina	sys_cad_nikpay2015	sys_cad_nikpay2015_to_ret_gcipl_left	sys_cad_nikpay2015	ret_gcipl_left	41	32	30	60.60758220316102	29.88157247129896	IVW_random_effects	-0.0132029801131301	0.019631186978784677	-0.05167939956531868	0.025273439339058484	NA	0.5012327998960036	0.9821744431820366	0.5012327998960036	45.94546631997098	0.02375947577643167	0.0018657040791614902	0.3498492009513142	True	0.0	0.09615666865992828	0.001136155862848542	COMPUTED_NO_OUTLIER	COMPUTED	-0.05070390492868155	-0.0491094612639536	-0.01790880803674117	0.00030338739624890496	0.0004673666148778363	41	32	30	MISSING_OUTCOME_VARIANTS;PALINDROMIC_REMOVALS	NULL	True	False	binary traits use effective N=4/(1/cases+1/controls); r2 uses 2*p*(1-p)*beta^2; reference EAF fallback when source EAF missing	-0.022125988758419004	-0.007298999301040491	ret_gcipl_left__sys_cad_nikpay2015
ret_gcipl_left	neuroretina	sys_stroke_megastroke2018	ret_gcipl_left_to_sys_stroke_megastroke2018	ret_gcipl_left	sys_stroke_megastroke2018	34	30	29	64.53492425237394	30.402179611654322	IVW_random_effects	0.026104925992431714	0.039532994908249054	-0.051378320228739636	0.10358817221360306	1.0264486439659635	0.5090404031515623	0.9821744431820366	0.5090404031515623	23.00706566033949	0.7326866760709785	0.0015590402050294474	0.4738422556366879	True	2.586410478351852e-181	0.034420012526959594	0.0013338430332411402	COMPUTED_NO_OUTLIER	COMPUTED	-0.03029128095768914	-0.011096440087020154	0.029770812858802544	0.44354075100166723	0.7789496589447399	34	30	29	MISSING_OUTCOME_VARIANTS;PALINDROMIC_REMOVALS	NULL	False	True	binary traits use effective N=4/(1/cases+1/controls); r2 uses 2*p*(1-p)*beta^2; reference EAF fallback when source EAF missing	0.013186708642347134	0.041310486611554544	ret_gcipl_left__sys_stroke_megastroke2018
ret_gcipl_left	neuroretina	sys_stroke_megastroke2018	sys_stroke_megastroke2018_to_ret_gcipl_left	sys_stroke_megastroke2018	ret_gcipl_left	10	7	7	39.985710087874416	30.39364839319471	IVW_random_effects	0.0522076766015953	0.03995521677837247	-0.026103109278503074	0.1305184624816937	NA	0.19132996925943013	0.9821744431820366	0.19132996925943013	2.7248933407305613	0.8424982449095593	-0.018860995347830718	0.24848401677577114	True	1.0451272220319263e-85	0.012601395412303798	9.065819180504523e-05	COMPUTED_NO_OUTLIER	COMPUTED	0.07719891696750904	0.09821273959244081	0.3120009055006809	0.05334270887585739	0.013968575047205594	10	7	7	MISSING_OUTCOME_VARIANTS	NULL	True	False	binary traits use effective N=4/(1/cases+1/controls); r2 uses 2*p*(1-p)*beta^2; reference EAF fallback when source EAF missing	0.04017806593824836	0.07081051204015955	ret_gcipl_left__sys_stroke_megastroke2018
ret_gcipl_left	neuroretina	sys_t2d_scott2017	ret_gcipl_left_to_sys_t2d_scott2017	ret_gcipl_left	sys_t2d_scott2017	34	31	30	64.53492425237394	30.402179611654322	IVW_random_effects	0.06275442217998556	0.050887720451050764	-0.036983677159413544	0.16249252151938465	1.0647653243743087	0.21750346194955572	0.9821744431820366	0.21750346194955572	31.779932189584535	0.32961556279922233	-0.001138281620436438	0.7129572936765323	True	9.966469214046764e-125	0.03513213942035184	0.00327820083251227	COMPUTED_NO_OUTLIER	COMPUTED	0.09194075291329988	0.06775781691421012	0.07013885284267579	0.05169267383244764	0.15159622342285997	34	31	30	MISSING_OUTCOME_VARIANTS;PALINDROMIC_REMOVALS	NULL	False	True	binary traits use effective N=4/(1/cases+1/controls); r2 uses 2*p*(1-p)*beta^2; reference EAF fallback when source EAF missing	0.04529203082339846	0.07542274159915999	ret_gcipl_left__sys_t2d_scott2017
ret_gcipl_left	neuroretina	sys_t2d_scott2017	sys_t2d_scott2017_to_ret_gcipl_left	sys_t2d_scott2017	ret_gcipl_left	40	33	28	61.27339099856256	29.160000000000004	IVW_random_effects	-0.009251352616887875	0.018946100645490054	-0.046385027529518424	0.027882322295742678	NA	0.6253384204121761	0.9821744431820366	0.6253384204121761	54.513801292986585	0.0013158269275453938	0.0014061607801336014	0.4856688421817582	NA	NA	NA	NA	COMPUTED_NO_OUTLIER	COMPUTED	-0.036079529411764705	-0.03376040076258885	-0.018462041823256375	0.002903194036287746	0.0053297364622315714	40	33	28	MISSING_OUTCOME_VARIANTS;PALINDROMIC_REMOVALS	NULL	True	False	binary traits use effective N=4/(1/cases+1/controls); r2 uses 2*p*(1-p)*beta^2; reference EAF fallback when source EAF missing	-0.015617611879201214	-0.002497753776314127	ret_gcipl_left__sys_t2d_scott2017
ret_gcipl_left	neuroretina	sys_ckd_wuttke2019	ret_gcipl_left_to_sys_ckd_wuttke2019	ret_gcipl_left	sys_ckd_wuttke2019	34	31	30	64.53492425237394	30.402179611654322	IVW_random_effects	-0.036398984008972166	0.036377611193540486	-0.10769779179191069	0.03489982377396636	0.9642554942010978	0.3170262628979267	0.9821744431820366	0.3170262628979267	21.400273377169594	0.8441545588978244	0.0024836786290515908	0.1690557769974752	True	9.083253512066291e-201	0.03513213942035184	0.0011789905911062403	COMPUTED_NO_OUTLIER	COMPUTED	-0.03405028091481754	0.005714577658425091	-0.042724245426926745	0.3492613436531806	0.8751735131064196	34	31	30	MISSING_OUTCOME_VARIANTS;PALINDROMIC_REMOVALS	NULL	False	True	binary traits use effective N=4/(1/cases+1/controls); r2 uses 2*p*(1-p)*beta^2; reference EAF fallback when source EAF missing	-0.048476392175640315	-0.01950201127886604	ret_gcipl_left__sys_ckd_wuttke2019
ret_gcipl_left	neuroretina	sys_ckd_wuttke2019	sys_ckd_wuttke2019_to_ret_gcipl_left	sys_ckd_wuttke2019	ret_gcipl_left	23	17	16	60.757203317463535	29.56640625000001	IVW_random_effects	0.005890577017461138	0.02747303228897911	-0.047955576815042436	0.05973673084996471	NA	0.8302249553231605	0.9821744431820366	0.8302249553231605	24.30637586572192	0.0600700112564968	0.0015336200559471285	0.5849054458568583	True	0.0	0.05036925291400002	0.0004842361864844246	COMPUTED_NO_OUTLIER	COMPUTED	0.014059722843093429	0.03589218766838792	0.013165291165525145	0.47772780274202953	0.06992175771569092	23	17	16	MISSING_OUTCOME_VARIANTS;PALINDROMIC_REMOVALS	NULL	True	False	binary traits use effective N=4/(1/cases+1/controls); r2 uses 2*p*(1-p)*beta^2; reference EAF fallback when source EAF missing	-0.0035851298035174625	0.02058667025283399	ret_gcipl_left__sys_ckd_wuttke2019
ret_gcipl_left	neuroretina	sys_ad_kunkle2019	ret_gcipl_left_to_sys_ad_kunkle2019	ret_gcipl_left	sys_ad_kunkle2019	34	31	30	64.53492425237394	30.402179611654322	IVW_random_effects	0.09461784287804682	0.06107081641645379	-0.025078757804656793	0.21431444356075044	1.0992386929519948	0.12130636602054241	0.9821744431820366	0.12130636602054241	32.50492492204309	0.29815327173074135	-0.0001774209043088619	0.9597188458818535	True	6.411286230459844e-94	0.03513213942035184	0.0041377485387372355	COMPUTED_NO_OUTLIER	COMPUTED	0.07280007280007281	0.03341935607170021	0.09348363792101842	0.19310755309245287	0.5502169173615337	34	31	30	MISSING_OUTCOME_VARIANTS;PALINDROMIC_REMOVALS	NULL	False	True	binary traits use effective N=4/(1/cases+1/controls); r2 uses 2*p*(1-p)*beta^2; reference EAF fallback when source EAF missing	0.06780634597959267	0.12047453132418699	ret_gcipl_left__sys_ad_kunkle2019
ret_gcipl_left	neuroretina	sys_ad_kunkle2019	sys_ad_kunkle2019_to_ret_gcipl_left	sys_ad_kunkle2019	ret_gcipl_left	19	18	18	194.99015118294395	30.46466520492495	IVW_random_effects	0.002540360565599808	0.010700335875219947	-0.01843191237231259	0.023512633503512206	NA	0.8123391802135681	0.9821744431820366	0.8123391802135681	18.73696089439944	0.34383762956716146	-0.0009354931819504026	0.6394066481852883	True	0.0	0.3346634975276982	0.0004024580443191448	COMPUTED_NO_OUTLIER	COMPUTED	-0.006597990262094686	-0.00626266597533201	-0.0010066561657197874	0.3839245828551374	0.40855587612780375	19	18	18	MISSING_OUTCOME_VARIANTS	NULL	True	False	binary traits use effective N=4/(1/cases+1/controls); r2 uses 2*p*(1-p)*beta^2; reference EAF fallback when source EAF missing	-0.0034044345928874063	0.009671760276323205	ret_gcipl_left__sys_ad_kunkle2019
ret_gcipl_left	neuroretina	sys_pd_nalls2019_clinical	ret_gcipl_left_to_sys_pd_nalls2019_clinical	ret_gcipl_left	sys_pd_nalls2019_clinical	34	27	26	64.53492425237394	30.402179611654322	IVW_random_effects	0.06700501438037836	0.1153117105163671	-0.15900178522740355	0.29301181398816023	1.0693008400423079	0.5611883746292661	0.9821744431820366	0.5611883746292661	35.470749024448196	0.08002294657454057	0.009279022672445857	0.17353359332864682	True	3.639484465944925e-19	0.031914080031429974	0.012780574013105141	COMPUTED_NO_OUTLIER	COMPUTED	-0.11567726044336302	-0.09786149777871822	-0.01353146127237965	0.18598822607976073	0.2632030551830299	34	27	26	MISSING_OUTCOME_VARIANTS;PALINDROMIC_REMOVALS	NULL	False	True	binary traits use effective N=4/(1/cases+1/controls); r2 uses 2*p*(1-p)*beta^2; reference EAF fallback when source EAF missing	0.00712874230762463	0.11053066938565853	ret_gcipl_left__sys_pd_nalls2019_clinical
ret_gcipl_left	neuroretina	sys_pd_nalls2019_clinical	sys_pd_nalls2019_clinical_to_ret_gcipl_left	sys_pd_nalls2019_clinical	ret_gcipl_left	15	10	9	50.47042387505873	30.052886259040108	IVW_random_effects	0.0004924653461969838	0.029631709911707948	-0.05758461888108754	0.05856954957348151	NA	0.9867401371744279	0.9911649808388873	0.9867401371744279	32.14696176004842	8.766178471020236e-05	-0.0011490294415534817	0.8520898612813008	True	0.0	0.11594172021101959	0.0008079541589438149	COMPUTED_NO_OUTLIER	COMPUTED	0.026905239005736135	0.010654362582975085	-0.003828453345072556	0.05595007298349636	0.4491001458713819	15	10	9	MISSING_OUTCOME_VARIANTS;PALINDROMIC_REMOVALS	NULL	True	False	binary traits use effective N=4/(1/cases+1/controls); r2 uses 2*p*(1-p)*beta^2; reference EAF fallback when source EAF missing	-0.02003595214888324	0.021269867977668347	ret_gcipl_left__sys_pd_nalls2019_clinical
ret_gcipl_left	neuroretina	sys_sle_bentham2015	ret_gcipl_left_to_sys_sle_bentham2015	ret_gcipl_left	sys_sle_bentham2015	34	28	27	64.53492425237394	30.402179611654322	IVW_random_effects	0.23965987180810747	0.1628372579759263	-0.07949528916595697	0.5588150327821719	1.2708168361717438	0.14108153651481545	0.9821744431820366	0.14108153651481545	46.9918828665093	0.007050842621939002	0.001411126386476109	0.8896875537586039	True	0.41966212679419046	0.03136740253439388	0.02871689002187399	COMPUTED_NO_OUTLIER	COMPUTED	0.060281653499055475	0.08859095913603854	0.2108806900065418	0.58142785327885	0.4178250082647006	34	28	27	MISSING_OUTCOME_VARIANTS;PALINDROMIC_REMOVALS	NULL	False	True	binary traits use effective N=4/(1/cases+1/controls); r2 uses 2*p*(1-p)*beta^2; reference EAF fallback when source EAF missing	0.13119345294528675	0.28544383113585375	ret_gcipl_left__sys_sle_bentham2015
ret_gcipl_left	neuroretina	sys_sle_bentham2015	sys_sle_bentham2015_to_ret_gcipl_left	sys_sle_bentham2015	ret_gcipl_left	43	29	28	96.61952184324993	29.960511751951863	IVW_random_effects	0.0009550724533874314	0.004610749304980027	-0.00808183012611626	0.009991975032891122	NA	0.8359002119391328	0.9821744431820366	0.8359002119391328	29.611707320878686	0.3318798241168709	0.0030580488390664663	0.07207667477912479	True	0.0	0.9999980000009999	0.0006167396262719865	COMPUTED_NO_OUTLIER	COMPUTED	-0.0007977911511110728	0.0013305464149349633	-0.00027091839573014053	0.8509623611272185	0.7540058231119463	43	29	28	MISSING_OUTCOME_VARIANTS;INCOMPATIBLE_ALLELES_REMOVED	NULL	True	False	binary traits use effective N=4/(1/cases+1/controls); r2 uses 2*p*(1-p)*beta^2; reference EAF fallback when source EAF missing	-0.0007518472907866058	0.0028735456140720076	ret_gcipl_left__sys_sle_bentham2015
ret_gcipl_left	neuroretina	sys_ibd_delange2017	ret_gcipl_left_to_sys_ibd_delange2017	ret_gcipl_left	sys_ibd_delange2017	34	28	27	64.53492425237394	30.402179611654322	IVW_random_effects	-0.022470930964848212	0.06667319916203857	-0.1531480000565063	0.10820613812680989	0.9777796598915283	0.7360935766753688	0.9821744431820366	0.7360935766753688	37.49778189079575	0.0673700241005929	0.004836385358414452	0.18689992954553802	True	3.907616379928898e-79	0.02867247296425837	0.0031830667271557384	COMPUTED_NO_OUTLIER	COMPUTED	-0.012722338002229439	-0.03400414605953017	-0.028136274519727316	0.8109057831065317	0.5225070292333103	34	28	27	MISSING_OUTCOME_VARIANTS;PALINDROMIC_REMOVALS	NULL	False	True	binary traits use effective N=4/(1/cases+1/controls); r2 uses 2*p*(1-p)*beta^2; reference EAF fallback when source EAF missing	-0.05719374277077405	0.0019188265758191502	ret_gcipl_left__sys_ibd_delange2017
ret_gcipl_left	neuroretina	sys_ibd_delange2017	sys_ibd_delange2017_to_ret_gcipl_left	sys_ibd_delange2017	ret_gcipl_left	117	101	90	70.31409626292229	29.86149172298345	IVW_random_effects	0.003681601706736797	0.007577972809764403	-0.011170952076224821	0.018534155489698417	NA	0.6270881534993726	0.9821744431820366	0.6270881534993726	117.11023554701227	0.024560493155697527	0.001360245881981785	0.13017918414540464	NA	NA	NA	NA	COMPUTED_NO_OUTLIER	COMPUTED	0.013225625	0.005830638144100675	0.0017837658518756823	0.03382992587031655	0.3495079214564917	117	101	90	MISSING_OUTCOME_VARIANTS;PALINDROMIC_REMOVALS	NULL	True	False	binary traits use effective N=4/(1/cases+1/controls); r2 uses 2*p*(1-p)*beta^2; reference EAF fallback when source EAF missing	0.0013435695914040657	0.005150391643981213	ret_gcipl_left__sys_ibd_delange2017
ret_inl_left	neuroretina	sys_cad_nikpay2015	ret_inl_left_to_sys_cad_nikpay2015	ret_inl_left	sys_cad_nikpay2015	65	62	59	67.17329387870453	30.00826134660078	IVW_random_effects	0.03839303475584142	0.03283570053043663	-0.025963755690955347	0.10274982520263817	1.0391395705951978	0.2423042474747994	0.9821744431820366	0.2423042474747994	81.487570236505	0.02269615615260656	0.0027470686952851863	0.1772780369700253	True	0.0	0.07710235323520552	0.005178866512178336	COMPUTED_NO_OUTLIER	COMPUTED	-0.010353283324211498	0.026787872852009897	0.026159136408556175	0.6762200401157423	0.279893387130533	65	62	59	MISSING_OUTCOME_VARIANTS;PALINDROMIC_REMOVALS	NULL	False	True	binary traits use effective N=4/(1/cases+1/controls); r2 uses 2*p*(1-p)*beta^2; reference EAF fallback when source EAF missing	0.02543658928553566	0.04549923174283818	ret_inl_left__sys_cad_nikpay2015
ret_inl_left	neuroretina	sys_cad_nikpay2015	sys_cad_nikpay2015_to_ret_inl_left	sys_cad_nikpay2015	ret_inl_left	41	32	30	60.60758220316102	29.88157247129896	IVW_random_effects	-0.015419578929369604	0.0216074554458303	-0.05776941340074969	0.02693025554201048	NA	0.4754602812637374	0.9821744431820366	0.4754602812637374	53.538106587446904	0.003654872798613984	-0.0003082749986341228	0.8987065875170767	True	0.0	0.09615666865992828	0.0013803765437545449	COMPUTED_NO_OUTLIER	COMPUTED	-0.0434192034512271	-0.040765166205596226	-0.02272553356600601	0.002328189940599085	0.004253762735677135	41	32	30	MISSING_OUTCOME_VARIANTS;PALINDROMIC_REMOVALS	NULL	True	False	binary traits use effective N=4/(1/cases+1/controls); r2 uses 2*p*(1-p)*beta^2; reference EAF fallback when source EAF missing	-0.031028683327059253	-0.008776414385263921	ret_inl_left__sys_cad_nikpay2015
ret_inl_left	neuroretina	sys_stroke_megastroke2018	ret_inl_left_to_sys_stroke_megastroke2018	ret_inl_left	sys_stroke_megastroke2018	65	62	60	67.17329387870453	30.00826134660078	IVW_random_effects	0.02984409828486202	0.026145800202820153	-0.021400728459644112	0.08108892502936815	1.0302938968464275	0.2536831111268486	0.9821744431820366	0.2536831111268486	56.91005634581655	0.5529473432022427	0.0018188527978924098	0.2668226845097066	True	0.0	0.07810725238045374	0.003212250387594197	COMPUTED_NO_OUTLIER	COMPUTED	-0.009658414088406684	-0.0012540201020107	0.026818542699418024	0.7118251657888147	0.9617460630238647	65	62	60	MISSING_OUTCOME_VARIANTS;PALINDROMIC_REMOVALS	NULL	False	True	binary traits use effective N=4/(1/cases+1/controls); r2 uses 2*p*(1-p)*beta^2; reference EAF fallback when source EAF missing	0.016372953462463716	0.040954129323372716	ret_inl_left__sys_stroke_megastroke2018
ret_inl_left	neuroretina	sys_stroke_megastroke2018	sys_stroke_megastroke2018_to_ret_inl_left	sys_stroke_megastroke2018	ret_inl_left	10	7	7	39.985710087874416	30.39364839319471	IVW_random_effects	0.0037630608773869976	0.04243619521755001	-0.07941035338991961	0.0869364751446936	NA	0.9293396157934809	0.9821744431820366	0.9293396157934809	6.5392237843171825	0.36556577489522635	-0.021848845951856058	0.4292659817278126	True	6.846967508472253e-82	0.012601395412303798	0.00013887494273556996	COMPUTED_NO_OUTLIER	COMPUTED	0.0029944260027662518	-0.01821512622442062	0.30359037812854733	0.9412325764452852	0.6538326368688556	10	7	7	MISSING_OUTCOME_VARIANTS	NULL	True	False	binary traits use effective N=4/(1/cases+1/controls); r2 uses 2*p*(1-p)*beta^2; reference EAF fallback when source EAF missing	-0.019911986715448637	0.030571534778233326	ret_inl_left__sys_stroke_megastroke2018
ret_inl_left	neuroretina	sys_t2d_scott2017	ret_inl_left_to_sys_t2d_scott2017	ret_inl_left	sys_t2d_scott2017	65	62	60	67.17329387870453	30.00826134660078	IVW_random_effects	-0.005855187915558078	0.04567080323619459	-0.09536831740351234	0.0836579415723962	0.9941619202903323	0.8979873915722258	0.9821744431820366	0.8979873915722258	98.75686078253908	0.0009082471379043833	-0.0008180507926703647	0.7701681728338574	True	1.9322570388393041e-259	0.07810725238045374	0.009013347886947538	COMPUTED_NO_OUTLIER	COMPUTED	0.004292628483736304	0.0294829176907756	0.004189317208341268	0.8933057201059135	0.3569517560207177	65	62	60	MISSING_OUTCOME_VARIANTS;PALINDROMIC_REMOVALS	NULL	False	True	binary traits use effective N=4/(1/cases+1/controls); r2 uses 2*p*(1-p)*beta^2; reference EAF fallback when source EAF missing	-0.015470277584769735	0.01341017786327956	ret_inl_left__sys_t2d_scott2017
ret_inl_left	neuroretina	sys_t2d_scott2017	sys_t2d_scott2017_to_ret_inl_left	sys_t2d_scott2017	ret_inl_left	40	33	28	61.27339099856256	29.160000000000004	IVW_random_effects	-0.04044620493265788	0.02174715858476338	-0.08306985252487398	0.002177442659558222	NA	0.06290836467211226	0.9821744431820366	0.06290836467211226	69.46933936139985	1.3348559222747802e-05	-0.0007843366441510144	0.7585307751047331	NA	NA	NA	NA	COMPUTED_NO_OUTLIER	COMPUTED	-0.03959	-0.03380727166936548	-0.04868016079368313	0.001363275979283865	0.006246217825960908	40	33	28	MISSING_OUTCOME_VARIANTS;PALINDROMIC_REMOVALS	NULL	True	False	binary traits use effective N=4/(1/cases+1/controls); r2 uses 2*p*(1-p)*beta^2; reference EAF fallback when source EAF missing	-0.04742652674996431	-0.027873094482702466	ret_inl_left__sys_t2d_scott2017
ret_inl_left	neuroretina	sys_ckd_wuttke2019	ret_inl_left_to_sys_ckd_wuttke2019	ret_inl_left	sys_ckd_wuttke2019	65	61	59	67.17329387870453	30.00826134660078	IVW_random_effects	-0.07250387235322214	0.03219357938850667	-0.1356021284881245	-0.009405616218319784	0.9300621451241607	0.02431455562859747	0.9821744431820366	0.02431455562859747	81.61363543882103	0.022197199413397928	0.001628187419384976	0.41825548490751074	True	0.0	0.07688883456426121	0.004797212281576291	COMPUTED_NO_OUTLIER	COMPUTED	-0.018630213548822803	-0.020739008205031828	-0.06898238514826854	0.447652165920595	0.3979512719878976	65	61	59	MISSING_OUTCOME_VARIANTS;PALINDROMIC_REMOVALS	SUGGESTIVE	False	True	binary traits use effective N=4/(1/cases+1/controls); r2 uses 2*p*(1-p)*beta^2; reference EAF fallback when source EAF missing	-0.07896483859624377	-0.04122141543593603	ret_inl_left__sys_ckd_wuttke2019
ret_inl_left	neuroretina	sys_ckd_wuttke2019	sys_ckd_wuttke2019_to_ret_inl_left	sys_ckd_wuttke2019	ret_inl_left	23	17	16	60.757203317463535	29.56640625000001	IVW_random_effects	-0.008895148563221197	0.03388779796993036	-0.07531401209965244	0.057523714973210044	NA	0.7929450480693143	0.9821744431820366	0.7929450480693143	35.80089833275294	0.001888517245795529	-0.00030238177499307205	0.9322227986005296	True	0.0	0.05036925291400002	0.0007851339758112566	COMPUTED_NO_OUTLIER	COMPUTED	0.08219579794367456	0.06059672993323173	0.011995854100848859	4.6015044509493265e-05	0.0026629252368738157	23	17	16	MISSING_OUTCOME_VARIANTS;PALINDROMIC_REMOVALS	NULL	True	False	binary traits use effective N=4/(1/cases+1/controls); r2 uses 2*p*(1-p)*beta^2; reference EAF fallback when source EAF missing	-0.024910905922820515	0.004121514730052736	ret_inl_left__sys_ckd_wuttke2019
ret_inl_left	neuroretina	sys_ad_kunkle2019	ret_inl_left_to_sys_ad_kunkle2019	ret_inl_left	sys_ad_kunkle2019	65	62	60	67.17329387870453	30.00826134660078	IVW_random_effects	-0.02431190836328925	0.0439059807726384	-0.11036604938356624	0.061742232656987736	0.9759812455650084	0.5797659849984251	0.9821744431820366	0.5797659849984251	68.76534125846456	0.1802818231110268	-0.0035597724846275656	0.16038882143251565	True	3.122813494385043e-225	0.07810725238045374	0.008373085036317746	COMPUTED_NO_OUTLIER	COMPUTED	-0.07538928774561883	-0.04365045162574965	-0.021248834528760273	0.04199190728581068	0.23901352744345805	65	62	60	MISSING_OUTCOME_VARIANTS;PALINDROMIC_REMOVALS	NULL	False	True	binary traits use effective N=4/(1/cases+1/controls); r2 uses 2*p*(1-p)*beta^2; reference EAF fallback when source EAF missing	-0.036688442570225716	-0.012870802476006487	ret_inl_left__sys_ad_kunkle2019
ret_inl_left	neuroretina	sys_ad_kunkle2019	sys_ad_kunkle2019_to_ret_inl_left	sys_ad_kunkle2019	ret_inl_left	19	18	18	194.99015118294395	30.46466520492495	IVW_random_effects	0.020749655497765	0.011326840149785121	-0.001450543254455497	0.0429498542499855	NA	0.06696609656123383	0.9821744431820366	0.06696609656123383	19.260804983175905	0.31376923123530587	-0.004065764788198502	0.02646407914393333	True	0.0	0.3346634975276982	0.0006830082824890313	COMPUTED_NO_OUTLIER	COMPUTED	0.03352605407645291	0.0287504394237921	0.028386176289150022	1.2735878204730095e-05	0.0001819228472104775	19	18	18	MISSING_OUTCOME_VARIANTS	NULL	True	False	binary traits use effective N=4/(1/cases+1/controls); r2 uses 2*p*(1-p)*beta^2; reference EAF fallback when source EAF missing	0.013219843206792443	0.029838396903888093	ret_inl_left__sys_ad_kunkle2019
ret_inl_left	neuroretina	sys_pd_nalls2019_clinical	ret_inl_left_to_sys_pd_nalls2019_clinical	ret_inl_left	sys_pd_nalls2019_clinical	65	59	57	67.17329387870453	30.00826134660078	IVW_random_effects	0.05112464685078914	0.05782747171845018	-0.06221511503437864	0.1644644087359569	1.0524540701930896	0.37664802879409576	0.9821744431820366	0.37664802879409576	56.3744426265684	0.46084093260883807	0.0020265060823713337	0.6048893145921094	True	4.788868305773647e-81	0.07525540717649518	0.01895599037764283	COMPUTED_NO_OUTLIER	COMPUTED	0.009926703368640204	-0.0007494400389598255	0.046080285989243144	0.8602241675976804	0.9893930410470583	65	59	57	MISSING_OUTCOME_VARIANTS;PALINDROMIC_REMOVALS	NULL	False	True	binary traits use effective N=4/(1/cases+1/controls); r2 uses 2*p*(1-p)*beta^2; reference EAF fallback when source EAF missing	0.03248435632366509	0.07132046425762684	ret_inl_left__sys_pd_nalls2019_clinical
ret_inl_left	neuroretina	sys_pd_nalls2019_clinical	sys_pd_nalls2019_clinical_to_ret_inl_left	sys_pd_nalls2019_clinical	ret_inl_left	15	10	9	50.47042387505873	30.052886259040108	IVW_random_effects	-0.00865074829994348	0.019861779209750793	-0.047579120219940374	0.030277623620053415	NA	0.6631650679902976	0.9821744431820366	0.6631650679902976	14.693877195477645	0.06537836992292734	-0.0022175667011300054	0.5549083712522842	True	0.0	0.11594172021101959	0.0003439960879389965	COMPUTED_NO_OUTLIER	COMPUTED	-0.02035946462715105	-0.027979086711536122	-0.008699185988740187	0.14341870187758737	0.04434881625209534	15	10	9	MISSING_OUTCOME_VARIANTS;PALINDROMIC_REMOVALS	NULL	True	False	binary traits use effective N=4/(1/cases+1/controls); r2 uses 2*p*(1-p)*beta^2; reference EAF fallback when source EAF missing	-0.02032641564607296	-0.00013212400814643316	ret_inl_left__sys_pd_nalls2019_clinical
ret_inl_left	neuroretina	sys_sle_bentham2015	ret_inl_left_to_sys_sle_bentham2015	ret_inl_left	sys_sle_bentham2015	65	56	54	67.17329387870453	30.00826134660078	IVW_random_effects	0.0707891879475075	0.09153730128459939	-0.10862062581229438	0.2501990017073094	1.0733549258608373	0.4393229252206502	0.9821744431820366	0.4393229252206502	67.87761676523795	0.0819883650216029	0.0007915503080068888	0.8893234209919303	True	4.989880174895615e-21	0.07374109887642467	0.034024066056186866	COMPUTED_NO_OUTLIER	COMPUTED	0.026695671026818444	0.09131501181749035	0.06397638827140373	0.7014475744343843	0.18974200418550402	65	56	54	MISSING_OUTCOME_VARIANTS;PALINDROMIC_REMOVALS	NULL	False	True	binary traits use effective N=4/(1/cases+1/controls); r2 uses 2*p*(1-p)*beta^2; reference EAF fallback when source EAF missing	0.04474397343725554	0.0950377743738773	ret_inl_left__sys_sle_bentham2015
ret_inl_left	neuroretina	sys_sle_bentham2015	sys_sle_bentham2015_to_ret_inl_left	sys_sle_bentham2015	ret_inl_left	43	29	28	96.61952184324993	29.960511751951863	IVW_random_effects	0.002521054432061295	0.005168237373980212	-0.007608504684493509	0.012650613548616099	NA	0.625693123158878	0.9821744431820366	0.625693123158878	34.24178038873118	0.15913087798050918	0.0020838542802067866	0.27233406361919477	True	0.0	0.9999980000009999	0.0007251838750072469	COMPUTED_NO_OUTLIER	COMPUTED	-0.008504616212809863	-0.01043497363228063	-0.00014654160111864472	0.0480083220625217	0.015262216301770963	43	29	28	MISSING_OUTCOME_VARIANTS;INCOMPATIBLE_ALLELES_REMOVED	NULL	True	False	binary traits use effective N=4/(1/cases+1/controls); r2 uses 2*p*(1-p)*beta^2; reference EAF fallback when source EAF missing	-0.00176771364799948	0.004549309157963503	ret_inl_left__sys_sle_bentham2015
ret_inl_left	neuroretina	sys_ibd_delange2017	ret_inl_left_to_sys_ibd_delange2017	ret_inl_left	sys_ibd_delange2017	65	56	54	67.17329387870453	30.00826134660078	IVW_random_effects	-0.05405290998514994	0.044763383578969404	-0.1417875296260792	0.033681709655779345	0.9473819792092416	0.2272299782134245	0.9821744431820366	0.2272299782134245	75.45986396531245	0.023006887728385994	0.0034353062073638175	0.1902018528507714	True	4.4331824365061923e-215	0.0706173643692874	0.006678646573494374	COMPUTED_NO_OUTLIER	COMPUTED	-0.027097217303585417	-0.0699295104609845	-0.059539329503733134	0.4142924793898496	0.035136659210982996	65	56	54	MISSING_OUTCOME_VARIANTS;PALINDROMIC_REMOVALS	NULL	False	True	binary traits use effective N=4/(1/cases+1/controls); r2 uses 2*p*(1-p)*beta^2; reference EAF fallback when source EAF missing	-0.06686656322367321	-0.042929687222715916	ret_inl_left__sys_ibd_delange2017
ret_inl_left	neuroretina	sys_ibd_delange2017	sys_ibd_delange2017_to_ret_inl_left	sys_ibd_delange2017	ret_inl_left	117	101	90	70.31409626292229	29.86149172298345	IVW_random_effects	-0.009314779507935581	0.00722559274142721	-0.02347668104808656	0.004847122032215396	NA	0.19735043554688303	0.9821744431820366	0.19735043554688303	106.18686437224899	0.10333565580185433	0.0002642895806116471	0.7629121849473568	NA	NA	NA	NA	COMPUTED_NO_OUTLIER	COMPUTED	-0.008845272119185163	-0.010175275912363224	-0.009237877924715983	0.16032800385143142	0.10629453455680318	117	101	90	MISSING_OUTCOME_VARIANTS;PALINDROMIC_REMOVALS	NULL	True	False	binary traits use effective N=4/(1/cases+1/controls); r2 uses 2*p*(1-p)*beta^2; reference EAF fallback when source EAF missing	-0.011314478327421287	-0.0076100952273344845	ret_inl_left__sys_ibd_delange2017
ret_inl_elm_left	neuroretina	sys_cad_nikpay2015	ret_inl_elm_left_to_sys_cad_nikpay2015	ret_inl_elm_left	sys_cad_nikpay2015	84	79	77	83.06779598018376	30.480385919668453	IVW_random_effects	0.03372693302518998	0.031108989434413568	-0.027245565861696	0.09469943191207597	1.0343021344080598	0.27829655628516925	0.9821744431820366	0.27829655628516925	164.59411346256917	1.7434739429944557e-08	0.0036376614125227125	0.08243954164872676	True	0.0	0.1326308802057429	0.009277840637399927	COMPUTED_NO_OUTLIER	COMPUTED	0.031238985147659496	0.02809208697700405	0.026446294437918103	0.09375590744503327	0.1317889416849427	84	79	77	MISSING_OUTCOME_VARIANTS;PALINDROMIC_REMOVALS	NULL	False	True	binary traits use effective N=4/(1/cases+1/controls); r2 uses 2*p*(1-p)*beta^2; reference EAF fallback when source EAF missing	0.023641465375576137	0.042463909384540977	ret_inl_elm_left__sys_cad_nikpay2015
ret_inl_elm_left	neuroretina	sys_cad_nikpay2015	sys_cad_nikpay2015_to_ret_inl_elm_left	sys_cad_nikpay2015	ret_inl_elm_left	41	32	30	60.60758220316102	29.88157247129896	IVW_random_effects	0.006620987562728908	0.018877596427266597	-0.030378421549394602	0.043620396674852416	NA	0.7257890023481169	0.9821744431820366	0.7257890023481169	41.74482182082418	0.05919321842190739	-0.0015558067345162801	0.4133965319292916	True	0.0	0.09615666865992828	0.0008743209525678052	COMPUTED_NO_OUTLIER	COMPUTED	-0.021243995565956398	-0.02365164832946165	-0.008975911266871717	0.13561013753863682	0.09661880250151585	41	32	30	MISSING_OUTCOME_VARIANTS;PALINDROMIC_REMOVALS	NULL	True	False	binary traits use effective N=4/(1/cases+1/controls); r2 uses 2*p*(1-p)*beta^2; reference EAF fallback when source EAF missing	-0.006984302719717364	0.014155336845603864	ret_inl_elm_left__sys_cad_nikpay2015
ret_inl_elm_left	neuroretina	sys_stroke_megastroke2018	ret_inl_elm_left_to_sys_stroke_megastroke2018	ret_inl_elm_left	sys_stroke_megastroke2018	84	78	76	83.06779598018376	30.480385919668453	IVW_random_effects	0.009408984634503613	0.0201638064897655	-0.03011134987667069	0.04892931914567791	1.0094533882855903	0.6407664786338396	0.9821744431820366	0.6407664786338396	72.65401465527444	0.5552642166315518	0.0007924401715320383	0.5873554789319204	True	0.0	0.13032478841180647	0.00409117226444111	COMPUTED_NO_OUTLIER	COMPUTED	-0.023152787664747636	-0.010987361277150387	0.008452309078771278	0.250871578111451	0.5858187787357204	84	78	76	MISSING_OUTCOME_VARIANTS;PALINDROMIC_REMOVALS	NULL	False	True	binary traits use effective N=4/(1/cases+1/controls); r2 uses 2*p*(1-p)*beta^2; reference EAF fallback when source EAF missing	0.002861051190038599	0.01778258257713689	ret_inl_elm_left__sys_stroke_megastroke2018
ret_inl_elm_left	neuroretina	sys_stroke_megastroke2018	sys_stroke_megastroke2018_to_ret_inl_elm_left	sys_stroke_megastroke2018	ret_inl_elm_left	10	7	7	39.985710087874416	30.39364839319471	IVW_random_effects	0.08181215549926807	0.046418518029207614	-0.009166468053699514	0.17279077905223567	NA	0.07798661117986443	0.9821744431820366	0.07798661117986443	7.622141420005009	0.26711325542815545	-0.04778823678381271	0.044196947986108605	True	2.6744648722910286e-75	0.012601395412303798	0.0002584276135632299	COMPUTED_NO_OUTLIER	COMPUTED	0.07244503816793893	0.12178924553608927	0.7398953065917039	0.07834079535166456	0.003081920958082126	10	7	7	MISSING_OUTCOME_VARIANTS	NULL	True	False	binary traits use effective N=4/(1/cases+1/controls); r2 uses 2*p*(1-p)*beta^2; reference EAF fallback when source EAF missing	0.05741743336493513	0.12266867569081609	ret_inl_elm_left__sys_stroke_megastroke2018
ret_inl_elm_left	neuroretina	sys_t2d_scott2017	ret_inl_elm_left_to_sys_t2d_scott2017	ret_inl_elm_left	sys_t2d_scott2017	84	80	78	83.06779598018376	30.480385919668453	IVW_random_effects	-0.008039547554036163	0.028004426445742428	-0.06292721479539085	0.046848119687318515	0.9919926831770662	0.7740500591840589	0.9821744431820366	0.7740500591840589	86.63548968198458	0.2120131935687487	0.003982461633293269	0.032337498783414596	True	0.0	0.13348499523349217	0.00781356990724388	COMPUTED_NO_OUTLIER	COMPUTED	-0.06261893248635428	-0.04790818297007271	-0.032377635121046335	0.009887308025634227	0.048415966202722406	84	80	78	MISSING_OUTCOME_VARIANTS;PALINDROMIC_REMOVALS	NULL	False	True	binary traits use effective N=4/(1/cases+1/controls); r2 uses 2*p*(1-p)*beta^2; reference EAF fallback when source EAF missing	-0.015670818677346068	-0.0009479928791628034	ret_inl_elm_left__sys_t2d_scott2017
ret_inl_elm_left	neuroretina	sys_t2d_scott2017	sys_t2d_scott2017_to_ret_inl_elm_left	sys_t2d_scott2017	ret_inl_elm_left	40	33	28	61.27339099856256	29.160000000000004	IVW_random_effects	-0.01758153870494337	0.016336140311221336	-0.04959978536132925	0.014436707951442515	NA	0.2818218217187115	0.9821744431820366	0.2818218217187115	39.97491218199017	0.0515144242259018	-0.001375947924872041	0.4160029444063251	NA	NA	NA	NA	COMPUTED_NO_OUTLIER	COMPUTED	-0.07671202247191011	-0.0805905713236722	-0.03471105524212004	3.954814987168577e-10	4.9612823699214045e-11	40	33	28	MISSING_OUTCOME_VARIANTS;PALINDROMIC_REMOVALS	NULL	True	False	binary traits use effective N=4/(1/cases+1/controls); r2 uses 2*p*(1-p)*beta^2; reference EAF fallback when source EAF missing	-0.02599501088434297	-0.010679720931152041	ret_inl_elm_left__sys_t2d_scott2017
ret_inl_elm_left	neuroretina	sys_ckd_wuttke2019	ret_inl_elm_left_to_sys_ckd_wuttke2019	ret_inl_elm_left	sys_ckd_wuttke2019	84	78	76	83.06779598018376	30.480385919668453	IVW_random_effects	-0.020775080422658333	0.025203886879318103	-0.07017379097654207	0.028623630131225403	0.9794392348557167	0.4097800168433843	0.9821744431820366	0.4097800168433843	106.63157918907694	0.00959519678510401	0.0017478150706317227	0.31789009810663893	True	0.0	0.13034340826464058	0.006497416152384909	COMPUTED_NO_OUTLIER	COMPUTED	0.026262863619713736	0.017218010367492598	-0.015358604332602038	0.16360451784881536	0.3610910940011415	84	78	76	MISSING_OUTCOME_VARIANTS;PALINDROMIC_REMOVALS	NULL	False	True	binary traits use effective N=4/(1/cases+1/controls); r2 uses 2*p*(1-p)*beta^2; reference EAF fallback when source EAF missing	-0.02589667245875584	-0.007244321216141407	ret_inl_elm_left__sys_ckd_wuttke2019
ret_inl_elm_left	neuroretina	sys_ckd_wuttke2019	sys_ckd_wuttke2019_to_ret_inl_elm_left	sys_ckd_wuttke2019	ret_inl_elm_left	23	17	16	60.757203317463535	29.56640625000001	IVW_random_effects	-0.022988837584749518	0.02820396117933496	-0.07826758571761035	0.03228991054811131	NA	0.4150193571216585	0.9821744431820366	0.4150193571216585	24.82818023413958	0.05229906354134228	0.000902888733132189	0.7627452840934595	True	0.0	0.05036925291400002	0.0005630727741615632	COMPUTED_NO_OUTLIER	COMPUTED	0.03970187751452838	0.0159680954314132	-0.009767810523145574	0.048284706103575555	0.4270287552145128	23	17	16	MISSING_OUTCOME_VARIANTS;PALINDROMIC_REMOVALS	NULL	True	False	binary traits use effective N=4/(1/cases+1/controls); r2 uses 2*p*(1-p)*beta^2; reference EAF fallback when source EAF missing	-0.032636157150984696	0.002528413400575018	ret_inl_elm_left__sys_ckd_wuttke2019
ret_inl_elm_left	neuroretina	sys_ad_kunkle2019	ret_inl_elm_left_to_sys_ad_kunkle2019	ret_inl_elm_left	sys_ad_kunkle2019	84	80	78	83.06779598018376	30.480385919668453	IVW_random_effects	0.0015251694915651393	0.02864915643464279	-0.05462614530778712	0.05767648429091741	1.0015263331540731	0.957543788997779	0.9821744431820366	0.957543788997779	74.30273398423753	0.5659333897188918	0.0005299863892349428	0.7971482252497412	True	0.0	0.13348499523349217	0.008706921755305295	COMPUTED_NO_OUTLIER	COMPUTED	-0.02211609567975894	0.026958129953016163	-0.000934623885427169	0.440136198714028	0.34671785013330436	84	80	78	MISSING_OUTCOME_VARIANTS;PALINDROMIC_REMOVALS	NULL	False	True	binary traits use effective N=4/(1/cases+1/controls); r2 uses 2*p*(1-p)*beta^2; reference EAF fallback when source EAF missing	-0.01295567244637505	0.00973442755174037	ret_inl_elm_left__sys_ad_kunkle2019
ret_inl_elm_left	neuroretina	sys_ad_kunkle2019	sys_ad_kunkle2019_to_ret_inl_elm_left	sys_ad_kunkle2019	ret_inl_elm_left	19	18	18	194.99015118294395	30.46466520492495	IVW_random_effects	0.0136637345472608	0.01828702353635444	-0.02217817296842921	0.049505642062950814	NA	0.4549537168625256	0.9821744431820366	0.4549537168625256	40.370169722344315	0.0011472754086017112	-0.0016431505181379279	0.5787557745769636	True	0.0	0.3346634975276982	0.000900393751228942	COMPUTED_NO_OUTLIER	COMPUTED	-0.01206267481611934	-0.008629640748817557	-0.003257686673045049	0.1180609409570838	0.2635049723728663	19	18	18	MISSING_OUTCOME_VARIANTS	NULL	True	False	binary traits use effective N=4/(1/cases+1/controls); r2 uses 2*p*(1-p)*beta^2; reference EAF fallback when source EAF missing	0.0069889377095553075	0.021457364331515683	ret_inl_elm_left__sys_ad_kunkle2019
ret_inl_elm_left	neuroretina	sys_pd_nalls2019_clinical	ret_inl_elm_left_to_sys_pd_nalls2019_clinical	ret_inl_elm_left	sys_pd_nalls2019_clinical	84	75	73	83.06779598018376	30.480385919668453	IVW_random_effects	-0.03476631901312063	0.058371040920509355	-0.14917145695742956	0.07963881893118828	0.96583108625054	0.5514364433684387	0.9821744431820366	0.5514364433684387	92.452105097565	0.052644315895107874	0.003809068646187726	0.31969089918920857	True	5.064928806064047e-161	0.12194642413572475	0.025716827629935123	COMPUTED_NO_OUTLIER	COMPUTED	0.020907380305247754	0.018873583194839005	-0.02171305067818512	0.638832085744724	0.6718011384892928	84	75	73	MISSING_OUTCOME_VARIANTS;PALINDROMIC_REMOVALS	NULL	False	True	binary traits use effective N=4/(1/cases+1/controls); r2 uses 2*p*(1-p)*beta^2; reference EAF fallback when source EAF missing	-0.04908396227348015	-0.011509039046957714	ret_inl_elm_left__sys_pd_nalls2019_clinical
ret_inl_elm_left	neuroretina	sys_pd_nalls2019_clinical	sys_pd_nalls2019_clinical_to_ret_inl_elm_left	sys_pd_nalls2019_clinical	ret_inl_elm_left	15	10	9	50.47042387505873	30.052886259040108	IVW_random_effects	-0.01463405746606	0.039160861091155214	-0.09138793480829803	0.062119819876178026	NA	0.7086342956337345	0.9821744431820366	0.7086342956337345	51.23197989461258	2.367416596094074e-08	0.004812066916909101	0.611383393497098	True	0.0	0.11594172021101959	0.0021032728070914317	COMPUTED_NO_OUTLIER	COMPUTED	0.011288374760994263	0.02493342238286078	-0.03531689934822539	0.4427894411803307	0.09003525573244253	15	10	9	MISSING_OUTCOME_VARIANTS;PALINDROMIC_REMOVALS	NULL	True	False	binary traits use effective N=4/(1/cases+1/controls); r2 uses 2*p*(1-p)*beta^2; reference EAF fallback when source EAF missing	-0.03219182411801967	0.019879169391870455	ret_inl_elm_left__sys_pd_nalls2019_clinical
ret_inl_elm_left	neuroretina	sys_sle_bentham2015	ret_inl_elm_left_to_sys_sle_bentham2015	ret_inl_elm_left	sys_sle_bentham2015	84	67	65	83.06779598018376	30.480385919668453	IVW_random_effects	-0.051651264802596075	0.0670212940105181	-0.18301058726047797	0.07970805765528582	0.949659988966283	0.440902875402749	0.9821744431820366	0.440902875402749	69.20843006805883	0.3060710748512875	-0.004060200802857224	0.3823656585707481	True	6.647021489272173e-73	0.11837166764244039	0.03247171375052602	COMPUTED_NO_OUTLIER	COMPUTED	-0.10214457789891711	-0.07454773969302719	-0.04486068678960722	0.08673545236303784	0.2112628135623733	84	67	65	MISSING_OUTCOME_VARIANTS;PALINDROMIC_REMOVALS	NULL	False	True	binary traits use effective N=4/(1/cases+1/controls); r2 uses 2*p*(1-p)*beta^2; reference EAF fallback when source EAF missing	-0.07075281692272781	-0.027716287376292562	ret_inl_elm_left__sys_sle_bentham2015
ret_inl_elm_left	neuroretina	sys_sle_bentham2015	sys_sle_bentham2015_to_ret_inl_elm_left	sys_sle_bentham2015	ret_inl_elm_left	43	29	28	96.61952184324993	29.960511751951863	IVW_random_effects	0.007533198814232606	0.005586994658104518	-0.003417109497469619	0.01848350712593483	NA	0.17754730096850957	0.9821744431820366	0.17754730096850957	38.667780384338926	0.06789721227242751	0.0009652962629850242	0.6407902610988137	True	0.0	0.9999980000009999	0.00089397900682234	COMPUTED_NO_OUTLIER	COMPUTED	0.00960816762124295	0.0059790882342997675	0.007710394639330866	0.026126083796738458	0.1663018601244607	43	29	28	MISSING_OUTCOME_VARIANTS;INCOMPATIBLE_ALLELES_REMOVED	NULL	True	False	binary traits use effective N=4/(1/cases+1/controls); r2 uses 2*p*(1-p)*beta^2; reference EAF fallback when source EAF missing	0.005400428039885026	0.009376672359462657	ret_inl_elm_left__sys_sle_bentham2015
ret_inl_elm_left	neuroretina	sys_ibd_delange2017	ret_inl_elm_left_to_sys_ibd_delange2017	ret_inl_elm_left	sys_ibd_delange2017	84	71	69	83.06779598018376	30.480385919668453	IVW_random_effects	0.006285462202972927	0.037400902703808914	-0.06701896008577726	0.0795898844917231	1.0063052571723035	0.866538885256557	0.9821744431820366	0.866538885256557	112.02113563390348	0.0006210588256331251	0.005443815418941428	0.05556240991439678	True	0.0	0.12267936695502012	0.012563343192647422	COMPUTED_NO_OUTLIER	COMPUTED	0.028681811584687373	0.03989678268175867	-0.006489392464680244	0.26203098487390697	0.11872073090479378	84	71	69	MISSING_OUTCOME_VARIANTS;PALINDROMIC_REMOVALS	NULL	False	True	binary traits use effective N=4/(1/cases+1/controls); r2 uses 2*p*(1-p)*beta^2; reference EAF fallback when source EAF missing	-0.0033969221571969496	0.01855814774722263	ret_inl_elm_left__sys_ibd_delange2017
ret_inl_elm_left	neuroretina	sys_ibd_delange2017	sys_ibd_delange2017_to_ret_inl_elm_left	sys_ibd_delange2017	ret_inl_elm_left	117	101	90	70.31409626292229	29.86149172298345	IVW_random_effects	-0.002454597233341536	0.007446716864817062	-0.0170498940914496	0.01214069962476653	NA	0.7416860511671937	0.9821744431820366	0.7416860511671937	111.02649626394717	0.05698391478467402	0.00108533580384533	0.2208639125882259	NA	NA	NA	NA	COMPUTED_NO_OUTLIER	COMPUTED	0.0099428208386277	0.02240331086223657	-0.0011901003842274482	0.11580010129849051	0.00039482919815273703	117	101	90	MISSING_OUTCOME_VARIANTS;PALINDROMIC_REMOVALS	NULL	True	False	binary traits use effective N=4/(1/cases+1/controls); r2 uses 2*p*(1-p)*beta^2; reference EAF fallback when source EAF missing	-0.0041897644532075794	0.0003954153057714593	ret_inl_elm_left__sys_ibd_delange2017
ret_elm_isos_left	outer_retina	sys_cad_nikpay2015	ret_elm_isos_left_to_sys_cad_nikpay2015	ret_elm_isos_left	sys_cad_nikpay2015	22	22	20	52.187074658749815	29.909437620033845	IVW_random_effects	0.055132155897995694	0.054952380513909736	-0.05257253077400509	0.16283684256999648	1.0566802519759388	0.31572989481437563	0.9821744431820366	0.31572989481437563	25.181208411833502	0.15466358148751191	0.0020798170192216866	0.49679232077069924	True	7.615449416200053e-103	0.021712890619646312	0.00145565572936417	COMPUTED_NO_OUTLIER	COMPUTED	0.08130081300813008	0.045995422388581786	0.06962223124809346	0.07531265167487512	0.3143161942352849	22	22	20	PALINDROMIC_REMOVALS	NULL	False	True	binary traits use effective N=4/(1/cases+1/controls); r2 uses 2*p*(1-p)*beta^2; reference EAF fallback when source EAF missing	0.0353050370653804	0.07146814341222442	ret_elm_isos_left__sys_cad_nikpay2015
ret_elm_isos_left	outer_retina	sys_cad_nikpay2015	sys_cad_nikpay2015_to_ret_elm_isos_left	sys_cad_nikpay2015	ret_elm_isos_left	41	32	30	60.60758220316102	29.88157247129896	IVW_random_effects	-0.020773189144237193	0.020266458466648058	-0.06049471783304314	0.018948339544568756	NA	0.30536157617801074	0.9821744431820366	0.30536157617801074	48.066656839880004	0.014465596708726047	-0.0002451875258954667	0.9081704339539252	True	0.0	0.09615666865992828	0.0013101127727911674	COMPUTED_NO_OUTLIER	COMPUTED	0.0005734949043238242	0.006038849348053099	-0.02165579379862193	0.9676747373556396	0.6695814978552008	41	32	30	MISSING_OUTCOME_VARIANTS;PALINDROMIC_REMOVALS	NULL	True	False	binary traits use effective N=4/(1/cases+1/controls); r2 uses 2*p*(1-p)*beta^2; reference EAF fallback when source EAF missing	-0.027308491043001974	-0.011576737036167881	ret_elm_isos_left__sys_cad_nikpay2015
ret_elm_isos_left	outer_retina	sys_stroke_megastroke2018	ret_elm_isos_left_to_sys_stroke_megastroke2018	ret_elm_isos_left	sys_stroke_megastroke2018	22	22	20	52.187074658749815	29.909437620033845	IVW_random_effects	0.013433909544959285	0.05029646409963927	-0.08514534864004276	0.11201316772996132	1.0135245499379455	0.7893963927743513	0.9821744431820366	0.7893963927743513	19.631507224123823	0.4170503023253035	0.006301696031075304	0.009820888484716971	True	4.882631611193879e-106	0.021712890619646312	0.0010678195963060597	COMPUTED_NO_OUTLIER	COMPUTED	-0.03593138043676936	0.0004952915929898882	0.025203578388945946	0.46466510989983134	0.9919582964709514	22	22	20	PALINDROMIC_REMOVALS	NULL	False	True	binary traits use effective N=4/(1/cases+1/controls); r2 uses 2*p*(1-p)*beta^2; reference EAF fallback when source EAF missing	-0.005374870263104803	0.030353245557151833	ret_elm_isos_left__sys_stroke_megastroke2018
ret_elm_isos_left	outer_retina	sys_stroke_megastroke2018	sys_stroke_megastroke2018_to_ret_elm_isos_left	sys_stroke_megastroke2018	ret_elm_isos_left	10	7	7	39.985710087874416	30.39364839319471	IVW_random_effects	0.004557544238334382	0.04849896996960525	-0.09049869018937894	0.09961377866604769	NA	0.9251314148997857	0.9821744431820366	0.9251314148997857	8.502183912670882	0.20357046113564103	0.017787257232361225	0.5936231652673387	True	2.9239786986352106e-78	0.012601395412303798	0.00018832037683147958	COMPUTED_NO_OUTLIER	COMPUTED	-0.01772807570977918	-0.030654745603368727	-0.23624604782592734	0.6625889402470131	0.4505454539102215	10	7	7	MISSING_OUTCOME_VARIANTS	NULL	True	False	binary traits use effective N=4/(1/cases+1/controls); r2 uses 2*p*(1-p)*beta^2; reference EAF fallback when source EAF missing	-0.029441771173624887	0.027943881877979672	ret_elm_isos_left__sys_stroke_megastroke2018
ret_elm_isos_left	outer_retina	sys_t2d_scott2017	ret_elm_isos_left_to_sys_t2d_scott2017	ret_elm_isos_left	sys_t2d_scott2017	22	22	20	52.187074658749815	29.909437620033845	IVW_random_effects	-0.008386603925020069	0.07323086783035566	-0.15191646742912607	0.1351432595790859	0.9916484655313187	0.9088233746545433	0.9821744431820366	0.9088233746545433	26.79012404413885	0.1096374428339637	0.0015480295912615352	0.6975618584516879	True	3.15424489256291e-74	0.021712890619646312	0.00214904917137074	COMPUTED_NO_OUTLIER	COMPUTED	-0.05722410279209603	-0.1389136776213702	-0.018188506533866555	0.3381982904629449	0.020075761537244084	22	22	20	PALINDROMIC_REMOVALS	NULL	False	True	binary traits use effective N=4/(1/cases+1/controls); r2 uses 2*p*(1-p)*beta^2; reference EAF fallback when source EAF missing	-0.0416509610859641	0.015020567767981554	ret_elm_isos_left__sys_t2d_scott2017
ret_elm_isos_left	outer_retina	sys_t2d_scott2017	sys_t2d_scott2017_to_ret_elm_isos_left	sys_t2d_scott2017	ret_elm_isos_left	40	33	28	61.27339099856256	29.160000000000004	IVW_random_effects	0.01842702015110712	0.012109234642670268	-0.005306643628870702	0.042160683931084936	NA	0.1280760328352566	0.9821744431820366	0.1280760328352566	22.542107397035128	0.7093490645165645	0.0009826343474340885	0.4451071904439662	NA	NA	NA	NA	COMPUTED_NO_OUTLIER	COMPUTED	0.019289413793103453	0.010015077963475089	0.019206710952143317	0.11117125132149615	0.40820238245622875	40	33	28	MISSING_OUTCOME_VARIANTS;PALINDROMIC_REMOVALS	NULL	True	False	binary traits use effective N=4/(1/cases+1/controls); r2 uses 2*p*(1-p)*beta^2; reference EAF fallback when source EAF missing	0.014595516174324405	0.021220333537011842	ret_elm_isos_left__sys_t2d_scott2017
ret_elm_isos_left	outer_retina	sys_ckd_wuttke2019	ret_elm_isos_left_to_sys_ckd_wuttke2019	ret_elm_isos_left	sys_ckd_wuttke2019	22	21	19	52.187074658749815	29.909437620033845	IVW_random_effects	-0.03456589000323945	0.06728882838825279	-0.16644957020610765	0.09731779019962875	0.9660246862197467	0.6074657127341292	0.9821744431820366	0.6074657127341292	34.008508017112455	0.012565084456340525	-0.0024242391144598577	0.5125300948517568	True	1.2361005626088557e-91	0.020962538889440614	0.001678078893781429	COMPUTED_NO_OUTLIER	COMPUTED	-0.05210352344866969	-0.027813126752676443	-0.049765556916953266	0.27081404786583263	0.5566526143000701	22	21	19	MISSING_OUTCOME_VARIANTS;PALINDROMIC_REMOVALS	NULL	False	True	binary traits use effective N=4/(1/cases+1/controls); r2 uses 2*p*(1-p)*beta^2; reference EAF fallback when source EAF missing	-0.06531254081964737	-0.003692079230841834	ret_elm_isos_left__sys_ckd_wuttke2019
ret_elm_isos_left	outer_retina	sys_ckd_wuttke2019	sys_ckd_wuttke2019_to_ret_elm_isos_left	sys_ckd_wuttke2019	ret_elm_isos_left	23	17	16	60.757203317463535	29.56640625000001	IVW_random_effects	-0.003677277076538181	0.028095743364525232	-0.05874392218988632	0.05138936803680996	NA	0.8958672464575683	0.9821744431820366	0.8958672464575683	24.95479470478453	0.05055383715784845	-0.0012812737372315636	0.6636078285415202	True	0.0	0.05036925291400002	0.0005398731182130055	COMPUTED_NO_OUTLIER	COMPUTED	0.01522220744680851	0.012620165000258754	-0.02105392701088277	0.4461783495714028	0.5276604265150829	23	17	16	MISSING_OUTCOME_VARIANTS;PALINDROMIC_REMOVALS	NULL	True	False	binary traits use effective N=4/(1/cases+1/controls); r2 uses 2*p*(1-p)*beta^2; reference EAF fallback when source EAF missing	-0.011752428523414486	0.007012564778446499	ret_elm_isos_left__sys_ckd_wuttke2019
ret_elm_isos_left	outer_retina	sys_ad_kunkle2019	ret_elm_isos_left_to_sys_ad_kunkle2019	ret_elm_isos_left	sys_ad_kunkle2019	22	22	20	52.187074658749815	29.909437620033845	IVW_random_effects	0.0032006160857431837	0.08241145268102909	-0.15832286308269627	0.16472409525418263	1.003205743526271	0.9690203211751343	0.9821744431820366	0.9690203211751343	24.52586943516193	0.17674757577553135	-0.001442253447286423	0.7542709967886958	True	1.1414748290623361e-52	0.021712890619646312	0.0030191774793632033	COMPUTED_NO_OUTLIER	COMPUTED	-0.05755809770487086	-0.09463708478707811	-0.005913953017116416	0.4130035832285345	0.17831060749590566	22	22	20	PALINDROMIC_REMOVALS	NULL	False	True	binary traits use effective N=4/(1/cases+1/controls); r2 uses 2*p*(1-p)*beta^2; reference EAF fallback when source EAF missing	-0.02800932553515768	0.023340327912564178	ret_elm_isos_left__sys_ad_kunkle2019
ret_elm_isos_left	outer_retina	sys_ad_kunkle2019	sys_ad_kunkle2019_to_ret_elm_isos_left	sys_ad_kunkle2019	ret_elm_isos_left	19	18	18	194.99015118294395	30.46466520492495	IVW_random_effects	0.0009229961333332545	0.007636248491797635	-0.014043775887588004	0.015889768154254514	NA	0.9037937162869245	0.9821744431820366	0.9037937162869245	11.013463155101881	0.8558632523135674	-0.00043520419966488344	0.7719819880337115	True	0.0	0.3346634975276982	0.00023027379013205182	COMPUTED_NO_OUTLIER	COMPUTED	0.003280047653579198	0.001652596970132536	0.00108000427343477	0.667532817919239	0.8286644533301464	19	18	18	MISSING_OUTCOME_VARIANTS	NULL	True	False	binary traits use effective N=4/(1/cases+1/controls); r2 uses 2*p*(1-p)*beta^2; reference EAF fallback when source EAF missing	-0.004076801113123255	0.0029159995348501137	ret_elm_isos_left__sys_ad_kunkle2019
ret_elm_isos_left	outer_retina	sys_pd_nalls2019_clinical	ret_elm_isos_left_to_sys_pd_nalls2019_clinical	ret_elm_isos_left	sys_pd_nalls2019_clinical	22	18	17	52.187074658749815	29.909437620033845	IVW_random_effects	0.1654210952176287	0.10879941090398451	-0.0478218316933495	0.37866402212860695	1.1798898600937542	0.12840477026398184	0.9821744431820366	0.12840477026398184	6.8960152640427985	0.9752136291049421	0.0014606217630997384	0.7174624895588164	True	1.1668602521064395e-34	0.01913664193570315	0.002203022465886913	COMPUTED_NO_OUTLIER	COMPUTED	0.2309860022482637	0.14749774766010337	0.17115079173009615	0.0337501143370532	0.17519936051274831	22	18	17	MISSING_OUTCOME_VARIANTS;PALINDROMIC_REMOVALS	NULL	False	True	binary traits use effective N=4/(1/cases+1/controls); r2 uses 2*p*(1-p)*beta^2; reference EAF fallback when source EAF missing	0.1350832281330612	0.19045818524184027	ret_elm_isos_left__sys_pd_nalls2019_clinical
ret_elm_isos_left	outer_retina	sys_pd_nalls2019_clinical	sys_pd_nalls2019_clinical_to_ret_elm_isos_left	sys_pd_nalls2019_clinical	ret_elm_isos_left	15	10	9	50.47042387505873	30.052886259040108	IVW_random_effects	0.002023605314614956	0.021722238990460004	-0.04055120077025718	0.044598411399487094	NA	0.9257778584428235	0.9821744431820366	0.9257778584428235	17.553331763790688	0.024836198297215506	0.0034971074272378846	0.3730617880093048	True	0.0	0.11594172021101959	0.0003928130204348469	COMPUTED_NO_OUTLIER	COMPUTED	0.016490054347826088	0.03997209788200595	-0.005099528686816947	0.23654419175741626	0.004114750927875387	15	10	9	MISSING_OUTCOME_VARIANTS;PALINDROMIC_REMOVALS	NULL	True	False	binary traits use effective N=4/(1/cases+1/controls); r2 uses 2*p*(1-p)*beta^2; reference EAF fallback when source EAF missing	-0.006625534624590148	0.014308181128958807	ret_elm_isos_left__sys_pd_nalls2019_clinical
ret_elm_isos_left	outer_retina	sys_sle_bentham2015	ret_elm_isos_left_to_sys_sle_bentham2015	ret_elm_isos_left	sys_sle_bentham2015	22	18	17	52.187074658749815	29.909437620033845	IVW_random_effects	-0.06916044966205735	0.23326989581485227	-0.5263610441365659	0.3880401448124512	0.9331769401409767	0.7668616040619318	0.9821744431820366	0.7668616040619318	36.21110364245386	0.002704364271530646	-0.001085458740627635	0.9351386175014204	True	0.45972118224743463	0.019646496704971463	0.01770718055055044	COMPUTED_NO_OUTLIER	COMPUTED	-0.26583569179027655	-0.08224630507562125	-0.06427035958299457	0.07519307188285299	0.5819840679550055	22	18	17	MISSING_OUTCOME_VARIANTS;PALINDROMIC_REMOVALS	NULL	False	True	binary traits use effective N=4/(1/cases+1/controls); r2 uses 2*p*(1-p)*beta^2; reference EAF fallback when source EAF missing	-0.14995856498848767	0.04759133689193683	ret_elm_isos_left__sys_sle_bentham2015
ret_elm_isos_left	outer_retina	sys_sle_bentham2015	sys_sle_bentham2015_to_ret_elm_isos_left	sys_sle_bentham2015	ret_elm_isos_left	43	29	28	96.61952184324993	29.960511751951863	IVW_random_effects	-0.0018997983613704464	0.004506982841144746	-0.010733322408953914	0.00693372568621302	NA	0.6733729876308752	0.9821744431820366	0.6733729876308752	28.52020078837653	0.3845408822267311	-0.0012620724948263849	0.46665564480852184	True	0.0	0.9999980000009999	0.0005188170638271047	COMPUTED_NO_OUTLIER	COMPUTED	-0.0027253246030283923	-0.0010988443241127521	-0.0003915152005956066	0.5246501820539111	0.7975556951760374	43	29	28	MISSING_OUTCOME_VARIANTS;INCOMPATIBLE_ALLELES_REMOVED	NULL	True	False	binary traits use effective N=4/(1/cases+1/controls); r2 uses 2*p*(1-p)*beta^2; reference EAF fallback when source EAF missing	-0.007325755489440286	0.00021088914953093453	ret_elm_isos_left__sys_sle_bentham2015
ret_elm_isos_left	outer_retina	sys_ibd_delange2017	ret_elm_isos_left_to_sys_ibd_delange2017	ret_elm_isos_left	sys_ibd_delange2017	22	18	16	52.187074658749815	29.909437620033845	IVW_random_effects	-0.015577441286910345	0.08809979140921845	-0.18824985949446502	0.1570949769206443	0.9845432595023937	0.8596530228106299	0.9821744431820366	0.8596530228106299	23.6237686998914	0.07176423020542222	0.0007407109724035708	0.8823084924146002	True	4.337217365813371e-48	0.017884416323869244	0.0020835312215725563	COMPUTED_NO_OUTLIER	COMPUTED	0.07464565796100439	0.030955392734803633	-0.011055013862695256	0.26588421647920646	0.6445195471321392	22	18	16	MISSING_OUTCOME_VARIANTS;PALINDROMIC_REMOVALS	NULL	False	True	binary traits use effective N=4/(1/cases+1/controls); r2 uses 2*p*(1-p)*beta^2; reference EAF fallback when source EAF missing	-0.04590414441160204	0.027384807460494456	ret_elm_isos_left__sys_ibd_delange2017
ret_elm_isos_left	outer_retina	sys_ibd_delange2017	sys_ibd_delange2017_to_ret_elm_isos_left	sys_ibd_delange2017	ret_elm_isos_left	117	101	90	70.31409626292229	29.86149172298345	IVW_random_effects	0.0019146264560627548	0.008070970623742109	-0.01390418528675212	0.01773343819887763	NA	0.8124831605082514	0.9821744431820366	0.8124831605082514	129.1071245334271	0.0035318602662754994	0.00035479900916092255	0.7163984517478005	NA	NA	NA	NA	COMPUTED_NO_OUTLIER	COMPUTED	0.006829576746557878	0.007364085272036691	6.2966625687268e-05	0.2777515834207188	0.24186805722510973	117	101	90	MISSING_OUTCOME_VARIANTS;PALINDROMIC_REMOVALS	NULL	True	False	binary traits use effective N=4/(1/cases+1/controls); r2 uses 2*p*(1-p)*beta^2; reference EAF fallback when source EAF missing	-0.00022233863576298524	0.004157619322059041	ret_elm_isos_left__sys_ibd_delange2017
ret_isos_rpe_left	outer_retina	sys_cad_nikpay2015	ret_isos_rpe_left_to_sys_cad_nikpay2015	ret_isos_rpe_left	sys_cad_nikpay2015	51	49	49	77.10401759957487	31.470203264985624	IVW_random_effects	0.020627836596390815	0.03527551144570848	-0.04851089537342635	0.08976656856620799	1.0208420608766637	0.5587066536027148	0.9821744431820366	0.5587066536027148	89.35706705198069	0.00027060930837163877	-0.0016455875755659601	0.48227790120995373	True	0.0	0.07640556711500412	0.0044913622860793855	COMPUTED_NO_OUTLIER	COMPUTED	0.04609331084879146	0.06089100869148378	0.019312455198335257	0.06067228487975787	0.01320828441964507	51	49	49	MISSING_OUTCOME_VARIANTS	NULL	False	True	binary traits use effective N=4/(1/cases+1/controls); r2 uses 2*p*(1-p)*beta^2; reference EAF fallback when source EAF missing	0.010240275938233546	0.033353484313304836	ret_isos_rpe_left__sys_cad_nikpay2015
ret_isos_rpe_left	outer_retina	sys_cad_nikpay2015	sys_cad_nikpay2015_to_ret_isos_rpe_left	sys_cad_nikpay2015	ret_isos_rpe_left	41	32	30	60.60758220316102	29.88157247129896	IVW_random_effects	0.01097019450215173	0.0217418580875175	-0.031643064306362295	0.05358345331066576	NA	0.6138639493931317	0.9821744431820366	0.6138639493931317	53.61038744762423	0.0035860022861219365	0.0021136738017835696	0.33273550503482885	True	0.0	0.09615666865992828	0.0012949985609456468	COMPUTED_NO_OUTLIER	COMPUTED	-0.006051157956784091	-0.005117168153070284	0.011671597652556867	0.6728440595874772	0.7210361003288079	41	32	30	MISSING_OUTCOME_VARIANTS;PALINDROMIC_REMOVALS	NULL	True	False	binary traits use effective N=4/(1/cases+1/controls); r2 uses 2*p*(1-p)*beta^2; reference EAF fallback when source EAF missing	0.002999649525494473	0.017132755218805258	ret_isos_rpe_left__sys_cad_nikpay2015
ret_isos_rpe_left	outer_retina	sys_stroke_megastroke2018	ret_isos_rpe_left_to_sys_stroke_megastroke2018	ret_isos_rpe_left	sys_stroke_megastroke2018	51	47	47	77.10401759957487	31.470203264985624	IVW_random_effects	0.026655655674376562	0.03215932866978425	-0.03637547028538524	0.08968678163413837	1.0270140953923377	0.407182320721417	0.9821744431820366	0.407182320721417	61.23978346509646	0.06566386992544415	-0.0008399408182913388	0.6947561690992193	True	0.0	0.07295533497768256	0.003405587146330072	COMPUTED_NO_OUTLIER	COMPUTED	-0.01839289053471198	-0.03490973795704666	0.02427458393790014	0.49420267130419726	0.1944422044406846	51	47	47	MISSING_OUTCOME_VARIANTS	NULL	False	True	binary traits use effective N=4/(1/cases+1/controls); r2 uses 2*p*(1-p)*beta^2; reference EAF fallback when source EAF missing	0.007592851659131361	0.03686980328876213	ret_isos_rpe_left__sys_stroke_megastroke2018
ret_isos_rpe_left	outer_retina	sys_stroke_megastroke2018	sys_stroke_megastroke2018_to_ret_isos_rpe_left	sys_stroke_megastroke2018	ret_isos_rpe_left	10	7	7	39.985710087874416	30.39364839319471	IVW_random_effects	-0.027155837375280885	0.04395686946625573	-0.11330971840226814	0.05899804365170636	NA	0.5367179307929619	0.9821744431820366	0.5367179307929619	6.903753596113581	0.32983986386058706	0.0150670649126028	0.614289284153621	True	1.3244798498680914e-79	0.012601395412303798	0.00016957665721662864	COMPUTED_NO_OUTLIER	COMPUTED	-0.02117192429022082	0.010169015931123238	-0.23722501253230377	0.6050982018788553	0.8038571067386215	10	7	7	MISSING_OUTCOME_VARIANTS	NULL	True	False	binary traits use effective N=4/(1/cases+1/controls); r2 uses 2*p*(1-p)*beta^2; reference EAF fallback when source EAF missing	-0.047055665834217726	0.008567061993615973	ret_isos_rpe_left__sys_stroke_megastroke2018
ret_isos_rpe_left	outer_retina	sys_t2d_scott2017	ret_isos_rpe_left_to_sys_t2d_scott2017	ret_isos_rpe_left	sys_t2d_scott2017	51	49	49	77.10401759957487	31.470203264985624	IVW_random_effects	0.037186101035093115	0.03998306551936097	-0.0411792673743575	0.11555146944454373	1.0378861545540787	0.35234712709114246	0.9821744431820366	0.35234712709114246	69.82481586933095	0.02147731500425465	0.0036909426000003897	0.1553949966493771	True	2.0505732757422646e-303	0.07640556711500412	0.005730707394393017	COMPUTED_NO_OUTLIER	COMPUTED	0.0923427085026825	0.13329391274353064	0.05781723338250382	0.0036274716524649364	2.6826894077566143e-05	51	49	49	MISSING_OUTCOME_VARIANTS	NULL	False	True	binary traits use effective N=4/(1/cases+1/controls); r2 uses 2*p*(1-p)*beta^2; reference EAF fallback when source EAF missing	0.024663962975523437	0.05484127489735398	ret_isos_rpe_left__sys_t2d_scott2017
ret_isos_rpe_left	outer_retina	sys_t2d_scott2017	sys_t2d_scott2017_to_ret_isos_rpe_left	sys_t2d_scott2017	ret_isos_rpe_left	40	33	28	61.27339099856256	29.160000000000004	IVW_random_effects	-0.019171883909842122	0.01777178057233783	-0.05400393377277195	0.0156601659530877	NA	0.28068474722576886	0.9821744431820366	0.28068474722576886	46.00018298798362	0.012722343189693786	-0.0024083739296911462	0.19645463255537132	NA	NA	NA	NA	COMPUTED_NO_OUTLIER	COMPUTED	0.0002179796551724138	0.012004753936827373	-0.012512867649316103	0.9858988952484752	0.3303749757868527	40	33	28	MISSING_OUTCOME_VARIANTS;PALINDROMIC_REMOVALS	NULL	True	False	binary traits use effective N=4/(1/cases+1/controls); r2 uses 2*p*(1-p)*beta^2; reference EAF fallback when source EAF missing	-0.024138671680069827	-0.011048878863276422	ret_isos_rpe_left__sys_t2d_scott2017
ret_isos_rpe_left	outer_retina	sys_ckd_wuttke2019	ret_isos_rpe_left_to_sys_ckd_wuttke2019	ret_isos_rpe_left	sys_ckd_wuttke2019	51	49	49	77.10401759957487	31.470203264985624	IVW_random_effects	-0.0023674772956631834	0.028477314842060064	-0.05818198876250731	0.05344703417118095	0.9976353229684197	0.9337437570827206	0.9821744431820366	0.9337437570827206	61.505445032273784	0.09117526186713487	-0.0010940692248748213	0.5633157162055842	True	0.0	0.07640556711500412	0.0028852360396590783	COMPUTED_NO_OUTLIER	COMPUTED	0.014698533086397977	0.028943966688181444	-0.0060491574475832225	0.5448792884073006	0.23316773527155366	51	49	49	MISSING_OUTCOME_VARIANTS	NULL	False	True	binary traits use effective N=4/(1/cases+1/controls); r2 uses 2*p*(1-p)*beta^2; reference EAF fallback when source EAF missing	-0.009309632119269537	0.005584400703582217	ret_isos_rpe_left__sys_ckd_wuttke2019
ret_isos_rpe_left	outer_retina	sys_ckd_wuttke2019	sys_ckd_wuttke2019_to_ret_isos_rpe_left	sys_ckd_wuttke2019	ret_isos_rpe_left	23	17	16	60.757203317463535	29.56640625000001	IVW_random_effects	-0.03059562019489108	0.020097081204496273	-0.06998517555007955	0.008793935160297382	NA	0.12791108072480548	0.9821744431820366	0.12791108072480548	10.188916069190933	0.8076912487823318	0.0007965273410127844	0.6676159607530154	True	0.0	0.05036925291400002	0.0002609508280089507	COMPUTED_NO_OUTLIER	COMPUTED	-0.03459392042914618	-0.03663909822312578	-0.026084392138028854	0.08518904876139143	0.06828742169952054	23	17	16	MISSING_OUTCOME_VARIANTS;PALINDROMIC_REMOVALS	NULL	True	False	binary traits use effective N=4/(1/cases+1/controls); r2 uses 2*p*(1-p)*beta^2; reference EAF fallback when source EAF missing	-0.03865241077998597	-0.02442313492397756	ret_isos_rpe_left__sys_ckd_wuttke2019
ret_isos_rpe_left	outer_retina	sys_ad_kunkle2019	ret_isos_rpe_left_to_sys_ad_kunkle2019	ret_isos_rpe_left	sys_ad_kunkle2019	51	49	49	77.10401759957487	31.470203264985624	IVW_random_effects	0.0011565484800419579	0.03735624012873215	-0.07206033677010094	0.07437343373018486	1.001157217540144	0.97530145499469	0.9840879545892368	0.97530145499469	41.99320979135335	0.7162853977476251	0.0024995290157077505	0.2861179016550972	True	7.166134047820913e-274	0.07640556711500412	0.004600204174324385	COMPUTED_NO_OUTLIER	COMPUTED	-0.008576595970500799	0.02193241269162538	0.006997948212346868	0.8184108608177227	0.5571264063016068	51	49	49	MISSING_OUTCOME_VARIANTS	NULL	False	True	binary traits use effective N=4/(1/cases+1/controls); r2 uses 2*p*(1-p)*beta^2; reference EAF fallback when source EAF missing	-0.015174417966102537	0.012930117306848052	ret_isos_rpe_left__sys_ad_kunkle2019
ret_isos_rpe_left	outer_retina	sys_ad_kunkle2019	sys_ad_kunkle2019_to_ret_isos_rpe_left	sys_ad_kunkle2019	ret_isos_rpe_left	19	18	18	194.99015118294395	30.46466520492495	IVW_random_effects	0.020030326765785623	0.014787688088959151	-0.008953009303185454	0.0490136628347567	NA	0.17556821954941781	0.9821744431820366	0.17556821954941781	26.1212448447188	0.07227972569326446	0.005480106596955365	0.00710259281092523	True	0.0	0.3346634975276982	0.0006802372156263073	COMPUTED_NO_OUTLIER	COMPUTED	0.010741634724955972	0.0134540395156178	0.013568650411485387	0.1655235917277622	0.0824048615095679	19	18	18	MISSING_OUTCOME_VARIANTS	NULL	True	False	binary traits use effective N=4/(1/cases+1/controls); r2 uses 2*p*(1-p)*beta^2; reference EAF fallback when source EAF missing	0.012233382957963952	0.025591317829648904	ret_isos_rpe_left__sys_ad_kunkle2019
ret_isos_rpe_left	outer_retina	sys_pd_nalls2019_clinical	ret_isos_rpe_left_to_sys_pd_nalls2019_clinical	ret_isos_rpe_left	sys_pd_nalls2019_clinical	51	47	47	77.10401759957487	31.470203264985624	IVW_random_effects	0.07739821371781999	0.06583388719062817	-0.05163383413808048	0.20643026157372046	1.0804722496079957	0.23973109732792952	0.9821744431820366	0.23973109732792952	56.09197460551392	0.14636210776031455	-0.008979113654946951	0.034112818320496646	True	1.7313905676454236e-88	0.07274023459767677	0.015923866708147043	COMPUTED_NO_OUTLIER	COMPUTED	-0.023585638918877196	0.05611056874372666	0.05542882257071676	0.681958531235044	0.32960938005284346	51	47	47	MISSING_OUTCOME_VARIANTS	NULL	False	True	binary traits use effective N=4/(1/cases+1/controls); r2 uses 2*p*(1-p)*beta^2; reference EAF fallback when source EAF missing	0.053278103298377705	0.09767017514729287	ret_isos_rpe_left__sys_pd_nalls2019_clinical
ret_isos_rpe_left	outer_retina	sys_pd_nalls2019_clinical	sys_pd_nalls2019_clinical_to_ret_isos_rpe_left	sys_pd_nalls2019_clinical	ret_isos_rpe_left	15	10	9	50.47042387505873	30.052886259040108	IVW_random_effects	-0.007113683874304369	0.01425920267139784	-0.035061207558500694	0.02083383980989196	NA	0.6178613134606655	0.9821744431820366	0.6178613134606655	8.267574205244179	0.40777885372716594	0.0035063105719411814	0.1649025963743237	True	0.0	0.11594172021101959	0.00019371174772395066	COMPUTED_NO_OUTLIER	COMPUTED	0.0016960056925996204	0.010614794329069588	-0.007832160293629258	0.903118774597952	0.4461644514612725	15	10	9	MISSING_OUTCOME_VARIANTS;PALINDROMIC_REMOVALS	NULL	True	False	binary traits use effective N=4/(1/cases+1/controls); r2 uses 2*p*(1-p)*beta^2; reference EAF fallback when source EAF missing	-0.015137490837072528	0.006541416910692337	ret_isos_rpe_left__sys_pd_nalls2019_clinical
ret_isos_rpe_left	outer_retina	sys_sle_bentham2015	ret_isos_rpe_left_to_sys_sle_bentham2015	ret_isos_rpe_left	sys_sle_bentham2015	51	41	41	77.10401759957487	31.470203264985624	IVW_random_effects	0.052639724228021184	0.11572636783455535	-0.17417978878933563	0.279459237245378	1.0540498280885084	0.6492072971367626	0.9821744431820366	0.6492072971367626	72.86031309956495	0.001146563841929793	0.00023733323070904426	0.9758816858378383	True	5.3496393643866566e-11	0.061760572991248694	0.03513157582795684	COMPUTED_NO_OUTLIER	COMPUTED	0.10347945192701817	0.057575790994177645	0.07858775769099284	0.1939111675566605	0.4697938520503325	51	41	41	MISSING_OUTCOME_VARIANTS	NULL	False	True	binary traits use effective N=4/(1/cases+1/controls); r2 uses 2*p*(1-p)*beta^2; reference EAF fallback when source EAF missing	0.01728181083226647	0.08706517334905839	ret_isos_rpe_left__sys_sle_bentham2015
ret_isos_rpe_left	outer_retina	sys_sle_bentham2015	sys_sle_bentham2015_to_ret_isos_rpe_left	sys_sle_bentham2015	ret_isos_rpe_left	43	29	28	96.61952184324993	29.960511751951863	IVW_random_effects	-0.0020978608168628703	0.00530522099936407	-0.012495902905641754	0.008300181271916013	NA	0.6925231695255412	0.9821744431820366	0.6925231695255412	35.180329886413865	0.13435650495563212	-0.0030156743084322284	0.12315181574182443	True	0.0	0.9999980000009999	0.0007922991137155568	COMPUTED_NO_OUTLIER	COMPUTED	-0.008089168066620796	-0.0055124601018488595	-0.0021823901184185486	0.06219743160826926	0.20378251813633919	43	29	28	MISSING_OUTCOME_VARIANTS;INCOMPATIBLE_ALLELES_REMOVED	NULL	True	False	binary traits use effective N=4/(1/cases+1/controls); r2 uses 2*p*(1-p)*beta^2; reference EAF fallback when source EAF missing	-0.004207328081429884	-0.0003765771686959013	ret_isos_rpe_left__sys_sle_bentham2015
ret_isos_rpe_left	outer_retina	sys_ibd_delange2017	ret_isos_rpe_left_to_sys_ibd_delange2017	ret_isos_rpe_left	sys_ibd_delange2017	51	48	48	77.10401759957487	31.470203264985624	IVW_random_effects	0.052072280996899985	0.04308002425124332	-0.03236301498864671	0.13650757698244667	1.0534518843139133	0.2267651355528486	0.9821744431820366	0.2267651355528486	76.23825403106068	0.004447825426761587	0.0011955407812168253	0.6779346417861025	True	6.934287321922253e-241	0.07575871283725383	0.006483133671290056	COMPUTED_NO_OUTLIER	COMPUTED	0.07964539917786442	0.06746548644185846	0.04559263361023521	0.014020943821438574	0.03743141973655953	51	48	48	MISSING_OUTCOME_VARIANTS	NULL	False	True	binary traits use effective N=4/(1/cases+1/controls); r2 uses 2*p*(1-p)*beta^2; reference EAF fallback when source EAF missing	0.03862369317837076	0.06860014771322033	ret_isos_rpe_left__sys_ibd_delange2017
ret_isos_rpe_left	outer_retina	sys_ibd_delange2017	sys_ibd_delange2017_to_ret_isos_rpe_left	sys_ibd_delange2017	ret_isos_rpe_left	117	101	90	70.31409626292229	29.86149172298345	IVW_random_effects	-0.0022610212147103673	0.008484385136183567	-0.01889011051259666	0.014368068083175927	NA	0.7898602788615413	0.9821744431820366	0.7898602788615413	138.52730769083368	0.000610221071597361	-0.0007423865084540157	0.4961577140209048	NA	NA	NA	NA	COMPUTED_NO_OUTLIER	COMPUTED	-0.011390697674418606	-0.010942331752120227	-0.002324413948578047	0.0737305358653953	0.08581654711503241	117	101	90	MISSING_OUTCOME_VARIANTS;PALINDROMIC_REMOVALS	NULL	True	False	binary traits use effective N=4/(1/cases+1/controls); r2 uses 2*p*(1-p)*beta^2; reference EAF fallback when source EAF missing	-0.004585971814047194	0.0003373140710442787	ret_isos_rpe_left__sys_ibd_delange2017
ret_macular_total_left	outer_retina	sys_cad_nikpay2015	ret_macular_total_left_to_sys_cad_nikpay2015	ret_macular_total_left	sys_cad_nikpay2015	66	62	60	59.905301276762046	29.810335951361093	IVW_random_effects	0.006144848912828615	0.030017962523775307	-0.052689276523042436	0.06497897434869966	1.0061637672271195	0.83780204380773	0.9821744431820366	0.83780204380773	70.3980612401842	0.14710741483188594	0.0034116057966696433	0.03660618924314483	True	0.0	0.06926514569588141	0.003936881153163156	COMPUTED_NO_OUTLIER	COMPUTED	0.0016347545049700295	0.016765743051360582	-0.001945891856176111	0.9503589774382074	0.5231573554702713	66	62	60	MISSING_OUTCOME_VARIANTS;PALINDROMIC_REMOVALS	NULL	False	True	binary traits use effective N=4/(1/cases+1/controls); r2 uses 2*p*(1-p)*beta^2; reference EAF fallback when source EAF missing	-0.0028470370227451276	0.015160345771244074	ret_macular_total_left__sys_cad_nikpay2015
ret_macular_total_left	outer_retina	sys_cad_nikpay2015	sys_cad_nikpay2015_to_ret_macular_total_left	sys_cad_nikpay2015	ret_macular_total_left	41	32	30	60.60758220316102	29.88157247129896	IVW_random_effects	0.0037768530619559045	0.020783758229346895	-0.03695856453095085	0.04451227065486266	NA	0.8558013927513992	0.9821744431820366	0.8558013927513992	50.680199460992256	0.007621513347494058	0.0010579788978362546	0.6152897959316791	True	0.0	0.09615666865992828	0.001162498944459756	COMPUTED_NO_OUTLIER	COMPUTED	-0.026147024548305496	-0.04598992495395027	-0.014082872575996922	0.06434841531702447	0.0011397900662551215	41	32	30	MISSING_OUTCOME_VARIANTS;PALINDROMIC_REMOVALS	NULL	True	False	binary traits use effective N=4/(1/cases+1/controls); r2 uses 2*p*(1-p)*beta^2; reference EAF fallback when source EAF missing	-0.004260981600763537	0.01120952079785771	ret_macular_total_left__sys_cad_nikpay2015
ret_macular_total_left	outer_retina	sys_stroke_megastroke2018	ret_macular_total_left_to_sys_stroke_megastroke2018	ret_macular_total_left	sys_stroke_megastroke2018	66	61	59	59.905301276762046	29.810335951361093	IVW_random_effects	0.010625298117921603	0.028024835279080385	-0.04430236970174196	0.06555296593758517	1.010681947057481	0.7045849090623413	0.9821744431820366	0.7045849090623413	55.13253494486626	0.5825998433051667	0.0013667214130191202	0.38123218984866025	True	0.0	0.06770156677146097	0.003056806856215411	COMPUTED_NO_OUTLIER	COMPUTED	-0.015335724570386716	-0.007053838967945092	0.011000487634246402	0.5842282295995439	0.8012732899735754	66	61	59	MISSING_OUTCOME_VARIANTS;PALINDROMIC_REMOVALS	NULL	False	True	binary traits use effective N=4/(1/cases+1/controls); r2 uses 2*p*(1-p)*beta^2; reference EAF fallback when source EAF missing	-6.970063019073618e-05	0.019991588358536882	ret_macular_total_left__sys_stroke_megastroke2018
ret_macular_total_left	outer_retina	sys_stroke_megastroke2018	sys_stroke_megastroke2018_to_ret_macular_total_left	sys_stroke_megastroke2018	ret_macular_total_left	10	7	7	39.985710087874416	30.39364839319471	IVW_random_effects	0.09838005082904404	0.040753523982251905	0.01850461158074314	0.17825549007734492	NA	0.0157773531035497	0.9111776534133493	0.0157773531035497	4.924062053466542	0.553589065950131	-0.03166051254695066	0.12716792817844735	True	1.4577862295801978e-76	0.012601395412303798	0.00023057602612010962	COMPUTED_NO_OUTLIER	COMPUTED	0.1294615491009682	0.14405916102105082	0.5354291382272032	0.0014896318830871825	0.00040794734279047664	10	7	7	MISSING_OUTCOME_VARIANTS	SUGGESTIVE	True	False	binary traits use effective N=4/(1/cases+1/controls); r2 uses 2*p*(1-p)*beta^2; reference EAF fallback when source EAF missing	0.08126813995904875	0.12986661668289404	ret_macular_total_left__sys_stroke_megastroke2018
ret_macular_total_left	outer_retina	sys_t2d_scott2017	ret_macular_total_left_to_sys_t2d_scott2017	ret_macular_total_left	sys_t2d_scott2017	66	62	60	59.905301276762046	29.810335951361093	IVW_random_effects	0.034011855092359565	0.03892823408761938	-0.04228608170111677	0.1103097918858359	1.0345968718968868	0.38227805514454805	0.9821744431820366	0.38227805514454805	71.362586756557	0.1297676887693392	0.002642575538746582	0.21186818996884382	True	1.9631745965334063e-256	0.06926514569588141	0.006173080371464273	COMPUTED_NO_OUTLIER	COMPUTED	0.00681587758683854	-0.004978240213826091	0.021015091234672795	0.839839538867921	0.8826500594731171	66	62	60	MISSING_OUTCOME_VARIANTS;PALINDROMIC_REMOVALS	NULL	False	True	binary traits use effective N=4/(1/cases+1/controls); r2 uses 2*p*(1-p)*beta^2; reference EAF fallback when source EAF missing	0.021256065652784543	0.04428852983544906	ret_macular_total_left__sys_t2d_scott2017
ret_macular_total_left	outer_retina	sys_t2d_scott2017	sys_t2d_scott2017_to_ret_macular_total_left	sys_t2d_scott2017	ret_macular_total_left	40	33	28	61.27339099856256	29.160000000000004	IVW_random_effects	-0.026066466519500304	0.018749738721684003	-0.062815279133536	0.0106823460945354	NA	0.16445876696327189	0.9821744431820366	0.16445876696327189	52.57299481734088	0.0022653335396140006	-0.0009361726311644928	0.6519296650972137	NA	NA	NA	NA	COMPUTED_NO_OUTLIER	COMPUTED	-0.06533470588235293	-0.04547080635496337	-0.03851230445623315	8.680658152237354e-08	0.00019525487894525478	40	33	28	MISSING_OUTCOME_VARIANTS;PALINDROMIC_REMOVALS	NULL	True	False	binary traits use effective N=4/(1/cases+1/controls); r2 uses 2*p*(1-p)*beta^2; reference EAF fallback when source EAF missing	-0.0340407294580575	-0.01804339894773119	ret_macular_total_left__sys_t2d_scott2017
ret_macular_total_left	outer_retina	sys_ckd_wuttke2019	ret_macular_total_left_to_sys_ckd_wuttke2019	ret_macular_total_left	sys_ckd_wuttke2019	66	56	54	59.905301276762046	29.810335951361093	IVW_random_effects	-0.05604433015340522	0.03709834274144144	-0.1287557458127514	0.01666708550594094	0.9454972209245069	0.13086583841538876	0.9821744431820366	0.13086583841538876	88.70912257013417	0.0015290427046271704	0.0027667066560963546	0.20175974727324075	True	1.0036513871430608e-280	0.0632822511981397	0.005299105980978176	COMPUTED_NO_OUTLIER	COMPUTED	0.034952406473185677	0.022731645474895146	-0.051722080097753656	0.19048356823645873	0.39453681320256895	66	56	54	MISSING_OUTCOME_VARIANTS;PALINDROMIC_REMOVALS	NULL	False	True	binary traits use effective N=4/(1/cases+1/controls); r2 uses 2*p*(1-p)*beta^2; reference EAF fallback when source EAF missing	-0.06388209738594744	-0.030996407212797488	ret_macular_total_left__sys_ckd_wuttke2019
ret_macular_total_left	outer_retina	sys_ckd_wuttke2019	sys_ckd_wuttke2019_to_ret_macular_total_left	sys_ckd_wuttke2019	ret_macular_total_left	23	17	16	60.757203317463535	29.56640625000001	IVW_random_effects	-0.008262405060876072	0.019838110934034116	-0.04714438801289213	0.03061957789113998	NA	0.6770503682185931	0.9821744431820366	0.6770503682185931	12.72016097144264	0.6239026183139664	-0.0004137771522419992	0.8427338593244399	True	0.0	0.05036925291400002	0.0002696246660703806	COMPUTED_NO_OUTLIER	COMPUTED	0.015854582029503798	0.0016912408459769934	-0.010150084075313478	0.42417551072077464	0.9320609623243492	23	17	16	MISSING_OUTCOME_VARIANTS;PALINDROMIC_REMOVALS	NULL	True	False	binary traits use effective N=4/(1/cases+1/controls); r2 uses 2*p*(1-p)*beta^2; reference EAF fallback when source EAF missing	-0.019016983062958053	-0.00046160449110960904	ret_macular_total_left__sys_ckd_wuttke2019
ret_macular_total_left	outer_retina	sys_ad_kunkle2019	ret_macular_total_left_to_sys_ad_kunkle2019	ret_macular_total_left	sys_ad_kunkle2019	66	62	60	59.905301276762046	29.810335951361093	IVW_random_effects	0.010133171845219745	0.04426292402284481	-0.07662056508998646	0.09688690878042594	1.0101846862855695	0.8189222580701451	0.9821744431820366	0.8189222580701451	67.44993815042127	0.21061492769999124	-0.0002658782085246465	0.913769865173485	True	6.41751461167225e-187	0.06926514569588141	0.008363638584596373	COMPUTED_NO_OUTLIER	COMPUTED	-0.012357095341169105	0.0634333586490472	0.012185674080533353	0.7556216063019867	0.11011370299159152	66	62	60	MISSING_OUTCOME_VARIANTS;PALINDROMIC_REMOVALS	NULL	False	True	binary traits use effective N=4/(1/cases+1/controls); r2 uses 2*p*(1-p)*beta^2; reference EAF fallback when source EAF missing	-0.006387208305306443	0.02322910100494575	ret_macular_total_left__sys_ad_kunkle2019
ret_macular_total_left	outer_retina	sys_ad_kunkle2019	sys_ad_kunkle2019_to_ret_macular_total_left	sys_ad_kunkle2019	ret_macular_total_left	19	18	18	194.99015118294395	30.46466520492495	IVW_random_effects	0.008153977384533431	0.012262643443144674	-0.01588036211928571	0.032188316888352574	NA	0.5060859880976556	0.9821744431820366	0.5060859880976556	20.653661663874985	0.24216630703557762	0.0010827691536938468	0.6025963592276005	True	0.0	0.3346634975276982	0.00043829464955881043	COMPUTED_NO_OUTLIER	COMPUTED	-0.0008785455298870817	-0.00172011685493334	0.0027131107003743674	0.9083214425092236	0.8216170404509979	19	18	18	MISSING_OUTCOME_VARIANTS	NULL	True	False	binary traits use effective N=4/(1/cases+1/controls); r2 uses 2*p*(1-p)*beta^2; reference EAF fallback when source EAF missing	0.00170342485645123	0.01413099458595113	ret_macular_total_left__sys_ad_kunkle2019
ret_macular_total_left	outer_retina	sys_pd_nalls2019_clinical	ret_macular_total_left_to_sys_pd_nalls2019_clinical	ret_macular_total_left	sys_pd_nalls2019_clinical	66	54	53	59.905301276762046	29.810335951361093	IVW_random_effects	-0.07317910087004835	0.06046336061807399	-0.19168511006572758	0.04532690832563087	0.9294343526169069	0.22616192294549542	0.9821744431820366	0.22616192294549542	50.638906861391256	0.5275347035356979	0.005159433649781937	0.15778851747449807	True	8.135187570819878e-70	0.06297549061263637	0.01521224979196689	COMPUTED_NO_OUTLIER	COMPUTED	-0.03936847535397689	-0.1017862466323951	-0.07565086449723987	0.5149735961843706	0.09229056332847482	66	54	53	MISSING_OUTCOME_VARIANTS;PALINDROMIC_REMOVALS	NULL	False	True	binary traits use effective N=4/(1/cases+1/controls); r2 uses 2*p*(1-p)*beta^2; reference EAF fallback when source EAF missing	-0.0898767161015184	-0.046664543982300216	ret_macular_total_left__sys_pd_nalls2019_clinical
ret_macular_total_left	outer_retina	sys_pd_nalls2019_clinical	sys_pd_nalls2019_clinical_to_ret_macular_total_left	sys_pd_nalls2019_clinical	ret_macular_total_left	15	10	9	50.47042387505873	30.052886259040108	IVW_random_effects	-0.0173350701408994	0.037402341544916104	-0.09064231250639915	0.05597217222460035	NA	0.6430235493320857	0.9821744431820366	0.6430235493320857	48.300570126082114	8.654683480990855e-08	0.003206736838966703	0.6949535655116098	True	0.0	0.11594172021101959	0.001595651066013151	COMPUTED_NO_OUTLIER	COMPUTED	-0.015651434034416826	0.009485088904682693	-0.03492329643744071	0.28085126534363436	0.5134095617832428	15	10	9	MISSING_OUTCOME_VARIANTS;PALINDROMIC_REMOVALS	NULL	True	False	binary traits use effective N=4/(1/cases+1/controls); r2 uses 2*p*(1-p)*beta^2; reference EAF fallback when source EAF missing	-0.033605225198636665	0.011705589999141909	ret_macular_total_left__sys_pd_nalls2019_clinical
ret_macular_total_left	outer_retina	sys_sle_bentham2015	ret_macular_total_left_to_sys_sle_bentham2015	ret_macular_total_left	sys_sle_bentham2015	66	54	52	59.905301276762046	29.810335951361093	IVW_random_effects	-0.12447297459120733	0.09877189626960065	-0.3180623339643454	0.06911638478193073	0.8829621234562802	0.20759491919132067	0.9821744431820366	0.20759491919132067	68.74623074581558	0.04935833564812131	-0.0017918378939026356	0.7480893782039438	True	9.106048043747936e-14	0.061263073911405154	0.03168803895926413	COMPUTED_NO_OUTLIER	COMPUTED	0.042387648152335256	0.10420371732115807	-0.08173844857500763	0.586078047200151	0.18068742544100191	66	54	52	MISSING_OUTCOME_VARIANTS;PALINDROMIC_REMOVALS	NULL	False	True	binary traits use effective N=4/(1/cases+1/controls); r2 uses 2*p*(1-p)*beta^2; reference EAF fallback when source EAF missing	-0.14678091679336502	-0.07368747061900853	ret_macular_total_left__sys_sle_bentham2015
ret_macular_total_left	outer_retina	sys_sle_bentham2015	sys_sle_bentham2015_to_ret_macular_total_left	sys_sle_bentham2015	ret_macular_total_left	43	29	28	96.61952184324993	29.960511751951863	IVW_random_effects	-0.0007774997592389617	0.004268492665381646	-0.009143591651660139	0.007588592133182214	NA	0.8554661468263353	0.9821744431820366	0.8554661468263353	23.462339683758984	0.6599431295278083	0.000866810262440507	0.582437515183305	True	0.0	0.9999980000009999	0.0004738566298991609	COMPUTED_NO_OUTLIER	COMPUTED	-0.002320433724414497	-0.003857568951869686	-0.0012209005763675672	0.5867036806659685	0.3661380810227489	43	29	28	MISSING_OUTCOME_VARIANTS;INCOMPATIBLE_ALLELES_REMOVED	NULL	True	False	binary traits use effective N=4/(1/cases+1/controls); r2 uses 2*p*(1-p)*beta^2; reference EAF fallback when source EAF missing	-0.002882464435843078	0.0008400703284057333	ret_macular_total_left__sys_sle_bentham2015
ret_macular_total_left	outer_retina	sys_ibd_delange2017	ret_macular_total_left_to_sys_ibd_delange2017	ret_macular_total_left	sys_ibd_delange2017	66	48	47	59.905301276762046	29.810335951361093	IVW_random_effects	0.02908461300398619	0.05738467586346995	-0.08338728495291675	0.14155651096088911	1.0295117008675614	0.6122699748605145	0.9821744431820366	0.6122699748605145	89.66260865455567	0.00012343947447424064	0.0013527070129328372	0.668486950073993	True	1.7504792899174908e-131	0.0546130473702104	0.008010012866655229	COMPUTED_NO_OUTLIER	COMPUTED	0.046516545089332915	0.0328238684268054	0.03495871204482807	0.2254093436399207	0.3923165071983614	66	48	47	MISSING_OUTCOME_VARIANTS;PALINDROMIC_REMOVALS	NULL	False	True	binary traits use effective N=4/(1/cases+1/controls); r2 uses 2*p*(1-p)*beta^2; reference EAF fallback when source EAF missing	0.013210884786728824	0.0464265420571537	ret_macular_total_left__sys_ibd_delange2017
ret_macular_total_left	outer_retina	sys_ibd_delange2017	sys_ibd_delange2017_to_ret_macular_total_left	sys_ibd_delange2017	ret_macular_total_left	117	101	90	70.31409626292229	29.86149172298345	IVW_random_effects	-0.0011551247128430784	0.006697030562767012	-0.014281063419230071	0.011970813993543914	NA	0.8630577323392445	0.9821744431820366	0.8630577323392445	95.9553925077991	0.28841745394154805	0.0013619780145995989	0.09348629452525038	NA	NA	NA	NA	COMPUTED_NO_OUTLIER	COMPUTED	-0.003920720583764061	0.005298236182119609	-0.002136083821151316	0.5311187214894513	0.3973604910217826	117	101	90	MISSING_OUTCOME_VARIANTS;PALINDROMIC_REMOVALS	NULL	True	False	binary traits use effective N=4/(1/cases+1/controls); r2 uses 2*p*(1-p)*beta^2; reference EAF fallback when source EAF missing	-0.0025999783498311165	0.0003783452160720377	ret_macular_total_left__sys_ibd_delange2017
ret_art_tort	microvasculature	sys_cad_nikpay2015	ret_art_tort_to_sys_cad_nikpay2015	ret_art_tort	sys_cad_nikpay2015	84	84	25	86.72517332794116	29.781826580089643	IVW_random_effects	-0.009454155189333607	0.05894613426500166	-0.12498645537659608	0.10607814499792886	0.9905903948310303	0.8725767433125616	0.9821744431820366	0.8725767433125616	56.97883032454008	0.00016837291485394257	0.003925958204717307	0.26055090576048145	True	8.320434672060487e-216	0.0374809654477504	0.0028029801623072094	COMPUTED_NO_OUTLIER	COMPUTED	-0.016459166426186254	-0.06675620408031291	-0.014444269211930143	0.6373999615244781	0.0559170765387364	84	84	25	PALINDROMIC_REMOVALS;EAF_MISMATCH_REMOVALS	NULL	False	True	binary traits use effective N=4/(1/cases+1/controls); r2 uses 2*p*(1-p)*beta^2; reference EAF fallback when source EAF missing	-0.03799887012515767	0.01664755458307674	ret_art_tort__sys_cad_nikpay2015
ret_art_tort	microvasculature	sys_cad_nikpay2015	sys_cad_nikpay2015_to_ret_art_tort	sys_cad_nikpay2015	ret_art_tort	41	37	7	60.60758220316102	29.88157247129896	IVW_random_effects	-0.04201296360499972	0.04088546449501413	-0.12214700150641632	0.03812107429641688	NA	0.30414884032429124	0.9821744431820366	0.30414884032429124	16.498093058874996	0.011316077259717505	-0.005938783458183245	0.0880889028583284	True	0.0	0.03669030338764115	0.0002741958362482345	COMPUTED_NO_OUTLIER	COMPUTED	0.017130728382996986	0.012489198147847658	-0.033712706539385046	0.3908360626464571	0.5315764176280443	41	37	7	MISSING_OUTCOME_VARIANTS;PALINDROMIC_REMOVALS;EAF_MISMATCH_REMOVALS	NULL	True	False	binary traits use effective N=4/(1/cases+1/controls); r2 uses 2*p*(1-p)*beta^2; reference EAF fallback when source EAF missing	-0.0631385216751901	-0.016315261072544267	ret_art_tort__sys_cad_nikpay2015
ret_art_tort	microvasculature	sys_stroke_megastroke2018	ret_art_tort_to_sys_stroke_megastroke2018	ret_art_tort	sys_stroke_megastroke2018	84	83	20	86.72517332794116	29.781826580089643	IVW_random_effects	0.04763790267508307	0.051625711237631475	-0.053546632026936575	0.1488224373771027	1.0487908222092237	0.3561346995968502	0.9821744431820366	0.3561346995968502	28.6482313072142	0.07172337351290659	-0.003926475217595782	0.23655209942942568	True	1.1861448588165626e-267	0.0419559102231583	0.00172630182453924	COMPUTED_NO_OUTLIER	COMPUTED	-0.03824091778202677	-0.0008261775353479717	0.015249372911471484	0.2833850689610219	0.9815097328369681	84	83	20	MISSING_OUTCOME_VARIANTS;PALINDROMIC_REMOVALS;EAF_MISMATCH_REMOVALS	NULL	False	True	binary traits use effective N=4/(1/cases+1/controls); r2 uses 2*p*(1-p)*beta^2; reference EAF fallback when source EAF missing	0.02336782777181865	0.06620425158688836	ret_art_tort__sys_stroke_megastroke2018
ret_art_tort	microvasculature	sys_stroke_megastroke2018	sys_stroke_megastroke2018_to_ret_art_tort	sys_stroke_megastroke2018	ret_art_tort	10	9	3	39.985710087874416	30.39364839319471	IVW_random_effects	0.0773333033067877	0.12211070918974275	-0.1619992888317457	0.3166658954453211	NA	0.526534592392472	0.9821744431820366	0.526534592392472	14.613131915231568	0.0006711177462556117	0.013798674162302143	0.0003707118733771038	True	1.0329217074669368e-51	0.008012141894466201	0.00031713242287962143	NOT_ELIGIBLE_LT4_IV	COMPUTED	-0.011027118644067796	-0.020369419348533535	0.13005512446194548	0.8053034024204463	0.6488804446235543	10	9	3	MISSING_OUTCOME_VARIANTS;EAF_MISMATCH_REMOVALS	NULL	True	False	binary traits use effective N=4/(1/cases+1/controls); r2 uses 2*p*(1-p)*beta^2; reference EAF fallback when source EAF missing	-0.047348786146106416	0.1544685447316034	ret_art_tort__sys_stroke_megastroke2018
ret_art_tort	microvasculature	sys_t2d_scott2017	ret_art_tort_to_sys_t2d_scott2017	ret_art_tort	sys_t2d_scott2017	84	84	21	86.72517332794116	29.781826580089643	IVW_random_effects	-0.03839594673726609	0.06302257889055134	-0.16191793157557757	0.08512603810104541	0.962331833297463	0.5423646262995392	0.9821744431820366	0.5423646262995392	30.322727420512244	0.0647903721391977	0.005383900625523604	0.1940933949546424	True	1.4307339242705098e-209	0.04249750917892162	0.0026764003154213104	COMPUTED_NO_OUTLIER	COMPUTED	-0.11950286806883365	-0.03887241150846221	-0.010843609141399663	0.005914505740765082	0.370605416112744	84	84	21	PALINDROMIC_REMOVALS;EAF_MISMATCH_REMOVALS	NULL	False	True	binary traits use effective N=4/(1/cases+1/controls); r2 uses 2*p*(1-p)*beta^2; reference EAF fallback when source EAF missing	-0.06084141827790623	-0.019551665543849458	ret_art_tort__sys_t2d_scott2017
ret_art_tort	microvasculature	sys_t2d_scott2017	sys_t2d_scott2017_to_ret_art_tort	sys_t2d_scott2017	ret_art_tort	40	37	33	61.27339099856256	29.160000000000004	IVW_random_effects	0.03839806593962394	0.011742989942189218	0.01538222858211762	0.06141390329713027	NA	0.0010759642084576103	0.12050799134725236	0.0010759642084576103	40.148354421144845	0.1527174010413651	0.0016980084111735932	0.16694689343863334	NA	NA	NA	NA	COMPUTED_NO_OUTLIER	COMPUTED	0.023276288659793812	0.019459084459872655	0.03390644426373547	0.016778153165366322	0.045572335245775676	40	37	33	MISSING_OUTCOME_VARIANTS;PALINDROMIC_REMOVALS	SUGGESTIVE	True	False	binary traits use effective N=4/(1/cases+1/controls); r2 uses 2*p*(1-p)*beta^2; reference EAF fallback when source EAF missing	0.03268957757227246	0.04344469759587171	ret_art_tort__sys_t2d_scott2017
ret_art_tort	microvasculature	sys_ckd_wuttke2019	ret_art_tort_to_sys_ckd_wuttke2019	ret_art_tort	sys_ckd_wuttke2019	84	84	21	86.72517332794116	29.781826580089643	IVW_random_effects	-0.024760666690843182	0.04817237175063072	-0.11917678037195151	0.06965544699026516	0.9755433641123474	0.6072510093936228	0.9821744431820366	0.6072510093936228	24.716265627182533	0.2125023647882287	-0.0035465832461652348	0.1828121600457484	True	1.1734499754996784e-193	0.029347256002604127	0.00129657141379418	COMPUTED_NO_OUTLIER	COMPUTED	-0.07515890740422608	-0.039242596876008395	-0.0388792640567098	0.06335361096321587	0.3323274040337384	84	84	21	PALINDROMIC_REMOVALS;EAF_MISMATCH_REMOVALS	NULL	False	True	binary traits use effective N=4/(1/cases+1/controls); r2 uses 2*p*(1-p)*beta^2; reference EAF fallback when source EAF missing	-0.04526983709918414	-0.01047431300326982	ret_art_tort__sys_ckd_wuttke2019
ret_art_tort	microvasculature	sys_ckd_wuttke2019	sys_ckd_wuttke2019_to_ret_art_tort	sys_ckd_wuttke2019	ret_art_tort	23	21	7	60.757203317463535	29.56640625000001	IVW_random_effects	-0.004923441035611283	0.034024306871632506	-0.07160985710294783	0.061762975031725266	NA	0.8849448655049948	0.9821744431820366	0.8849448655049948	7.137767118097804	0.3082943840922435	0.0011428312502573558	0.6905556612331537	True	5.6004103991160325e-132	0.015078155582000003	0.00011245644485433972	COMPUTED_NO_OUTLIER	COMPUTED	-0.002077906976744186	-0.03636080984764406	6.783864883864356e-05	0.9464453164640239	0.23982861304350478	23	21	7	MISSING_OUTCOME_VARIANTS;PALINDROMIC_REMOVALS;EAF_MISMATCH_REMOVALS	NULL	True	False	binary traits use effective N=4/(1/cases+1/controls); r2 uses 2*p*(1-p)*beta^2; reference EAF fallback when source EAF missing	-0.028805473059144892	0.01280471403466293	ret_art_tort__sys_ckd_wuttke2019
ret_art_tort	microvasculature	sys_ad_kunkle2019	ret_art_tort_to_sys_ad_kunkle2019	ret_art_tort	sys_ad_kunkle2019	84	84	21	86.72517332794116	29.781826580089643	IVW_random_effects	0.006185927894128752	0.050380298274728307	-0.09255764225472143	0.10492949804297894	1.0062051002586518	0.9022776203150802	0.9821744431820366	0.9022776203150802	19.126193067570725	0.5136374571951217	-0.0017696888496558005	0.6452611105457685	True	4.935146227363065e-180	0.04249750917892162	0.0022287253841018714	COMPUTED_NO_OUTLIER	COMPUTED	0.0029875717017208412	0.03225071130641788	-0.0046288021541897074	0.9527128447064588	0.5220781387066948	84	84	21	PALINDROMIC_REMOVALS;EAF_MISMATCH_REMOVALS	NULL	False	True	binary traits use effective N=4/(1/cases+1/controls); r2 uses 2*p*(1-p)*beta^2; reference EAF fallback when source EAF missing	-0.00921235051388508	0.03328632361015094	ret_art_tort__sys_ad_kunkle2019
ret_art_tort	microvasculature	sys_ad_kunkle2019	sys_ad_kunkle2019_to_ret_art_tort	sys_ad_kunkle2019	ret_art_tort	19	18	7	194.99015118294395	30.46466520492495	IVW_random_effects	-0.006759901364005311	0.017243608948180264	-0.0405567538659303	0.02703695113791968	NA	0.695040788926063	0.9821744431820366	0.695040788926063	9.011524199051673	0.17293099468583306	-0.001235231359013496	0.6964081850195598	True	0.0	0.2595127203868696	0.00014680757692422868	COMPUTED_NO_OUTLIER	COMPUTED	0.0050446493318139435	0.005162413005048355	0.002842323837106875	0.49722421278737416	0.48723624242724717	19	18	7	MISSING_OUTCOME_VARIANTS;EAF_MISMATCH_REMOVALS	NULL	True	False	binary traits use effective N=4/(1/cases+1/controls); r2 uses 2*p*(1-p)*beta^2; reference EAF fallback when source EAF missing	-0.02026884867043021	0.005143821384994128	ret_art_tort__sys_ad_kunkle2019
ret_art_tort	microvasculature	sys_pd_nalls2019_clinical	ret_art_tort_to_sys_pd_nalls2019_clinical	ret_art_tort	sys_pd_nalls2019_clinical	84	81	19	86.72517332794116	29.781826580089643	IVW_random_effects	0.061347358233667104	0.09603272465566132	-0.12687332342867555	0.24956803989600976	1.063268185007511	0.5229418443386532	0.9821744431820366	0.5229418443386532	15.536366044064822	0.6248691454602667	-0.003569585406902587	0.5702316510822314	True	4.192948363938877e-62	0.03590656789416086	0.0053029881910349	COMPUTED_NO_OUTLIER	COMPUTED	0.11472275334608029	0.13129247070007422	0.034222452985467076	0.23223496242296204	0.1715739498283907	84	81	19	MISSING_OUTCOME_VARIANTS;PALINDROMIC_REMOVALS;EAF_MISMATCH_REMOVALS	NULL	False	True	binary traits use effective N=4/(1/cases+1/controls); r2 uses 2*p*(1-p)*beta^2; reference EAF fallback when source EAF missing	0.03541600121186673	0.09271336532856946	ret_art_tort__sys_pd_nalls2019_clinical
ret_art_tort	microvasculature	sys_pd_nalls2019_clinical	sys_pd_nalls2019_clinical_to_ret_art_tort	sys_pd_nalls2019_clinical	ret_art_tort	15	15	5	50.47042387505873	30.052886259040108	IVW_random_effects	-0.03435050138488565	0.020860106063405444	-0.0752355579828448	0.006534555213073501	NA	0.09961810027448488	0.9821744431820366	0.09961810027448488	1.25797838397192	0.8684636941230063	0.0027790411584760824	4.836817422171164e-05	True	1.4009316839160298e-137	0.03393042431910239	6.226922152641757e-05	COMPUTED_NO_OUTLIER	COMPUTED	-0.024614593077642657	-0.019418344576425356	-0.04133162868808492	0.23800654647200525	0.3519134328614347	15	15	5	EAF_MISMATCH_REMOVALS	NULL	True	False	binary traits use effective N=4/(1/cases+1/controls); r2 uses 2*p*(1-p)*beta^2; reference EAF fallback when source EAF missing	-0.04196517764839968	-0.02533068189997626	ret_art_tort__sys_pd_nalls2019_clinical
ret_art_tort	microvasculature	sys_sle_bentham2015	ret_art_tort_to_sys_sle_bentham2015	ret_art_tort	sys_sle_bentham2015	84	76	17	86.72517332794116	29.781826580089643	IVW_random_effects	-0.06681968964892036	0.18630029594709105	-0.4319615600143622	0.29832218071652145	0.9353638419152216	0.7198445338107103	0.9821744431820366	0.7198445338107103	27.627990706065418	0.035009083010307585	-0.019295945925231577	0.10107399717645921	True	1.392820726832039e-06	0.024885397579426125	0.012707201473345133	COMPUTED_NO_OUTLIER	COMPUTED	0.10255112805755134	0.056790547829109084	-0.1452682437496888	0.34344284699830185	0.5998330315518787	84	76	17	MISSING_OUTCOME_VARIANTS;PALINDROMIC_REMOVALS;EAF_MISMATCH_REMOVALS	NULL	False	True	binary traits use effective N=4/(1/cases+1/controls); r2 uses 2*p*(1-p)*beta^2; reference EAF fallback when source EAF missing	-0.14015969917935717	0.018303843995241455	ret_art_tort__sys_sle_bentham2015
ret_art_tort	microvasculature	sys_sle_bentham2015	sys_sle_bentham2015_to_ret_art_tort	sys_sle_bentham2015	ret_art_tort	43	39	7	96.61952184324993	29.960511751951863	IVW_random_effects	0.029017902558090898	0.012076810167930937	0.00534778958081979	0.05268801553536201	NA	0.01627102952523838	0.9111776534133493	0.01627102952523838	13.771927298825762	0.03229025713166045	-0.002938016458698186	0.4671986995184344	True	0.0	0.32140268558947466	0.00041928310912402265	COMPUTED_NO_OUTLIER	COMPUTED	0.014066823837983605	0.013454768564522226	0.018590605399519622	0.03761426468718022	0.04674827947220328	43	39	7	MISSING_OUTCOME_VARIANTS;EAF_MISMATCH_REMOVALS	SUGGESTIVE	True	False	binary traits use effective N=4/(1/cases+1/controls); r2 uses 2*p*(1-p)*beta^2; reference EAF fallback when source EAF missing	0.014301771943080457	0.03724448706892997	ret_art_tort__sys_sle_bentham2015
ret_art_tort	microvasculature	sys_ibd_delange2017	ret_art_tort_to_sys_ibd_delange2017	ret_art_tort	sys_ibd_delange2017	84	79	20	86.72517332794116	29.781826580089643	IVW_random_effects	-0.034389493835053596	0.07419633191703014	-0.17981163217740836	0.11103264450730116	0.9661951043028753	0.6430109021132744	0.9821744431820366	0.6430109021132744	37.623791783447444	0.00662384038144892	-0.004745332789224198	0.34004199171799887	True	2.7063770635506404e-154	0.04121252875848199	0.003193882249437028	COMPUTED_NO_OUTLIER	COMPUTED	0.0029875717017208412	0.06290890028966101	-0.03586471685499649	0.9459289699328212	0.1532701347678498	84	79	20	MISSING_OUTCOME_VARIANTS;PALINDROMIC_REMOVALS;EAF_MISMATCH_REMOVALS	NULL	False	True	binary traits use effective N=4/(1/cases+1/controls); r2 uses 2*p*(1-p)*beta^2; reference EAF fallback when source EAF missing	-0.06762357950680839	0.020747054780873863	ret_art_tort__sys_ibd_delange2017
ret_art_tort	microvasculature	sys_ibd_delange2017	sys_ibd_delange2017_to_ret_art_tort	sys_ibd_delange2017	ret_art_tort	117	108	94	70.31409626292229	29.86149172298345	IVW_random_effects	-0.0013693938007136243	0.007264848187602001	-0.01560823460156424	0.012869447000136992	NA	0.850487961258373	0.9821744431820366	0.850487961258373	166.8710280551721	4.0544275274889685e-06	-0.0009532811843022128	0.280999799485657	NA	NA	NA	NA	COMPUTED_NO_OUTLIER	COMPUTED	0.005020499775549902	0.007229595639720698	0.0008032793118126302	0.3175425682409545	0.15005852581152096	117	108	94	MISSING_OUTCOME_VARIANTS;PALINDROMIC_REMOVALS;EAF_MISMATCH_REMOVALS	NULL	True	False	binary traits use effective N=4/(1/cases+1/controls); r2 uses 2*p*(1-p)*beta^2; reference EAF fallback when source EAF missing	-0.002997223231145545	0.000520486274623869	ret_art_tort__sys_ibd_delange2017
ret_ven_tort	microvasculature	sys_cad_nikpay2015	ret_ven_tort_to_sys_cad_nikpay2015	ret_ven_tort	sys_cad_nikpay2015	43	43	18	73.91052276452527	30.505838620649456	IVW_random_effects	-0.0799613954062991	0.08439624184739086	-0.24537498985771278	0.08545219904511459	0.9231519836060025	0.34340846047845985	0.9821744431820366	0.34340846047845985	53.925269259975465	1.0181695146327385e-05	0.006164274644485406	0.20377424603392613	True	6.740546589082513e-126	0.029683967763072826	0.00422230982599271	COMPUTED_NO_OUTLIER	COMPUTED	-0.1324480805538074	-0.11999627041111527	-0.11940313514134106	0.0006821156251383597	0.002088581550862121	43	43	18	EAF_MISMATCH_REMOVALS	NULL	False	True	binary traits use effective N=4/(1/cases+1/controls); r2 uses 2*p*(1-p)*beta^2; reference EAF fallback when source EAF missing	-0.12787930530234523	-0.04047051390987072	ret_ven_tort__sys_cad_nikpay2015
ret_ven_tort	microvasculature	sys_cad_nikpay2015	sys_cad_nikpay2015_to_ret_ven_tort	sys_cad_nikpay2015	ret_ven_tort	41	37	7	60.60758220316102	29.88157247129896	IVW_random_effects	-0.025903569050713008	0.04072739480061351	-0.10572779604405715	0.05392065794263114	NA	0.5247612833970039	0.9821744431820366	0.5247612833970039	16.49353030338135	0.011336393093525299	-0.007999535203494312	0.001387964483381052	True	0.0	0.03669030338764115	0.00026742031049481544	COMPUTED_NO_OUTLIER	COMPUTED	0.055646041126984874	0.03781347908040933	-0.020656256521324863	0.005405662270633132	0.05871252839945039	41	37	7	MISSING_OUTCOME_VARIANTS;PALINDROMIC_REMOVALS;EAF_MISMATCH_REMOVALS	NULL	True	False	binary traits use effective N=4/(1/cases+1/controls); r2 uses 2*p*(1-p)*beta^2; reference EAF fallback when source EAF missing	-0.051117104779946736	0.011014861397240385	ret_ven_tort__sys_cad_nikpay2015
ret_ven_tort	microvasculature	sys_stroke_megastroke2018	ret_ven_tort_to_sys_stroke_megastroke2018	ret_ven_tort	sys_stroke_megastroke2018	43	41	17	73.91052276452527	30.505838620649456	IVW_random_effects	0.04970487650423547	0.0867828537065256	-0.12038639123615835	0.2197961442446293	1.0509608873523026	0.5668140008600344	0.9821744431820366	0.5668140008600344	40.94242216801448	0.0005662484284549851	0.0016999887990805512	0.762572207733352	True	1.776777584771694e-107	0.027481783529456665	0.003904721484461766	COMPUTED_NO_OUTLIER	COMPUTED	0.0566393958464443	0.052007784236367094	0.06316733668419332	0.19002680255496995	0.22884654030558316	43	41	17	MISSING_OUTCOME_VARIANTS;EAF_MISMATCH_REMOVALS	NULL	False	True	binary traits use effective N=4/(1/cases+1/controls); r2 uses 2*p*(1-p)*beta^2; reference EAF fallback when source EAF missing	0.010766564396234602	0.09423925976426324	ret_ven_tort__sys_stroke_megastroke2018
ret_ven_tort	microvasculature	sys_stroke_megastroke2018	sys_stroke_megastroke2018_to_ret_ven_tort	sys_stroke_megastroke2018	ret_ven_tort	10	9	3	39.985710087874416	30.39364839319471	IVW_random_effects	0.11073163228137306	0.13328380104011892	-0.15049981747985502	0.37196308204260115	NA	0.40608895261874045	0.9821744431820366	0.40608895261874045	16.773177931931226	0.0002279033400691688	0.01516733594498243	0.0013747686860522356	True	1.5236543023354354e-47	0.008012141894466201	0.0004347539695345673	NOT_ELIGIBLE_LT4_IV	COMPUTED	0.022459167950693377	-4.043444864165746e-05	0.16867076313378646	0.6214326815209785	0.9992906389780589	10	9	3	MISSING_OUTCOME_VARIANTS;EAF_MISMATCH_REMOVALS	NULL	True	False	binary traits use effective N=4/(1/cases+1/controls); r2 uses 2*p*(1-p)*beta^2; reference EAF fallback when source EAF missing	-0.02709105520822628	0.19923313292918302	ret_ven_tort__sys_stroke_megastroke2018
ret_ven_tort	microvasculature	sys_t2d_scott2017	ret_ven_tort_to_sys_t2d_scott2017	ret_ven_tort	sys_t2d_scott2017	43	43	18	73.91052276452527	30.505838620649456	IVW_random_effects	0.010347440423929086	0.08172970029870444	-0.1498398286287797	0.17053470947663785	1.0104011603134968	0.899252538500697	0.9821744431820366	0.899252538500697	29.945959550019058	0.026737449658800982	0.005249805568020645	0.2022059554319504	True	8.049551738344853e-130	0.029683967763072826	0.0025464925931818895	COMPUTED_NO_OUTLIER	COMPUTED	0.03713027061044682	-0.033143747428244774	0.007165454975051435	0.45944838385131104	0.5090414458116859	43	43	18	EAF_MISMATCH_REMOVALS	NULL	False	True	binary traits use effective N=4/(1/cases+1/controls); r2 uses 2*p*(1-p)*beta^2; reference EAF fallback when source EAF missing	-0.04034172301492699	0.038033556821279915	ret_ven_tort__sys_t2d_scott2017
ret_ven_tort	microvasculature	sys_t2d_scott2017	sys_t2d_scott2017_to_ret_ven_tort	sys_t2d_scott2017	ret_ven_tort	40	37	33	61.27339099856256	29.160000000000004	IVW_random_effects	0.023703182413133225	0.012535807187402777	-0.0008665481913138935	0.04827291301758034	NA	0.0586459534399025	0.9821744431820366	0.0586459534399025	44.94713888772361	0.06406954800710418	-0.0004347765414449048	0.7428658232358658	NA	NA	NA	NA	COMPUTED_NO_OUTLIER	COMPUTED	-0.002995211267605634	-0.01631246216192403	0.014365466054870008	0.7584057831373547	0.09391288704046213	40	37	33	MISSING_OUTCOME_VARIANTS;PALINDROMIC_REMOVALS	NULL	True	False	binary traits use effective N=4/(1/cases+1/controls); r2 uses 2*p*(1-p)*beta^2; reference EAF fallback when source EAF missing	0.01706197212050176	0.028957663516724425	ret_ven_tort__sys_t2d_scott2017
ret_ven_tort	microvasculature	sys_ckd_wuttke2019	ret_ven_tort_to_sys_ckd_wuttke2019	ret_ven_tort	sys_ckd_wuttke2019	43	43	18	73.91052276452527	30.505838620649456	IVW_random_effects	0.002078906670020045	0.053415374073750944	-0.10261330273526348	0.10677111607530357	1.0020810690947248	0.968954464832405	0.9821744431820366	0.968954464832405	22.015300593666222	0.18413132783125286	0.0036417467203688036	0.20274416979078524	True	8.277745788959482e-189	0.028515038169403466	0.0012377836805811016	COMPUTED_NO_OUTLIER	COMPUTED	-0.03146633102580239	-0.03472118576818639	-0.01468473571935616	0.4222612819869819	0.3758790364768121	43	43	18	EAF_MISMATCH_REMOVALS	NULL	False	True	binary traits use effective N=4/(1/cases+1/controls); r2 uses 2*p*(1-p)*beta^2; reference EAF fallback when source EAF missing	-0.02251520658945346	0.013168719178842502	ret_ven_tort__sys_ckd_wuttke2019
ret_ven_tort	microvasculature	sys_ckd_wuttke2019	sys_ckd_wuttke2019_to_ret_ven_tort	sys_ckd_wuttke2019	ret_ven_tort	23	21	7	60.757203317463535	29.56640625000001	IVW_random_effects	-0.00631624071492922	0.03081907286835007	-0.06672051357380923	0.05408803214395079	NA	0.8376144417133022	0.9821744431820366	0.8376144417133022	3.4503362271965274	0.7505650941616931	-0.0010670752491348163	0.5758520621777821	True	2.123531685858338e-140	0.015078155582000003	4.8480223693346144e-05	COMPUTED_NO_OUTLIER	COMPUTED	-0.019276363636363637	-0.012294846192516196	-0.011420776232722364	0.5316635235139513	0.6899401581285128	23	21	7	MISSING_OUTCOME_VARIANTS;PALINDROMIC_REMOVALS;EAF_MISMATCH_REMOVALS	NULL	True	False	binary traits use effective N=4/(1/cases+1/controls); r2 uses 2*p*(1-p)*beta^2; reference EAF fallback when source EAF missing	-0.017349479310635574	0.007989431244529296	ret_ven_tort__sys_ckd_wuttke2019
ret_ven_tort	microvasculature	sys_ad_kunkle2019	ret_ven_tort_to_sys_ad_kunkle2019	ret_ven_tort	sys_ad_kunkle2019	43	43	18	73.91052276452527	30.505838620649456	IVW_random_effects	-0.0425598016497469	0.06336385634290936	-0.1667506780034157	0.08163107470392189	0.9583331539036888	0.5017917915371128	0.9821744431820366	0.5017917915371128	17.581600665828486	0.41568377026513526	-0.0011028517796011635	0.7695539178508236	True	1.045947872679038e-114	0.029683967763072826	0.00203824047707272	COMPUTED_NO_OUTLIER	COMPUTED	-0.12334801762114536	-0.0756984614760392	-0.04915572616464407	0.03732317233172895	0.201302524854732	43	43	18	EAF_MISMATCH_REMOVALS	NULL	False	True	binary traits use effective N=4/(1/cases+1/controls); r2 uses 2*p*(1-p)*beta^2; reference EAF fallback when source EAF missing	-0.06137491090334628	0.005777605350256638	ret_ven_tort__sys_ad_kunkle2019
ret_ven_tort	microvasculature	sys_ad_kunkle2019	sys_ad_kunkle2019_to_ret_ven_tort	sys_ad_kunkle2019	ret_ven_tort	19	18	7	194.99015118294395	30.46466520492495	IVW_random_effects	-0.05095129165142682	0.027764099122072557	-0.10536792599388767	0.003465342691034032	NA	0.06648343974841621	0.9821744431820366	0.06648343974841621	20.498592529563854	0.002256453070664799	-0.007483940686815806	0.09063777361067003	True	0.0	0.2595127203868696	0.00040173410993631927	COMPUTED_NO_OUTLIER	COMPUTED	0.005934217341759039	0.003396564613736275	-0.0039287405203974725	0.42617215805185327	0.6487725147032863	19	18	7	MISSING_OUTCOME_VARIANTS;EAF_MISMATCH_REMOVALS	NULL	True	False	binary traits use effective N=4/(1/cases+1/controls); r2 uses 2*p*(1-p)*beta^2; reference EAF fallback when source EAF missing	-0.07323654424908271	-0.011829815656982712	ret_ven_tort__sys_ad_kunkle2019
ret_ven_tort	microvasculature	sys_pd_nalls2019_clinical	ret_ven_tort_to_sys_pd_nalls2019_clinical	ret_ven_tort	sys_pd_nalls2019_clinical	43	41	18	73.91052276452527	30.505838620649456	IVW_random_effects	0.10202325198772048	0.09663777374927429	-0.08738330410698218	0.29142980808242314	1.1074092208941784	0.29109227217898825	0.9821744431820366	0.29109227217898825	8.884183746434276	0.9438252309653836	0.0035071086442358054	0.41802060449629375	True	8.57910703869652e-59	0.028515038169403466	0.003011373579026198	COMPUTED_NO_OUTLIER	COMPUTED	0.12586532410320955	0.13334057737523253	0.09039659470947259	0.19276452406645772	0.16764894284108078	43	41	18	MISSING_OUTCOME_VARIANTS;EAF_MISMATCH_REMOVALS	NULL	False	True	binary traits use effective N=4/(1/cases+1/controls); r2 uses 2*p*(1-p)*beta^2; reference EAF fallback when source EAF missing	0.08018934158588141	0.12643631592722065	ret_ven_tort__sys_pd_nalls2019_clinical
ret_ven_tort	microvasculature	sys_pd_nalls2019_clinical	sys_pd_nalls2019_clinical_to_ret_ven_tort	sys_pd_nalls2019_clinical	ret_ven_tort	15	15	5	50.47042387505873	30.052886259040108	IVW_random_effects	-0.04377822601776388	0.028878765441820393	-0.10037956620171024	0.012823114166182474	NA	0.1295367109637379	0.9821744431820366	0.1295367109637379	7.256687061193619	0.12292947091289175	0.006167961498910202	0.01338000782592477	True	2.1232568708297035e-128	0.03393042431910239	0.00019627393906660178	COMPUTED_NO_OUTLIER	COMPUTED	-0.04526286248830683	-0.01773058102061703	-0.06012334762309567	0.03371909177983981	0.405525179243859	15	15	5	EAF_MISMATCH_REMOVALS	NULL	True	False	binary traits use effective N=4/(1/cases+1/controls); r2 uses 2*p*(1-p)*beta^2; reference EAF fallback when source EAF missing	-0.05946727878216168	-0.020567046576971518	ret_ven_tort__sys_pd_nalls2019_clinical
ret_ven_tort	microvasculature	sys_sle_bentham2015	ret_ven_tort_to_sys_sle_bentham2015	ret_ven_tort	sys_sle_bentham2015	43	41	16	73.91052276452527	30.505838620649456	IVW_random_effects	0.36875492157772477	0.2361553976310284	-0.09410115253381379	0.8316109956892633	1.4459331932216262	0.11840755279395103	0.9821744431820366	0.11840755279395103	43.43680563987147	0.00013465153571001753	0.02079720322158969	0.13218553191885524	True	0.6468367085362583	0.028703205029256725	0.027286688659028578	COMPUTED_NO_OUTLIER	COMPUTED	0.06262008088840838	0.18040446739034888	0.28088952141159873	0.5653867411575323	0.09769512122057684	43	41	16	MISSING_OUTCOME_VARIANTS;EAF_MISMATCH_REMOVALS	NULL	False	True	binary traits use effective N=4/(1/cases+1/controls); r2 uses 2*p*(1-p)*beta^2; reference EAF fallback when source EAF missing	0.24020326875971765	0.46998137450039973	ret_ven_tort__sys_sle_bentham2015
ret_ven_tort	microvasculature	sys_sle_bentham2015	sys_sle_bentham2015_to_ret_ven_tort	sys_sle_bentham2015	ret_ven_tort	43	39	7	96.61952184324993	29.960511751951863	IVW_random_effects	0.03301514086255689	0.017668817561352457	-0.0016151052071017996	0.06764538693221558	NA	0.06168488172681755	0.9821744431820366	0.06168488172681755	28.956443352316676	6.200252014842977e-05	-0.0048389008612067935	0.41463025473156934	True	0.0	0.32140268558947466	0.0006974160430131522	COMPUTED_NO_OUTLIER	COMPUTED	-0.0031870480464965536	-0.0008738395065810145	0.01069140712156293	0.6404309758095352	0.8980930894503487	43	39	7	MISSING_OUTCOME_VARIANTS;EAF_MISMATCH_REMOVALS	NULL	True	False	binary traits use effective N=4/(1/cases+1/controls); r2 uses 2*p*(1-p)*beta^2; reference EAF fallback when source EAF missing	0.015828471426959236	0.045272353551869766	ret_ven_tort__sys_sle_bentham2015
ret_ven_tort	microvasculature	sys_ibd_delange2017	ret_ven_tort_to_sys_ibd_delange2017	ret_ven_tort	sys_ibd_delange2017	43	41	17	73.91052276452527	30.505838620649456	IVW_random_effects	0.05863287681203629	0.0844785990476927	-0.10694213478583653	0.22420788840990913	1.0603858770286623	0.4876471034331703	0.9821744431820366	0.4876471034331703	28.424709230426668	0.028116657426711655	-0.004179893143030126	0.3366874965029807	True	1.8253782622375688e-104	0.029245053711445677	0.002517421735911238	COMPUTED_NO_OUTLIER	COMPUTED	0.03083700440528634	0.0223155649401674	0.04868266174450308	0.5526235176276547	0.6673886868581725	43	41	17	MISSING_OUTCOME_VARIANTS;EAF_MISMATCH_REMOVALS	NULL	False	True	binary traits use effective N=4/(1/cases+1/controls); r2 uses 2*p*(1-p)*beta^2; reference EAF fallback when source EAF missing	0.022496641952569858	0.09489282781759732	ret_ven_tort__sys_ibd_delange2017
ret_ven_tort	microvasculature	sys_ibd_delange2017	sys_ibd_delange2017_to_ret_ven_tort	sys_ibd_delange2017	ret_ven_tort	117	108	94	70.31409626292229	29.86149172298345	IVW_random_effects	0.0012714119873942027	0.006327133378909495	-0.011129541560649285	0.013672365535437691	NA	0.8407408177897244	0.9821744431820366	0.8407408177897244	128.65787081485632	0.008489171947212215	-0.0005343914820950081	0.4995111173490957	NA	NA	NA	NA	COMPUTED_NO_OUTLIER	COMPUTED	0.006626482213438734	0.010411017733760797	0.001559682101601095	0.1867793924662755	0.038065941814164166	117	108	94	MISSING_OUTCOME_VARIANTS;PALINDROMIC_REMOVALS;EAF_MISMATCH_REMOVALS	NULL	True	False	binary traits use effective N=4/(1/cases+1/controls); r2 uses 2*p*(1-p)*beta^2; reference EAF fallback when source EAF missing	-0.00025671241908375243	0.0034374167034766294	ret_ven_tort__sys_ibd_delange2017
ret_crae	microvasculature	sys_cad_nikpay2015	ret_crae_to_sys_cad_nikpay2015	ret_crae	sys_cad_nikpay2015	6	6	1	50.459199841706685	33.0523405631824	Wald_ratio	-0.02650444715471339	0.2818343765696914	-0.5788896748365926	0.5258807805271659	0.9738437129922467	0.9250752896650081	0.9821744431820366	0.9250752896650081	NA	NA	NA	NA	True	6.296523667233606e-07	0.0005633171115155145	3.957222260950201e-07	NOT_ELIGIBLE_LT4_IV	NOT_RUN	NA	NA	NA	NA	NA	6	6	1	LOW_INSTRUMENT_COUNT;EAF_MISMATCH_REMOVALS	NULL	False	True	binary traits use effective N=4/(1/cases+1/controls); r2 uses 2*p*(1-p)*beta^2; reference EAF fallback when source EAF missing	NA	NA	ret_crae__sys_cad_nikpay2015
ret_crae	microvasculature	sys_cad_nikpay2015	sys_cad_nikpay2015_to_ret_crae	sys_cad_nikpay2015	ret_crae	41	37	7	60.60758220316102	29.88157247129896	IVW_random_effects	-0.03457261010604338	0.02385540899735936	-0.0813283525773392	0.012183132365252439	NA	0.14726592263446941	0.9821744431820366	0.14726592263446941	7.161934372242692	0.30613101303540047	0.0016228220888769736	0.5402929349133316	True	0.0	0.03669030338764115	0.00015858688084310834	COMPUTED_NO_OUTLIER	COMPUTED	-0.05965325929028289	-0.04736502421410321	-0.03263349915626122	0.0021847371629942704	0.014984563335824359	41	37	7	MISSING_OUTCOME_VARIANTS;PALINDROMIC_REMOVALS;EAF_MISMATCH_REMOVALS	NULL	True	False	binary traits use effective N=4/(1/cases+1/controls); r2 uses 2*p*(1-p)*beta^2; reference EAF fallback when source EAF missing	-0.0468245447210646	-0.01746814281714858	ret_crae__sys_cad_nikpay2015
ret_crae	microvasculature	sys_stroke_megastroke2018	ret_crae_to_sys_stroke_megastroke2018	ret_crae	sys_stroke_megastroke2018	6	6	1	50.459199841706685	33.0523405631824	Wald_ratio	-0.32424071154475415	0.3046985232387203	-0.9214388432351703	0.272957420145662	0.7230761686483743	0.2872670293955075	0.9821744431820366	0.2872670293955075	NA	NA	NA	NA	True	0.0008895547323601932	0.0005633171115155145	5.92226765502e-05	NOT_ELIGIBLE_LT4_IV	NOT_RUN	NA	NA	NA	NA	NA	6	6	1	LOW_INSTRUMENT_COUNT;EAF_MISMATCH_REMOVALS	NULL	False	True	binary traits use effective N=4/(1/cases+1/controls); r2 uses 2*p*(1-p)*beta^2; reference EAF fallback when source EAF missing	NA	NA	ret_crae__sys_stroke_megastroke2018
ret_crae	microvasculature	sys_stroke_megastroke2018	sys_stroke_megastroke2018_to_ret_crae	sys_stroke_megastroke2018	ret_crae	10	9	3	39.985710087874416	30.39364839319471	IVW_random_effects	0.06848189631753351	0.05320837608488487	-0.035804604484700284	0.17276839711976733	NA	0.1980764952296833	0.9821744431820366	0.1980764952296833	3.101174453432708	0.21212337273414572	-0.0021161942075059465	0.7153354192020269	True	3.3830713373837243e-62	0.008012141894466201	8.848013895056139e-05	NOT_ELIGIBLE_LT4_IV	COMPUTED	0.0472387676508344	0.0335290212419278	0.06112328302010744	0.26175634672095627	0.42571379235217144	10	9	3	MISSING_OUTCOME_VARIANTS;EAF_MISMATCH_REMOVALS	NULL	True	False	binary traits use effective N=4/(1/cases+1/controls); r2 uses 2*p*(1-p)*beta^2; reference EAF fallback when source EAF missing	0.025275634103766407	0.11096189957632144	ret_crae__sys_stroke_megastroke2018
ret_crae	microvasculature	sys_t2d_scott2017	ret_crae_to_sys_t2d_scott2017	ret_crae	sys_t2d_scott2017	6	6	1	50.459199841706685	33.0523405631824	Wald_ratio	-0.6544307939435404	0.37136523490089224	-1.3822932794595264	0.07343169157244545	0.5197378163194751	0.0780305198979921	0.9821744431820366	0.0780305198979921	NA	NA	NA	NA	True	0.1119046165790474	0.0005633171115155145	0.00024125726328	NOT_ELIGIBLE_LT4_IV	NOT_RUN	NA	NA	NA	NA	NA	6	6	1	LOW_INSTRUMENT_COUNT;EAF_MISMATCH_REMOVALS	NULL	False	True	binary traits use effective N=4/(1/cases+1/controls); r2 uses 2*p*(1-p)*beta^2; reference EAF fallback when source EAF missing	NA	NA	ret_crae__sys_t2d_scott2017
ret_crae	microvasculature	sys_t2d_scott2017	sys_t2d_scott2017_to_ret_crae	sys_t2d_scott2017	ret_crae	40	37	33	61.27339099856256	29.160000000000004	IVW_random_effects	-0.006578456564727376	0.011492377822222368	-0.029103103193009457	0.015946190063554706	NA	0.5670380794269585	0.9821744431820366	0.5670380794269585	40.43709790565111	0.14553137493606372	0.00018280421004983214	0.8829568376432281	NA	NA	NA	NA	COMPUTED_NO_OUTLIER	COMPUTED	0.0057222142857142845	0.022982958465676218	0.0005428607144539845	0.5468189988006228	0.015518669895398404	40	37	33	MISSING_OUTCOME_VARIANTS;PALINDROMIC_REMOVALS	NULL	True	False	binary traits use effective N=4/(1/cases+1/controls); r2 uses 2*p*(1-p)*beta^2; reference EAF fallback when source EAF missing	-0.012341034874090563	0.004681357391533052	ret_crae__sys_t2d_scott2017
ret_crae	microvasculature	sys_ckd_wuttke2019	ret_crae_to_sys_ckd_wuttke2019	ret_crae	sys_ckd_wuttke2019	6	6	1	50.459199841706685	33.0523405631824	Wald_ratio	1.981140494392718	0.4215273107584889	1.1549621468060791	2.807318841979357	7.251008005132074	2.6027595635462857e-06	0.000583018142234368	2.6027595635462857e-06	NA	NA	NA	NA	False	6.617198401236231e-07	0.0005633171115155145	0.0022109732783352006	NOT_ELIGIBLE_LT4_IV	NOT_RUN	NA	NA	NA	NA	NA	6	6	1	LOW_INSTRUMENT_COUNT;EAF_MISMATCH_REMOVALS	UNRESOLVED	False	True	binary traits use effective N=4/(1/cases+1/controls); r2 uses 2*p*(1-p)*beta^2; reference EAF fallback when source EAF missing	NA	NA	ret_crae__sys_ckd_wuttke2019
ret_crae	microvasculature	sys_ckd_wuttke2019	sys_ckd_wuttke2019_to_ret_crae	sys_ckd_wuttke2019	ret_crae	23	21	7	60.757203317463535	29.56640625000001	IVW_random_effects	0.011310821328715194	0.03661468033580953	-0.06045263343491644	0.08307427609234683	NA	0.757386241157894	0.9821744431820366	0.757386241157894	8.53695014266642	0.2013426769002986	0.0005323232573449411	0.8610477079590466	True	1.8125111833532802e-126	0.015078155582000003	0.00012625629368710918	COMPUTED_NO_OUTLIER	COMPUTED	0.029679586563307495	0.05135873721802581	0.017109627848678425	0.32780008507061065	0.09039269724854221	23	21	7	MISSING_OUTCOME_VARIANTS;PALINDROMIC_REMOVALS;EAF_MISMATCH_REMOVALS	NULL	True	False	binary traits use effective N=4/(1/cases+1/controls); r2 uses 2*p*(1-p)*beta^2; reference EAF fallback when source EAF missing	-0.012802047673540661	0.03442243661732003	ret_crae__sys_ckd_wuttke2019
ret_crae	microvasculature	sys_ad_kunkle2019	ret_crae_to_sys_ad_kunkle2019	ret_crae	sys_ad_kunkle2019	6	6	1	50.459199841706685	33.0523405631824	Wald_ratio	-0.18145581104798167	0.4263269142724945	-1.017041208662143	0.6541295865661796	0.8340551005099942	0.6703804056088063	0.9821744431820366	0.6703804056088063	NA	NA	NA	NA	True	0.0006804651174343459	0.0005633171115155145	1.8547898278200003e-05	NOT_ELIGIBLE_LT4_IV	NOT_RUN	NA	NA	NA	NA	NA	6	6	1	LOW_INSTRUMENT_COUNT;EAF_MISMATCH_REMOVALS	NULL	False	True	binary traits use effective N=4/(1/cases+1/controls); r2 uses 2*p*(1-p)*beta^2; reference EAF fallback when source EAF missing	NA	NA	ret_crae__sys_ad_kunkle2019
ret_crae	microvasculature	sys_ad_kunkle2019	sys_ad_kunkle2019_to_ret_crae	sys_ad_kunkle2019	ret_crae	19	18	7	194.99015118294395	30.46466520492495	IVW_random_effects	0.017248167192093912	0.028219953200408248	-0.038061924726110564	0.0725582591102984	NA	0.5410640919104417	0.9821744431820366	0.5410640919104417	22.413778500220786	0.0010185789218819519	-0.000389057207093727	0.9413280480917032	True	0.0	0.2595127203868696	0.00038248461771551187	COMPUTED_NO_OUTLIER	COMPUTED	0.0051664767429814564	0.00421733141290459	0.004919170527291266	0.47831290799330517	0.5627489675074421	19	18	7	MISSING_OUTCOME_VARIANTS;EAF_MISMATCH_REMOVALS	NULL	True	False	binary traits use effective N=4/(1/cases+1/controls); r2 uses 2*p*(1-p)*beta^2; reference EAF fallback when source EAF missing	-0.005156977206777399	0.037605443338868526	ret_crae__sys_ad_kunkle2019
ret_crae	microvasculature	sys_pd_nalls2019_clinical	ret_crae_to_sys_pd_nalls2019_clinical	ret_crae	sys_pd_nalls2019_clinical	6	6	1	50.459199841706685	33.0523405631824	Wald_ratio	0.2528482612963679	0.5992198371394799	-0.921601038318937	1.4272975609116727	1.2876878699215448	0.673052437099367	0.9821744431820366	0.673052437099367	NA	NA	NA	NA	True	0.013696642001783855	0.0005633171115155145	3.601412659500001e-05	NOT_ELIGIBLE_LT4_IV	NOT_RUN	NA	NA	NA	NA	NA	6	6	1	LOW_INSTRUMENT_COUNT;EAF_MISMATCH_REMOVALS	NULL	False	True	binary traits use effective N=4/(1/cases+1/controls); r2 uses 2*p*(1-p)*beta^2; reference EAF fallback when source EAF missing	NA	NA	ret_crae__sys_pd_nalls2019_clinical
ret_crae	microvasculature	sys_pd_nalls2019_clinical	sys_pd_nalls2019_clinical_to_ret_crae	sys_pd_nalls2019_clinical	ret_crae	15	15	5	50.47042387505873	30.052886259040108	IVW_random_effects	0.0010542878422556256	0.020225966716017653	-0.038587878473643755	0.04069645415815501	NA	0.9584287254765749	0.9821744431820366	0.9584287254765749	0.6572893528279159	0.9564896660840685	-0.001304297892720424	0.17369994081317808	True	4.673239560227493e-143	0.03393042431910239	9.547577696013826e-06	COMPUTED_NO_OUTLIER	COMPUTED	-0.00025639756944444446	-0.0009367501856199639	0.00409984845612093	0.9898857648706176	0.9630597931999147	15	15	5	EAF_MISMATCH_REMOVALS	NULL	True	False	binary traits use effective N=4/(1/cases+1/controls); r2 uses 2*p*(1-p)*beta^2; reference EAF fallback when source EAF missing	-0.005891392689909279	0.006092369225626718	ret_crae__sys_pd_nalls2019_clinical
ret_crae	microvasculature	sys_sle_bentham2015	ret_crae_to_sys_sle_bentham2015	ret_crae	sys_sle_bentham2015	6	6	1	50.459199841706685	33.0523405631824	Wald_ratio	-1.5258141531829306	0.987613053102857	-3.461500167926121	0.4098718615602597	0.21744395209410267	0.12235802317661461	0.9821744431820366	0.12235802317661461	NA	NA	NA	NA	False	0.19048963329588608	0.0005633171115155145	0.0013114635414394132	NOT_ELIGIBLE_LT4_IV	NOT_RUN	NA	NA	NA	NA	NA	6	6	1	LOW_INSTRUMENT_COUNT;EAF_MISMATCH_REMOVALS	NULL	False	True	binary traits use effective N=4/(1/cases+1/controls); r2 uses 2*p*(1-p)*beta^2; reference EAF fallback when source EAF missing	NA	NA	ret_crae__sys_sle_bentham2015
ret_crae	microvasculature	sys_sle_bentham2015	sys_sle_bentham2015_to_ret_crae	sys_sle_bentham2015	ret_crae	43	39	7	96.61952184324993	29.960511751951863	IVW_random_effects	0.005891365513331789	0.007058759935104653	-0.007943549734987239	0.019726280761650818	NA	0.4039330304772031	0.9821744431820366	0.4039330304772031	6.400101752605936	0.37989312316883683	-0.00018569276954376793	0.9368680552439386	True	0.0	0.32140268558947466	9.934375003958608e-05	COMPUTED_NO_OUTLIER	COMPUTED	0.004833318915727874	0.00320323700188406	0.005720246552434239	0.4612756294973225	0.6253565962053165	43	39	7	MISSING_OUTCOME_VARIANTS;EAF_MISMATCH_REMOVALS	NULL	True	False	binary traits use effective N=4/(1/cases+1/controls); r2 uses 2*p*(1-p)*beta^2; reference EAF fallback when source EAF missing	0.0026255632306744054	0.009304704211418683	ret_crae__sys_sle_bentham2015
ret_crae	microvasculature	sys_ibd_delange2017	ret_crae_to_sys_ibd_delange2017	ret_crae	sys_ibd_delange2017	6	6	1	50.459199841706685	33.0523405631824	Wald_ratio	0.5027218371657196	0.37715867780933277	-0.2364955877972984	1.2419392621287377	1.6532149342666482	0.18255850023937625	0.9821744431820366	0.18255850023937625	NA	NA	NA	NA	True	0.03843784455576261	0.0005633171115155145	0.00014236670860619997	NOT_ELIGIBLE_LT4_IV	NOT_RUN	NA	NA	NA	NA	NA	6	6	1	LOW_INSTRUMENT_COUNT;EAF_MISMATCH_REMOVALS	NULL	False	True	binary traits use effective N=4/(1/cases+1/controls); r2 uses 2*p*(1-p)*beta^2; reference EAF fallback when source EAF missing	NA	NA	ret_crae__sys_ibd_delange2017
ret_crae	microvasculature	sys_ibd_delange2017	sys_ibd_delange2017_to_ret_crae	sys_ibd_delange2017	ret_crae	117	108	94	70.31409626292229	29.86149172298345	IVW_random_effects	0.0022509182597833686	0.005179856145439442	-0.007901413230376127	0.012403249749942863	NA	0.6638874446183314	0.9821744431820366	0.6638874446183314	98.7812717590742	0.32129362097838154	0.0003502434956859033	0.5964716867354383	NA	NA	NA	NA	COMPUTED_NO_OUTLIER	COMPUTED	-0.0014046865489957395	-0.003080234013970895	0.001748868157285707	0.7739687552877896	0.5288565991638529	117	108	94	MISSING_OUTCOME_VARIANTS;PALINDROMIC_REMOVALS;EAF_MISMATCH_REMOVALS	NULL	True	False	binary traits use effective N=4/(1/cases+1/controls); r2 uses 2*p*(1-p)*beta^2; reference EAF fallback when source EAF missing	0.0007683793183466613	0.0038322356013991226	ret_crae__sys_ibd_delange2017
ret_crve	microvasculature	sys_cad_nikpay2015	ret_crve_to_sys_cad_nikpay2015	ret_crve	sys_cad_nikpay2015	26	26	8	57.28545101305307	30.776581767242064	IVW_random_effects	-0.03786205911363	0.1189023262505569	-0.2709063362427465	0.19518221801548655	0.9628457475271078	0.7501588400093276	0.9821744431820366	0.7501588400093276	17.50356519067401	0.014422310607416056	0.002496679902168609	0.7004537407106641	True	1.1930091647064447e-47	0.009252180867200529	0.0008610531302770543	COMPUTED_NO_OUTLIER	COMPUTED	-0.057663834384879084	-0.07622025362286644	-0.06348746725865155	0.4216566320079864	0.2881740514647063	26	26	8	PALINDROMIC_REMOVALS;EAF_MISMATCH_REMOVALS	NULL	False	True	binary traits use effective N=4/(1/cases+1/controls); r2 uses 2*p*(1-p)*beta^2; reference EAF fallback when source EAF missing	-0.10020294802911851	0.0253460299099388	ret_crve__sys_cad_nikpay2015
ret_crve	microvasculature	sys_cad_nikpay2015	sys_cad_nikpay2015_to_ret_crve	sys_cad_nikpay2015	ret_crve	41	37	7	60.60758220316102	29.88157247129896	IVW_random_effects	-0.020003544481946134	0.024322222012020518	-0.06767422364949237	0.0276671346856001	NA	0.4108270782000375	0.9821744431820366	0.4108270782000375	7.352503881018919	0.28947400753581565	-0.0020793022973655192	0.4189267688386281	True	0.0	0.03669030338764115	0.00011614579483209453	COMPUTED_NO_OUTLIER	COMPUTED	-0.01858677049239663	-0.007609984867818387	-0.025416831430178755	0.33712680277377716	0.694323363785815	41	37	7	MISSING_OUTCOME_VARIANTS;PALINDROMIC_REMOVALS;EAF_MISMATCH_REMOVALS	NULL	True	False	binary traits use effective N=4/(1/cases+1/controls); r2 uses 2*p*(1-p)*beta^2; reference EAF fallback when source EAF missing	-0.035382090512000315	-0.007876291421626994	ret_crve__sys_cad_nikpay2015
ret_crve	microvasculature	sys_stroke_megastroke2018	ret_crve_to_sys_stroke_megastroke2018	ret_crve	sys_stroke_megastroke2018	26	25	7	57.28545101305307	30.776581767242064	IVW_random_effects	0.05428476201961127	0.11300886491604427	-0.16720854314958147	0.27577806718880404	1.0557852068804314	0.6309725410400465	0.9821744431820366	0.6309725410400465	10.880848380836357	0.09212950451236901	0.002609120619870103	0.6978796249818631	True	2.0585629262961943e-43	0.008146134658751386	0.000572460593248718	COMPUTED_NO_OUTLIER	COMPUTED	0.07097836579410595	0.08024190958043209	0.0056312596581259795	0.3743928412272043	0.3152794539164606	26	25	7	MISSING_OUTCOME_VARIANTS;PALINDROMIC_REMOVALS;EAF_MISMATCH_REMOVALS	NULL	False	True	binary traits use effective N=4/(1/cases+1/controls); r2 uses 2*p*(1-p)*beta^2; reference EAF fallback when source EAF missing	-0.02867039347477659	0.1668956360466785	ret_crve__sys_stroke_megastroke2018
ret_crve	microvasculature	sys_stroke_megastroke2018	sys_stroke_megastroke2018_to_ret_crve	sys_stroke_megastroke2018	ret_crve	10	9	3	39.985710087874416	30.39364839319471	IVW_random_effects	-0.2072705614612338	0.19160973051159844	-0.5828187323513818	0.1682776094289143	NA	0.279371201870114	0.9821744431820366	0.279371201870114	30.602503374067965	2.2633453544695925e-07	-0.024548676789933183	0.0001920605856508891	True	1.134090481996059e-29	0.008012141894466201	0.001240713284379513	NOT_ELIGIBLE_LT4_IV	COMPUTED	-0.05068258859784284	-0.014094628126065656	-0.30735261167592265	0.283341153780973	0.7654332501956177	10	9	3	MISSING_OUTCOME_VARIANTS;EAF_MISMATCH_REMOVALS	NULL	True	False	binary traits use effective N=4/(1/cases+1/controls); r2 uses 2*p*(1-p)*beta^2; reference EAF fallback when source EAF missing	-0.34075805650093	0.008300926689382622	ret_crve__sys_stroke_megastroke2018
ret_crve	microvasculature	sys_t2d_scott2017	ret_crve_to_sys_t2d_scott2017	ret_crve	sys_t2d_scott2017	26	26	8	57.28545101305307	30.776581767242064	IVW_random_effects	0.11280105263082682	0.09725815314979777	-0.07782142474565237	0.30342353000730604	1.1194092072771613	0.24612586179814888	0.9821744431820366	0.24612586179814888	5.523780587757518	0.5963170520642265	0.006958471543228307	0.06794617923904735	True	1.7762684393024417e-42	0.008653564057711253	0.000524441191572596	COMPUTED_NO_OUTLIER	COMPUTED	0.16006616067974763	0.14543801372478393	0.06513052912024696	0.0998077116314958	0.1348149842635802	26	26	8	PALINDROMIC_REMOVALS;EAF_MISMATCH_REMOVALS	NULL	False	True	binary traits use effective N=4/(1/cases+1/controls); r2 uses 2*p*(1-p)*beta^2; reference EAF fallback when source EAF missing	0.08049412107791422	0.15766126516204446	ret_crve__sys_t2d_scott2017
ret_crve	microvasculature	sys_t2d_scott2017	sys_t2d_scott2017_to_ret_crve	sys_t2d_scott2017	ret_crve	40	37	33	61.27339099856256	29.160000000000004	IVW_random_effects	0.01115893680009425	0.010664115891303104	-0.009742346273820516	0.03206021987400902	NA	0.29537613607100166	0.9821744431820366	0.29537613607100166	36.344321849344496	0.273320499904143	-0.001083155872337421	0.33506280992760995	NA	NA	NA	NA	COMPUTED_NO_OUTLIER	COMPUTED	0.029170652173913042	0.026233813565428088	0.01566162002303325	0.0020449210335243043	0.005551203973355182	40	37	33	MISSING_OUTCOME_VARIANTS;PALINDROMIC_REMOVALS	NULL	True	False	binary traits use effective N=4/(1/cases+1/controls); r2 uses 2*p*(1-p)*beta^2; reference EAF fallback when source EAF missing	0.0065126654728242155	0.01673760460668849	ret_crve__sys_t2d_scott2017
ret_crve	microvasculature	sys_ckd_wuttke2019	ret_crve_to_sys_ckd_wuttke2019	ret_crve	sys_ckd_wuttke2019	26	26	8	57.28545101305307	30.776581767242064	IVW_random_effects	-0.025909664233352562	0.1092615429576801	-0.24005835332567566	0.18823902485897054	0.9744231108917158	0.812552570009944	0.9821744431820366	0.812552570009944	13.950954569543745	0.05206058154788873	0.0031712923027957195	0.5823835776386277	True	2.105042556985481e-46	0.008653564057711253	0.0006941237569325802	COMPUTED_NO_OUTLIER	COMPUTED	-0.06774924311392459	0.013801876789411693	-0.05905188097189787	0.35442361027854674	0.8503643965161092	26	26	8	PALINDROMIC_REMOVALS;EAF_MISMATCH_REMOVALS	NULL	False	True	binary traits use effective N=4/(1/cases+1/controls); r2 uses 2*p*(1-p)*beta^2; reference EAF fallback when source EAF missing	-0.0667776586773137	0.03267503294175954	ret_crve__sys_ckd_wuttke2019
ret_crve	microvasculature	sys_ckd_wuttke2019	sys_ckd_wuttke2019_to_ret_crve	sys_ckd_wuttke2019	ret_crve	23	21	7	60.757203317463535	29.56640625000001	IVW_random_effects	0.03295282420364924	0.03912583226355582	-0.043732397898073316	0.1096380463053718	NA	0.399661019637072	0.9821744431820366	0.399661019637072	9.718263041183684	0.1370290139419248	0.0036004663347824427	0.196045816705524	True	5.747354456104799e-125	0.015078155582000003	0.00014711472708669803	COMPUTED_NO_OUTLIER	COMPUTED	0.08509625	0.09444772674033874	0.044895892896703295	0.004992982638034306	0.0018331664725672818	23	21	7	MISSING_OUTCOME_VARIANTS;PALINDROMIC_REMOVALS;EAF_MISMATCH_REMOVALS	NULL	True	False	binary traits use effective N=4/(1/cases+1/controls); r2 uses 2*p*(1-p)*beta^2; reference EAF fallback when source EAF missing	0.018723766327103916	0.058508762159255705	ret_crve__sys_ckd_wuttke2019
ret_crve	microvasculature	sys_ad_kunkle2019	ret_crve_to_sys_ad_kunkle2019	ret_crve	sys_ad_kunkle2019	26	26	8	57.28545101305307	30.776581767242064	IVW_random_effects	-0.02513606987644411	0.18873920948100148	-0.39505812292975756	0.3447859831768693	0.9751772107576357	0.8940519412461452	0.9821744431820366	0.8940519412461452	17.863843474157278	0.012599650651263117	-0.018081447423373493	0.012348934521678501	True	1.5898297354715147e-16	0.008653564057711253	0.00212859975652069	COMPUTED_NO_OUTLIER	COMPUTED	-0.17740666142005362	-0.13646717069387027	0.029106504580480638	0.1105379508878768	0.21962437699268156	26	26	8	PALINDROMIC_REMOVALS;EAF_MISMATCH_REMOVALS	NULL	False	True	binary traits use effective N=4/(1/cases+1/controls); r2 uses 2*p*(1-p)*beta^2; reference EAF fallback when source EAF missing	-0.13339827997566747	0.0734887130082558	ret_crve__sys_ad_kunkle2019
ret_crve	microvasculature	sys_ad_kunkle2019	sys_ad_kunkle2019_to_ret_crve	sys_ad_kunkle2019	ret_crve	19	18	7	194.99015118294395	30.46466520492495	IVW_random_effects	0.016795584047061964	0.022425545867233807	-0.02715767818636614	0.06074884628049007	NA	0.4538881091424166	0.9821744431820366	0.4538881091424166	14.252273976669894	0.026941627746472796	0.003224564627915384	0.43607798776722717	True	0.0	0.2595127203868696	0.0002757288413250212	COMPUTED_NO_OUTLIER	COMPUTED	0.008073759453019786	0.0060455638394052436	0.009542722360675333	0.2652751955147772	0.4041903274333972	19	18	7	MISSING_OUTCOME_VARIANTS;EAF_MISMATCH_REMOVALS	NULL	True	False	binary traits use effective N=4/(1/cases+1/controls); r2 uses 2*p*(1-p)*beta^2; reference EAF fallback when source EAF missing	0.005629819718556333	0.02875741237769553	ret_crve__sys_ad_kunkle2019
ret_crve	microvasculature	sys_pd_nalls2019_clinical	ret_crve_to_sys_pd_nalls2019_clinical	ret_crve	sys_pd_nalls2019_clinical	26	26	9	57.28545101305307	30.776581767242064	IVW_random_effects	0.027727942042105904	0.14512869885729762	-0.2567190808413489	0.3121749649255607	1.0281159392467902	0.8484804597614694	0.9821744431820366	0.8484804597614694	3.5993974191092817	0.8913400089211014	0.0025453889722124477	0.6434965282266149	True	3.5038648820673957e-22	0.0097596102661604	0.0008689229393065279	COMPUTED_NO_OUTLIER	COMPUTED	0.07746273019584918	0.058156229153473626	0.01245291206859535	0.5935131417731845	0.6886249805271735	26	26	9	PALINDROMIC_REMOVALS;EAF_MISMATCH_REMOVALS	NULL	False	True	binary traits use effective N=4/(1/cases+1/controls); r2 uses 2*p*(1-p)*beta^2; reference EAF fallback when source EAF missing	-0.007835403766824324	0.08867194500385314	ret_crve__sys_pd_nalls2019_clinical
ret_crve	microvasculature	sys_pd_nalls2019_clinical	sys_pd_nalls2019_clinical_to_ret_crve	sys_pd_nalls2019_clinical	ret_crve	15	15	5	50.47042387505873	30.052886259040108	IVW_random_effects	-0.005439518767509867	0.02490689385235097	-0.054256133684878506	0.043377096149858775	NA	0.827122058963166	0.9821744431820366	0.827122058963166	5.862596363769512	0.20964734186354228	-0.0018619512138134426	0.6069144786169439	True	1.1541489194835168e-133	0.03393042431910239	8.911851792730237e-05	COMPUTED_NO_OUTLIER	COMPUTED	0.0016700228832951945	0.011768308608499922	-0.0016572865918028819	0.9349276736572489	0.565056331620266	15	15	5	EAF_MISMATCH_REMOVALS	NULL	True	False	binary traits use effective N=4/(1/cases+1/controls); r2 uses 2*p*(1-p)*beta^2; reference EAF fallback when source EAF missing	-0.01766759843476706	0.012736636909458188	ret_crve__sys_pd_nalls2019_clinical
ret_crve	microvasculature	sys_sle_bentham2015	ret_crve_to_sys_sle_bentham2015	ret_crve	sys_sle_bentham2015	26	21	6	57.28545101305307	30.776581767242064	IVW_random_effects	-0.0552928132008655	0.4845746340141305	-1.005041643690213	0.8944560172884819	0.9462080451793949	0.9091538641138273	0.9821744431820366	0.9091538641138273	15.557620821162264	0.008227413753831403	-0.0002737336684932167	0.9921847801209637	False	0.9550477518420006	0.007485555356273524	0.007578165108180628	COMPUTED_NO_OUTLIER	COMPUTED	0.21278207722358206	-0.014712685980395879	0.2619184792993896	0.4173858843380456	0.9552831248724967	26	21	6	MISSING_OUTCOME_VARIANTS;PALINDROMIC_REMOVALS;EAF_MISMATCH_REMOVALS	NULL	False	True	binary traits use effective N=4/(1/cases+1/controls); r2 uses 2*p*(1-p)*beta^2; reference EAF fallback when source EAF missing	-0.39304015877489723	0.21603363699809297	ret_crve__sys_sle_bentham2015
ret_crve	microvasculature	sys_sle_bentham2015	sys_sle_bentham2015_to_ret_crve	sys_sle_bentham2015	ret_crve	43	39	7	96.61952184324993	29.960511751951863	IVW_random_effects	-0.0074668729844433335	0.02055184613256149	-0.04774775122007154	0.03281400525118488	NA	0.7163667180559521	0.9821744431820366	0.7163667180559521	40.164990976907475	4.2273973255291253e-07	0.009268199646388774	0.3002772187519418	True	0.0	0.32140268558947466	0.001554311199281174	COMPUTED_NO_OUTLIER	COMPUTED	0.005772977736916532	0.0059924020766829456	0.0020518548447338047	0.3884691281471878	0.3706931927767849	43	39	7	MISSING_OUTCOME_VARIANTS;EAF_MISMATCH_REMOVALS	NULL	True	False	binary traits use effective N=4/(1/cases+1/controls); r2 uses 2*p*(1-p)*beta^2; reference EAF fallback when source EAF missing	-0.02135330608369612	0.012909361072281115	ret_crve__sys_sle_bentham2015
ret_crve	microvasculature	sys_ibd_delange2017	ret_crve_to_sys_ibd_delange2017	ret_crve	sys_ibd_delange2017	26	24	6	57.28545101305307	30.776581767242064	IVW_random_effects	-0.11148947456523174	0.19420761887538707	-0.4921294130842611	0.26915046395379766	0.8945008063636071	0.5659179706567002	0.9821744431820366	0.5659179706567002	9.78598367991367	0.08153145575032761	0.008405826623997317	0.2803666033686706	True	4.81451791557941e-10	0.004323204391449584	0.0009229710437063961	COMPUTED_NO_OUTLIER	COMPUTED	-0.2434738424406665	-0.28673732858547774	-0.11733286071100346	0.07491358842432269	0.03595267844943254	26	24	6	MISSING_OUTCOME_VARIANTS;PALINDROMIC_REMOVALS;EAF_MISMATCH_REMOVALS	NULL	False	True	binary traits use effective N=4/(1/cases+1/controls); r2 uses 2*p*(1-p)*beta^2; reference EAF fallback when source EAF missing	-0.2908295943666685	-0.04712976761266333	ret_crve__sys_ibd_delange2017
ret_crve	microvasculature	sys_ibd_delange2017	sys_ibd_delange2017_to_ret_crve	sys_ibd_delange2017	ret_crve	117	108	94	70.31409626292229	29.86149172298345	IVW_random_effects	0.00591527770610492	0.006570450587699711	-0.0069625688079861916	0.018793124220196033	NA	0.36796863404305746	0.9821744431820366	0.36796863404305746	144.52428283408418	0.0004987034397637702	-0.002766225879525019	0.0010932192054194155	NA	NA	NA	NA	COMPUTED_NO_OUTLIER	COMPUTED	-0.00506476132563089	-0.004244328736264735	0.006524032543740148	0.3003671977890753	0.3854580656027805	117	108	94	MISSING_OUTCOME_VARIANTS;PALINDROMIC_REMOVALS;EAF_MISMATCH_REMOVALS	NULL	True	False	binary traits use effective N=4/(1/cases+1/controls); r2 uses 2*p*(1-p)*beta^2; reference EAF fallback when source EAF missing	0.0034022618676281574	0.007078635659785682	ret_crve__sys_ibd_delange2017
ret_avr	microvasculature	sys_cad_nikpay2015	ret_avr_to_sys_cad_nikpay2015	ret_avr	sys_cad_nikpay2015	7	7	4	78.0617353595258	40.061303724358524	IVW_random_effects	0.3374069506501236	0.3490286825022452	-0.34667669662572353	1.0214905979259707	1.4013092114142924	0.33369270435099196	0.9821744431820366	0.33369270435099196	26.038296964322278	9.362928905742862e-06	0.02500063563889403	0.026977746273644698	True	8.436637718618156e-06	0.004753370525677847	0.0023319097253690743	COMPUTED_NO_OUTLIER	COMPUTED	0.05608547449228038	0.0836797439545669	0.3837623665261709	0.6027215685976994	0.4374100199184763	7	7	4	EAF_MISMATCH_REMOVALS	NULL	False	True	binary traits use effective N=4/(1/cases+1/controls); r2 uses 2*p*(1-p)*beta^2; reference EAF fallback when source EAF missing	0.011302277581253701	0.59993014906697	ret_avr__sys_cad_nikpay2015
ret_avr	microvasculature	sys_cad_nikpay2015	sys_cad_nikpay2015_to_ret_avr	sys_cad_nikpay2015	ret_avr	41	37	7	60.60758220316102	29.88157247129896	IVW_random_effects	-0.02213863770922849	0.020491680434567974	-0.062301593343684694	0.018024317925227712	NA	0.27997656066732324	0.9821744431820366	0.27997656066732324	2.3095607229600876	0.8891424600972071	0.001920302750416179	0.15760734802477883	True	0.0	0.03669030338764115	5.353399095462184e-05	COMPUTED_NO_OUTLIER	COMPUTED	-0.04346616615219156	-0.03307312621344065	-0.015206323161273499	0.03390820350495734	0.10653214740672115	41	37	7	MISSING_OUTCOME_VARIANTS;PALINDROMIC_REMOVALS;EAF_MISMATCH_REMOVALS	NULL	True	False	binary traits use effective N=4/(1/cases+1/controls); r2 uses 2*p*(1-p)*beta^2; reference EAF fallback when source EAF missing	-0.026158487530090403	0.0004946795486721585	ret_avr__sys_cad_nikpay2015
ret_avr	microvasculature	sys_stroke_megastroke2018	ret_avr_to_sys_stroke_megastroke2018	ret_avr	sys_stroke_megastroke2018	7	7	4	78.0617353595258	40.061303724358524	IVW_random_effects	0.562432135675342	0.33575124748987967	-0.09562821716919823	1.2204924885198822	1.754935555402685	0.09390572008609184	0.9821744431820366	0.09390572008609184	21.221997490750756	9.46709857642114e-05	0.023278315531340552	0.077860408445848	True	0.012963867689463558	0.004753370525677847	0.003244639360002057	COMPUTED_NO_OUTLIER	COMPUTED	0.2678238950474063	0.2698126832413774	0.6198763501823231	0.018119817760852537	0.017279367847099908	7	7	4	EAF_MISMATCH_REMOVALS	NULL	False	True	binary traits use effective N=4/(1/cases+1/controls); r2 uses 2*p*(1-p)*beta^2; reference EAF fallback when source EAF missing	0.2438692806824559	0.7731918048242763	ret_avr__sys_stroke_megastroke2018
ret_avr	microvasculature	sys_stroke_megastroke2018	sys_stroke_megastroke2018_to_ret_avr	sys_stroke_megastroke2018	ret_avr	10	9	3	39.985710087874416	30.39364839319471	IVW_random_effects	0.2661732051559924	0.18255922119407667	-0.09163629343006935	0.6239827037420542	NA	0.14483773373525288	0.9821744431820366	0.14483773373525288	24.239009908264173	5.452125888094628e-06	0.018935283251929263	0.07893524548893723	True	5.2675980943421186e-30	0.008012141894466201	0.0011997586315215364	NOT_ELIGIBLE_LT4_IV	COMPUTED	-0.020398512221041443	0.09208478500642958	0.3308283424524029	0.6867249926070635	0.06866334595684492	10	9	3	MISSING_OUTCOME_VARIANTS;EAF_MISMATCH_REMOVALS	NULL	True	False	binary traits use effective N=4/(1/cases+1/controls); r2 uses 2*p*(1-p)*beta^2; reference EAF fallback when source EAF missing	0.09969738041582009	0.4167541308189615	ret_avr__sys_stroke_megastroke2018
ret_avr	microvasculature	sys_t2d_scott2017	ret_avr_to_sys_t2d_scott2017	ret_avr	sys_t2d_scott2017	7	7	4	78.0617353595258	40.061303724358524	IVW_random_effects	0.1589575291656174	0.2354819397937267	-0.3025785918397036	0.6204936501709384	1.172288157567244	0.49965628598605083	0.9821744431820366	0.49965628598605083	7.70890797754815	0.05242682609728422	0.01821208659622874	7.290143755930784e-08	True	5.772337980940313e-16	0.004753370525677847	0.0007377599878280002	COMPUTED_NO_OUTLIER	COMPUTED	-0.07877173383747244	0.0077351649325214655	0.15150203089973105	0.5573711193317066	0.9540534773444362	7	7	4	EAF_MISMATCH_REMOVALS	NULL	False	True	binary traits use effective N=4/(1/cases+1/controls); r2 uses 2*p*(1-p)*beta^2; reference EAF fallback when source EAF missing	-0.001322621439187463	0.3078735788776971	ret_avr__sys_t2d_scott2017
ret_avr	microvasculature	sys_t2d_scott2017	sys_t2d_scott2017_to_ret_avr	sys_t2d_scott2017	ret_avr	40	37	33	61.27339099856256	29.160000000000004	IVW_random_effects	-0.01075635347812088	0.01002321257262407	-0.030401489129852577	0.008888782173610818	NA	0.28320637559351536	0.9821744431820366	0.28320637559351536	31.51809737945489	0.4908185974140664	0.001528392166479758	0.16905931843863742	NA	NA	NA	NA	COMPUTED_NO_OUTLIER	COMPUTED	0.007909397590361446	-0.0049124509066727495	-0.01245736393775155	0.4300488653896539	0.6240578840729638	40	37	33	MISSING_OUTCOME_VARIANTS;PALINDROMIC_REMOVALS	NULL	True	False	binary traits use effective N=4/(1/cases+1/controls); r2 uses 2*p*(1-p)*beta^2; reference EAF fallback when source EAF missing	-0.016753755837303857	-0.0044439286672126955	ret_avr__sys_t2d_scott2017
ret_avr	microvasculature	sys_ckd_wuttke2019	ret_avr_to_sys_ckd_wuttke2019	ret_avr	sys_ckd_wuttke2019	7	7	4	78.0617353595258	40.061303724358524	IVW_random_effects	0.2328564756070442	0.2324735903974453	-0.22278338892865263	0.6884963401427411	1.2622003097931969	0.3165141101611696	0.9821744431820366	0.3165141101611696	12.871949504004283	0.004921866141180953	0.0019393529421656032	0.8832150428068312	True	1.5199416030851046e-14	0.004753370525677847	0.0010815154560497283	COMPUTED_NO_OUTLIER	COMPUTED	0.27068832173240526	0.3081030815416357	0.31221791859455245	0.00863458506364098	0.002797204222832373	7	7	4	EAF_MISMATCH_REMOVALS	NULL	False	True	binary traits use effective N=4/(1/cases+1/controls); r2 uses 2*p*(1-p)*beta^2; reference EAF fallback when source EAF missing	0.043701401447473184	0.4273249659888653	ret_avr__sys_ckd_wuttke2019
ret_avr	microvasculature	sys_ckd_wuttke2019	sys_ckd_wuttke2019_to_ret_avr	sys_ckd_wuttke2019	ret_avr	23	21	7	60.757203317463535	29.56640625000001	IVW_random_effects	-0.007210132123016271	0.032666111083818075	-0.07123453336228261	0.056814269116250066	NA	0.8253088347699392	0.9821744431820366	0.8253088347699392	6.240123278599233	0.3968360565406457	-0.0022610957517071443	0.39102029620136325	True	1.2288208822667667e-127	0.015078155582000003	0.00010721233901707128	COMPUTED_NO_OUTLIER	COMPUTED	-0.009149374130737135	0.007817370961422043	-0.019397402518486654	0.7746622306508749	0.8067632195332703	23	21	7	MISSING_OUTCOME_VARIANTS;PALINDROMIC_REMOVALS;EAF_MISMATCH_REMOVALS	NULL	True	False	binary traits use effective N=4/(1/cases+1/controls); r2 uses 2*p*(1-p)*beta^2; reference EAF fallback when source EAF missing	-0.029201196813802833	0.013949942511248018	ret_avr__sys_ckd_wuttke2019
ret_avr	microvasculature	sys_ad_kunkle2019	ret_avr_to_sys_ad_kunkle2019	ret_avr	sys_ad_kunkle2019	7	7	4	78.0617353595258	40.061303724358524	IVW_random_effects	-0.07448097340081038	0.2861779168303686	-0.6353793835590164	0.48641743675739557	0.9282251348585691	0.7946623928294511	0.9821744431820366	0.7946623928294511	9.076163350280545	0.028295206380753557	-0.011816868621419516	0.3878878179182317	True	8.726590957894243e-11	0.004753370525677847	0.001014887700945416	COMPUTED_NO_OUTLIER	COMPUTED	0.002798376941374003	0.37985180500487137	0.03555999540463923	0.9853172697136491	0.012488237357864716	7	7	4	EAF_MISMATCH_REMOVALS	NULL	False	True	binary traits use effective N=4/(1/cases+1/controls); r2 uses 2*p*(1-p)*beta^2; reference EAF fallback when source EAF missing	-0.3670010143876796	0.133313796233719	ret_avr__sys_ad_kunkle2019
ret_avr	microvasculature	sys_ad_kunkle2019	sys_ad_kunkle2019_to_ret_avr	sys_ad_kunkle2019	ret_avr	19	18	7	194.99015118294395	30.46466520492495	IVW_random_effects	-0.004546069400343766	0.01684318013503734	-0.03755809585013653	0.028465957049449	NA	0.7872328441212849	0.9821744431820366	0.7872328441212849	8.439535154755387	0.20763701597206552	-0.0037941028713342675	0.17089726798073968	True	0.0	0.2595127203868696	0.0001505399284204203	COMPUTED_NO_OUTLIER	COMPUTED	-0.004159743085051279	-0.005983367844229481	-0.004949422234788093	0.5880803337308625	0.43594124938188383	19	18	7	MISSING_OUTCOME_VARIANTS;EAF_MISMATCH_REMOVALS	NULL	True	False	binary traits use effective N=4/(1/cases+1/controls); r2 uses 2*p*(1-p)*beta^2; reference EAF fallback when source EAF missing	-0.009217237554638102	0.0009922822539897539	ret_avr__sys_ad_kunkle2019
ret_avr	microvasculature	sys_pd_nalls2019_clinical	ret_avr_to_sys_pd_nalls2019_clinical	ret_avr	sys_pd_nalls2019_clinical	7	7	4	78.0617353595258	40.061303724358524	IVW_random_effects	-0.043629765551728865	0.20043029957577121	-0.4364659341308033	0.34920640302734557	0.957308320388144	0.8276780669486475	0.9821744431820366	0.8276780669486475	1.5661019630730666	0.6671001586289977	0.010066299588468428	0.08090461116304232	True	7.618855390981282e-13	0.004753370525677847	0.000303027247912568	COMPUTED_NO_OUTLIER	COMPUTED	-0.14322133424994987	-0.15542698366038388	-0.0030707095969344234	0.4748752346200239	0.43806405107170676	7	7	4	EAF_MISMATCH_REMOVALS	NULL	False	True	binary traits use effective N=4/(1/cases+1/controls); r2 uses 2*p*(1-p)*beta^2; reference EAF fallback when source EAF missing	-0.18014960538833183	0.07402422700609433	ret_avr__sys_pd_nalls2019_clinical
ret_avr	microvasculature	sys_pd_nalls2019_clinical	sys_pd_nalls2019_clinical_to_ret_avr	sys_pd_nalls2019_clinical	ret_avr	15	15	5	50.47042387505873	30.052886259040108	IVW_random_effects	0.0009525384390972085	0.023084008938933465	-0.04429128770001181	0.04619636457820622	NA	0.967085436103141	0.9821744431820366	0.967085436103141	4.54000692213762	0.33783001718734273	-0.000678111114168326	0.8429365119605919	True	2.0259268252898156e-134	0.03393042431910239	7.30969072541978e-05	COMPUTED_NO_OUTLIER	COMPUTED	-0.014460717009916095	-0.01559970474293762	0.00253548216368482	0.5035726759231416	0.4705633496019158	15	15	5	EAF_MISMATCH_REMOVALS	NULL	True	False	binary traits use effective N=4/(1/cases+1/controls); r2 uses 2*p*(1-p)*beta^2; reference EAF fallback when source EAF missing	-0.011928658409688842	0.014272605658617578	ret_avr__sys_pd_nalls2019_clinical
ret_avr	microvasculature	sys_sle_bentham2015	ret_avr_to_sys_sle_bentham2015	ret_avr	sys_sle_bentham2015	7	7	4	78.0617353595258	40.061303724358524	IVW_random_effects	1.4003424820084	1.3874235370284371	-1.3189576818704358	4.119642645887236	4.0565890377260985	0.31282528362594597	0.9821744431820366	0.31282528362594597	45.07528646846597	8.91801521518687e-10	0.0936614911425379	0.028110958999806233	False	1.0779522221510565e-21	0.004753370525677847	0.025302237460936988	COMPUTED_NO_OUTLIER	COMPUTED	-1.6231085518461699	-1.0940353947732238	0.7161701730505997	8.150702425932572e-07	0.0008868371194775054	7	7	4	EAF_MISMATCH_REMOVALS	NULL	False	True	binary traits use effective N=4/(1/cases+1/controls); r2 uses 2*p*(1-p)*beta^2; reference EAF fallback when source EAF missing	0.7681589653595633	2.4838017588941046	ret_avr__sys_sle_bentham2015
ret_avr	microvasculature	sys_sle_bentham2015	sys_sle_bentham2015_to_ret_avr	sys_sle_bentham2015	ret_avr	43	39	7	96.61952184324993	29.960511751951863	IVW_random_effects	0.01368815287606309	0.01873635594186015	-0.02303442997150483	0.050410735723631014	NA	0.46504401645946036	0.9821744431820366	0.46504401645946036	30.098610145394645	3.764741059342214e-05	-0.007057571727329249	0.38345927805890534	True	0.0	0.32140268558947466	0.001243415474684117	COMPUTED_NO_OUTLIER	COMPUTED	0.00013630034059638652	-0.0007163104628514216	0.006817213506737694	0.9845773443915617	0.9190822027515823	43	39	7	MISSING_OUTCOME_VARIANTS;EAF_MISMATCH_REMOVALS	NULL	True	False	binary traits use effective N=4/(1/cases+1/controls); r2 uses 2*p*(1-p)*beta^2; reference EAF fallback when source EAF missing	-0.0028794940853289876	0.0245108250106345	ret_avr__sys_sle_bentham2015
ret_avr	microvasculature	sys_ibd_delange2017	ret_avr_to_sys_ibd_delange2017	ret_avr	sys_ibd_delange2017	7	7	4	78.0617353595258	40.061303724358524	IVW_random_effects	-0.5732890339229868	0.3560460533136447	-1.2711264752553393	0.12454840740936557	0.563668461851291	0.10736420585766741	0.9821744431820366	0.10736420585766741	16.891141705020353	0.0007441244180890205	-0.022562699091851907	0.09327466786507252	True	0.13167009701378354	0.004753370525677847	0.003643879072787161	COMPUTED_NO_OUTLIER	COMPUTED	-0.48981696313482864	-0.5076178132501425	-0.6954688329219211	0.00034235072622563085	0.00020637237646065076	7	7	4	EAF_MISMATCH_REMOVALS	NULL	False	True	binary traits use effective N=4/(1/cases+1/controls); r2 uses 2*p*(1-p)*beta^2; reference EAF fallback when source EAF missing	-0.8594932728138752	-0.26734244055261697	ret_avr__sys_ibd_delange2017
ret_avr	microvasculature	sys_ibd_delange2017	sys_ibd_delange2017_to_ret_avr	sys_ibd_delange2017	ret_avr	117	108	94	70.31409626292229	29.86149172298345	IVW_random_effects	0.0009204711595575371	0.007524783402904929	-0.01382783330160047	0.015668775620715544	NA	0.902641419912703	0.9821744431820366	0.902641419912703	167.2008467765938	3.7531775928245636e-06	0.0023919552897188456	0.012349714391621492	NA	NA	NA	NA	COMPUTED_NO_OUTLIER	COMPUTED	0.0011054895302773063	-0.0030100732017978027	-0.0017652637000492954	0.8315312199962228	0.5624189419646883	117	108	94	MISSING_OUTCOME_VARIANTS;PALINDROMIC_REMOVALS;EAF_MISMATCH_REMOVALS	NULL	True	False	binary traits use effective N=4/(1/cases+1/controls); r2 uses 2*p*(1-p)*beta^2; reference EAF fallback when source EAF missing	-0.0005785497912941987	0.003260967706332924	ret_avr__sys_ibd_delange2017
ret_art_density	microvasculature	sys_cad_nikpay2015	ret_art_density_to_sys_cad_nikpay2015	ret_art_density	sys_cad_nikpay2015	12	12	2	72.17292329518072	29.841533695832634	IVW_random_effects	-0.06420307473440152	0.5218192873635596	-1.0869500844053073	0.9585439349365041	0.9378145337546305	0.9020778062533348	0.9821744431820366	0.9020778062533348	4.7890554408756625	0.02864112877588565	NA	NA	True	0.0028376157565187196	0.0008332909607378679	0.00023300273088900319	NOT_ELIGIBLE_LT4_IV	NOT_RUN_TWO_IV	NA	NA	NA	NA	NA	12	12	2	LOW_INSTRUMENT_COUNT;PALINDROMIC_REMOVALS;EAF_MISMATCH_REMOVALS	NULL	False	True	binary traits use effective N=4/(1/cases+1/controls); r2 uses 2*p*(1-p)*beta^2; reference EAF fallback when source EAF missing	NA	NA	ret_art_density__sys_cad_nikpay2015
ret_art_density	microvasculature	sys_cad_nikpay2015	sys_cad_nikpay2015_to_ret_art_density	sys_cad_nikpay2015	ret_art_density	41	37	7	60.60758220316102	29.88157247129896	IVW_random_effects	0.018679326550611136	0.024575627750959308	-0.029488018738730873	0.06684667183995315	NA	0.4472096023646782	0.9821744431820366	0.4472096023646782	8.688264950405294	0.1918836745285637	-0.0007627116088950051	0.773582398599655	True	0.0	0.03669030338764115	0.00010386022436675887	COMPUTED_NO_OUTLIER	COMPUTED	-0.013350499738884495	-0.003183283474841425	0.0051816162553502505	0.4378995299572477	0.8532540649643834	41	37	7	MISSING_OUTCOME_VARIANTS;PALINDROMIC_REMOVALS;EAF_MISMATCH_REMOVALS	NULL	True	False	binary traits use effective N=4/(1/cases+1/controls); r2 uses 2*p*(1-p)*beta^2; reference EAF fallback when source EAF missing	0.003738153460748069	0.0375553577883804	ret_art_density__sys_cad_nikpay2015
ret_art_density	microvasculature	sys_stroke_megastroke2018	ret_art_density_to_sys_stroke_megastroke2018	ret_art_density	sys_stroke_megastroke2018	12	12	2	72.17292329518072	29.841533695832634	IVW_random_effects	0.1544580016192348	0.24640374280777605	-0.3284844599398633	0.637400463178333	1.167025263856849	0.5307580559175435	0.9821744431820366	0.5307580559175435	0.0019452390824047563	0.9648208151605815	NA	NA	True	2.789369826451538e-07	0.0008332909607378679	1.9950258145261996e-05	NOT_ELIGIBLE_LT4_IV	NOT_RUN_TWO_IV	NA	NA	NA	NA	NA	12	12	2	LOW_INSTRUMENT_COUNT;PALINDROMIC_REMOVALS;EAF_MISMATCH_REMOVALS	NULL	False	True	binary traits use effective N=4/(1/cases+1/controls); r2 uses 2*p*(1-p)*beta^2; reference EAF fallback when source EAF missing	NA	NA	ret_art_density__sys_stroke_megastroke2018
ret_art_density	microvasculature	sys_stroke_megastroke2018	sys_stroke_megastroke2018_to_ret_art_density	sys_stroke_megastroke2018	ret_art_density	10	9	3	39.985710087874416	30.39364839319471	IVW_random_effects	-0.00019743478728242422	0.05415121314660487	-0.10633186227377694	0.10593699269921208	NA	0.9970909272319022	0.9970909272319022	0.9970909272319022	4.137307754085813	0.12635575766125207	-0.0018877173908512636	0.7476763849834616	True	6.890633275524718e-68	0.008012141894466201	4.940453051714895e-05	NOT_ELIGIBLE_LT4_IV	COMPUTED	-0.022679075738125803	-0.03771540858166117	-0.011897604242451969	0.5409898937464421	0.3093329851465828	10	9	3	MISSING_OUTCOME_VARIANTS;EAF_MISMATCH_REMOVALS	NULL	True	False	binary traits use effective N=4/(1/cases+1/controls); r2 uses 2*p*(1-p)*beta^2; reference EAF fallback when source EAF missing	-0.047416166380177836	0.04235736037575312	ret_art_density__sys_stroke_megastroke2018
ret_art_density	microvasculature	sys_t2d_scott2017	ret_art_density_to_sys_t2d_scott2017	ret_art_density	sys_t2d_scott2017	12	12	2	72.17292329518072	29.841533695832634	IVW_random_effects	-0.5323968610016088	0.5392109549139332	-1.5892309127023396	0.5244371906991221	0.5871958547820578	0.32346479346002555	0.9821744431820366	0.32346479346002555	3.109078722072828	0.07785698802507579	NA	NA	True	0.21707495597544146	0.0008332909607378679	0.0005102069773642218	NOT_ELIGIBLE_LT4_IV	NOT_RUN_TWO_IV	NA	NA	NA	NA	NA	12	12	2	LOW_INSTRUMENT_COUNT;PALINDROMIC_REMOVALS;EAF_MISMATCH_REMOVALS	NULL	False	True	binary traits use effective N=4/(1/cases+1/controls); r2 uses 2*p*(1-p)*beta^2; reference EAF fallback when source EAF missing	NA	NA	ret_art_density__sys_t2d_scott2017
ret_art_density	microvasculature	sys_t2d_scott2017	sys_t2d_scott2017_to_ret_art_density	sys_t2d_scott2017	ret_art_density	40	37	33	61.27339099856256	29.160000000000004	IVW_random_effects	0.012807744859078317	0.010726892094062461	-0.008216577311330969	0.0338320670294876	NA	0.23248395958710777	0.9821744431820366	0.23248395958710777	44.101132092537696	0.07542697569940282	0.0015788263909234746	0.15622744815471282	NA	NA	NA	NA	COMPUTED_NO_OUTLIER	COMPUTED	0.014728620689655173	0.014473189370144635	0.01395872108248374	0.08025816968343438	0.08564082928072218	40	37	33	MISSING_OUTCOME_VARIANTS;PALINDROMIC_REMOVALS	NULL	True	False	binary traits use effective N=4/(1/cases+1/controls); r2 uses 2*p*(1-p)*beta^2; reference EAF fallback when source EAF missing	0.00873020457891185	0.015770512277603066	ret_art_density__sys_t2d_scott2017
ret_art_density	microvasculature	sys_ckd_wuttke2019	ret_art_density_to_sys_ckd_wuttke2019	ret_art_density	sys_ckd_wuttke2019	12	12	2	72.17292329518072	29.841533695832634	IVW_random_effects	0.17068276034469387	0.23840209156953043	-0.29657675297059294	0.6379422736599807	1.1861144068039622	0.4740253756409628	0.9821744431820366	0.4740253756409628	0.9467707421752368	0.33054264145594425	NA	NA	True	9.886031040434522e-06	0.0008332909607378679	7.217380258791003e-05	NOT_ELIGIBLE_LT4_IV	NOT_RUN_TWO_IV	NA	NA	NA	NA	NA	12	12	2	LOW_INSTRUMENT_COUNT;PALINDROMIC_REMOVALS;EAF_MISMATCH_REMOVALS	NULL	False	True	binary traits use effective N=4/(1/cases+1/controls); r2 uses 2*p*(1-p)*beta^2; reference EAF fallback when source EAF missing	NA	NA	ret_art_density__sys_ckd_wuttke2019
ret_art_density	microvasculature	sys_ckd_wuttke2019	sys_ckd_wuttke2019_to_ret_art_density	sys_ckd_wuttke2019	ret_art_density	23	21	7	60.757203317463535	29.56640625000001	IVW_random_effects	0.012918666291444881	0.035852169107160756	-0.05735029392622781	0.08318762650911757	NA	0.7185992368943139	0.9821744431820366	0.7185992368943139	10.31591255026848	0.11196328587642979	-0.0014273795509831206	0.627021179447006	True	2.578058788410952e-131	0.015078155582000003	0.00012065239986555475	COMPUTED_NO_OUTLIER	COMPUTED	0.04794702842377262	0.044252877677380065	0.0021915888580384545	0.07500999246411687	0.10033547960158945	23	21	7	MISSING_OUTCOME_VARIANTS;PALINDROMIC_REMOVALS;EAF_MISMATCH_REMOVALS	NULL	True	False	binary traits use effective N=4/(1/cases+1/controls); r2 uses 2*p*(1-p)*beta^2; reference EAF fallback when source EAF missing	-0.0023311583492289017	0.04068257722353511	ret_art_density__sys_ckd_wuttke2019
ret_art_density	microvasculature	sys_ad_kunkle2019	ret_art_density_to_sys_ad_kunkle2019	ret_art_density	sys_ad_kunkle2019	12	12	2	72.17292329518072	29.841533695832634	IVW_random_effects	1.0071923543120889	1.0692441403987465	-1.0884876515498858	3.1028723601740635	2.7379031516595838	0.3462096986811338	0.9821744431820366	0.3462096986811338	7.479822365685328	0.006239422698104513	NA	NA	False	0.0071681263834280995	0.0008332909607378679	0.0019407619163332797	NOT_ELIGIBLE_LT4_IV	NOT_RUN_TWO_IV	NA	NA	NA	NA	NA	12	12	2	LOW_INSTRUMENT_COUNT;PALINDROMIC_REMOVALS;EAF_MISMATCH_REMOVALS	NULL	False	True	binary traits use effective N=4/(1/cases+1/controls); r2 uses 2*p*(1-p)*beta^2; reference EAF fallback when source EAF missing	NA	NA	ret_art_density__sys_ad_kunkle2019
ret_art_density	microvasculature	sys_ad_kunkle2019	sys_ad_kunkle2019_to_ret_art_density	sys_ad_kunkle2019	ret_art_density	19	18	7	194.99015118294395	30.46466520492495	IVW_random_effects	-0.0029805473566468315	0.01353802581158968	-0.029514590369135507	0.023553495655841847	NA	0.8257456506455768	0.9821744431820366	0.8257456506455768	8.104257531059345	0.23056423659049807	-0.0029562636410125826	0.20641696541306442	True	0.0	0.2595127203868696	0.00010580156089541593	COMPUTED_NO_OUTLIER	COMPUTED	0.010943748057598674	0.010014006067090742	0.0062520337326153735	0.08901939456759472	0.11968030324483499	19	18	7	MISSING_OUTCOME_VARIANTS;EAF_MISMATCH_REMOVALS	NULL	True	False	binary traits use effective N=4/(1/cases+1/controls); r2 uses 2*p*(1-p)*beta^2; reference EAF fallback when source EAF missing	-0.016471707508727344	0.009766488557815598	ret_art_density__sys_ad_kunkle2019
ret_art_density	microvasculature	sys_pd_nalls2019_clinical	ret_art_density_to_sys_pd_nalls2019_clinical	ret_art_density	sys_pd_nalls2019_clinical	12	12	2	72.17292329518072	29.841533695832634	IVW_random_effects	0.5007317234950207	1.0216368417357735	-1.5016396915862873	2.503103138576329	1.6499281202768874	0.62404408650425	0.9821744431820366	0.62404408650425	2.5833194049408092	0.1079949781830406	NA	NA	False	0.5080442267324006	0.0008332909607378679	0.001128358099686894	NOT_ELIGIBLE_LT4_IV	NOT_RUN_TWO_IV	NA	NA	NA	NA	NA	12	12	2	LOW_INSTRUMENT_COUNT;PALINDROMIC_REMOVALS;EAF_MISMATCH_REMOVALS	NULL	False	True	binary traits use effective N=4/(1/cases+1/controls); r2 uses 2*p*(1-p)*beta^2; reference EAF fallback when source EAF missing	NA	NA	ret_art_density__sys_pd_nalls2019_clinical
ret_art_density	microvasculature	sys_pd_nalls2019_clinical	sys_pd_nalls2019_clinical_to_ret_art_density	sys_pd_nalls2019_clinical	ret_art_density	15	15	5	50.47042387505873	30.052886259040108	IVW_random_effects	-0.02057666598633107	0.02011016588831341	-0.05999186685055022	0.018838534877888075	NA	0.3062146034327171	0.9821744431820366	0.3062146034327171	4.875306986166212	0.30033271209083123	0.003050977392305878	0.2037197497883787	True	6.005154696301306e-137	0.03393042431910239	7.002186805615861e-05	COMPUTED_NO_OUTLIER	COMPUTED	-0.04443055555555556	-0.04521736857942839	-0.027259371039647515	0.014462039439653762	0.012814414537503073	15	15	5	EAF_MISMATCH_REMOVALS	NULL	True	False	binary traits use effective N=4/(1/cases+1/controls); r2 uses 2*p*(1-p)*beta^2; reference EAF fallback when source EAF missing	-0.04031306386559974	-0.00993689465354019	ret_art_density__sys_pd_nalls2019_clinical
ret_art_density	microvasculature	sys_sle_bentham2015	ret_art_density_to_sys_sle_bentham2015	ret_art_density	sys_sle_bentham2015	12	12	2	72.17292329518072	29.841533695832634	IVW_random_effects	-0.22119526778509063	0.6936223918025378	-1.5806701745885576	1.1382796390183765	0.8015601461333013	0.7498033424477064	0.9821744431820366	0.7498033424477064	1.2844847822325385	0.25706682829737804	NA	NA	True	0.5119143148283144	0.0008332909607378679	0.0005124827081852695	NOT_ELIGIBLE_LT4_IV	NOT_RUN_TWO_IV	NA	NA	NA	NA	NA	12	12	2	LOW_INSTRUMENT_COUNT;PALINDROMIC_REMOVALS;EAF_MISMATCH_REMOVALS	NULL	False	True	binary traits use effective N=4/(1/cases+1/controls); r2 uses 2*p*(1-p)*beta^2; reference EAF fallback when source EAF missing	NA	NA	ret_art_density__sys_sle_bentham2015
ret_art_density	microvasculature	sys_sle_bentham2015	sys_sle_bentham2015_to_ret_art_density	sys_sle_bentham2015	ret_art_density	43	39	7	96.61952184324993	29.960511751951863	IVW_random_effects	0.003730771501926406	0.005783674921899677	-0.00760502304328416	0.015066566047136971	NA	0.5188934404751562	0.9821744431820366	0.5188934404751562	0.5401292727398157	0.9973153414851419	0.000645087904634734	0.2161266680520333	True	0.0	0.32140268558947466	1.017633482304622e-05	COMPUTED_NO_OUTLIER	COMPUTED	0.0023263760705573783	0.0042058710865859675	0.004093953533558426	0.6875136832981372	0.46710528008503627	43	39	7	MISSING_OUTCOME_VARIANTS;EAF_MISMATCH_REMOVALS	NULL	True	False	binary traits use effective N=4/(1/cases+1/controls); r2 uses 2*p*(1-p)*beta^2; reference EAF fallback when source EAF missing	0.003159001179311633	0.005048354944072339	ret_art_density__sys_sle_bentham2015
ret_art_density	microvasculature	sys_ibd_delange2017	ret_art_density_to_sys_ibd_delange2017	ret_art_density	sys_ibd_delange2017	12	12	2	72.17292329518072	29.841533695832634	IVW_random_effects	-0.06025774215038878	1.389988774078819	-2.784585678259781	2.6640701939590037	0.941521832446703	0.9654215429857754	0.9821744431820366	0.9654215429857754	16.346272799070697	5.275982120900302e-05	NA	NA	False	0.046963375326433944	0.0008332909607378679	0.0016044650826356399	NOT_ELIGIBLE_LT4_IV	NOT_RUN_TWO_IV	NA	NA	NA	NA	NA	12	12	2	LOW_INSTRUMENT_COUNT;PALINDROMIC_REMOVALS;EAF_MISMATCH_REMOVALS	NULL	False	True	binary traits use effective N=4/(1/cases+1/controls); r2 uses 2*p*(1-p)*beta^2; reference EAF fallback when source EAF missing	NA	NA	ret_art_density__sys_ibd_delange2017
ret_art_density	microvasculature	sys_ibd_delange2017	sys_ibd_delange2017_to_ret_art_density	sys_ibd_delange2017	ret_art_density	117	108	94	70.31409626292229	29.86149172298345	IVW_random_effects	-0.005699118384447148	0.004968293631922891	-0.015436794967635448	0.0040385581987411505	NA	0.25134122885220356	0.9821744431820366	0.25134122885220356	109.9300207948025	0.1109754384639513	-0.0003365967815380282	0.5864898945833867	NA	NA	NA	NA	COMPUTED_NO_OUTLIER	COMPUTED	0.001376477629806973	-0.002982408862190644	-0.004947180501246737	0.7507907246355829	0.49136714020752514	117	108	94	MISSING_OUTCOME_VARIANTS;PALINDROMIC_REMOVALS;EAF_MISMATCH_REMOVALS	NULL	True	False	binary traits use effective N=4/(1/cases+1/controls); r2 uses 2*p*(1-p)*beta^2; reference EAF fallback when source EAF missing	-0.006872848576933866	-0.004413493315168733	ret_art_density__sys_ibd_delange2017
ret_ven_density	microvasculature	sys_cad_nikpay2015	ret_ven_density_to_sys_cad_nikpay2015	ret_ven_density	sys_cad_nikpay2015	16	16	9	69.1729495329707	30.569870781974533	IVW_random_effects	-0.11604710205631374	0.10366457476699256	-0.31922593507227326	0.08713173095964574	0.8904332810711492	0.26294905835840976	0.9821744431820366	0.26294905835840976	6.672423597936951	0.5723522169224371	-0.0016423937299689072	0.641809880133309	True	1.7158310834660062e-23	0.004260742121384371	0.0003929646752533535	COMPUTED_NO_OUTLIER	COMPUTED	-0.074088998906223	-0.10725041201696639	-0.10191220419333621	0.47479487107244744	0.3008600672775473	16	16	9	EAF_MISMATCH_REMOVALS	NULL	False	True	binary traits use effective N=4/(1/cases+1/controls); r2 uses 2*p*(1-p)*beta^2; reference EAF fallback when source EAF missing	-0.18156063572022985	-0.07443477644588659	ret_ven_density__sys_cad_nikpay2015
ret_ven_density	microvasculature	sys_cad_nikpay2015	sys_cad_nikpay2015_to_ret_ven_density	sys_cad_nikpay2015	ret_ven_density	41	37	7	60.60758220316102	29.88157247129896	IVW_random_effects	0.01132300975548429	0.029984054192015285	-0.047444656571361286	0.07009067608232987	NA	0.7057022200921779	0.9821744431820366	0.7057022200921779	11.040982808291172	0.08711803750503322	-0.0025075449632734025	0.4025368729049734	True	0.0	0.03669030338764115	0.0001506857911950521	COMPUTED_NO_OUTLIER	COMPUTED	0.015501988097269406	0.00969857613836217	0.0030801137435892546	0.3917440949272517	0.5920760529570837	41	37	7	MISSING_OUTCOME_VARIANTS;PALINDROMIC_REMOVALS;EAF_MISMATCH_REMOVALS	NULL	True	False	binary traits use effective N=4/(1/cases+1/controls); r2 uses 2*p*(1-p)*beta^2; reference EAF fallback when source EAF missing	-0.0015168608641132762	0.02687932109583358	ret_ven_density__sys_cad_nikpay2015
ret_ven_density	microvasculature	sys_stroke_megastroke2018	ret_ven_density_to_sys_stroke_megastroke2018	ret_ven_density	sys_stroke_megastroke2018	16	16	9	69.1729495329707	30.569870781974533	IVW_random_effects	-0.2011447104561504	0.11101661815572096	-0.41873328372679297	0.01644386281449217	0.8177940796363846	0.07001041989173551	0.9821744431820366	0.07001041989173551	4.542613372093909	0.8051547865029951	-0.00513341325783904	0.03425476551894106	True	4.136801172615344e-21	0.004260742121384371	0.00042287302674268	COMPUTED_NO_OUTLIER	COMPUTED	-0.140995219918154	-0.10024080163508375	-0.15761329355347967	0.2040714275283464	0.36656033852624803	16	16	9	EAF_MISMATCH_REMOVALS	NULL	False	True	binary traits use effective N=4/(1/cases+1/controls); r2 uses 2*p*(1-p)*beta^2; reference EAF fallback when source EAF missing	-0.23426339096278165	-0.1456751260381158	ret_ven_density__sys_stroke_megastroke2018
ret_ven_density	microvasculature	sys_stroke_megastroke2018	sys_stroke_megastroke2018_to_ret_ven_density	sys_stroke_megastroke2018	ret_ven_density	10	9	3	39.985710087874416	30.39364839319471	IVW_random_effects	-0.07531440752449323	0.057797510784838156	-0.18859544705883824	0.0379666320098518	NA	0.1925496528897208	0.9821744431820366	0.1925496528897208	4.211080278905537	0.12177987838433468	-0.006499796016904018	2.965683270901264e-10	True	1.2808699853898722e-62	0.008012141894466201	0.00010809718641415717	NOT_ELIGIBLE_LT4_IV	COMPUTED	-0.046884165781083946	-0.0534790295774194	-0.10162260862424258	0.2348789675025399	0.175425311989155	10	9	3	MISSING_OUTCOME_VARIANTS;EAF_MISMATCH_REMOVALS	NULL	True	False	binary traits use effective N=4/(1/cases+1/controls); r2 uses 2*p*(1-p)*beta^2; reference EAF fallback when source EAF missing	-0.11322615966122673	-0.02196707626845517	ret_ven_density__sys_stroke_megastroke2018
ret_ven_density	microvasculature	sys_t2d_scott2017	ret_ven_density_to_sys_t2d_scott2017	ret_ven_density	sys_t2d_scott2017	16	16	9	69.1729495329707	30.569870781974533	IVW_random_effects	-0.312111215923384	0.18346168027816248	-0.6716895018117749	0.047467069965006936	0.731900124753516	0.08889908875520511	0.9821744431820366	0.08889908875520511	14.041217285366049	0.08069740871207032	-0.001965078263198869	0.7717396487872867	True	8.533368107220779e-07	0.004260742121384371	0.0016230507829538081	COMPUTED_NO_OUTLIER	COMPUTED	-0.2440567657958962	-0.3915436234033698	-0.3159506442490067	0.07537993031011248	0.00433490382129301	16	16	9	EAF_MISMATCH_REMOVALS	NULL	False	True	binary traits use effective N=4/(1/cases+1/controls); r2 uses 2*p*(1-p)*beta^2; reference EAF fallback when source EAF missing	-0.4340793530594959	-0.23164297355071467	ret_ven_density__sys_t2d_scott2017
ret_ven_density	microvasculature	sys_t2d_scott2017	sys_t2d_scott2017_to_ret_ven_density	sys_t2d_scott2017	ret_ven_density	40	37	33	61.27339099856256	29.160000000000004	IVW_random_effects	0.008685444173602156	0.011103419204589593	-0.013076857572643224	0.030447745919847537	NA	0.43407853990162637	0.9821744431820366	0.43407853990162637	43.036528900061526	0.09207376006465684	0.0005995466395339806	0.6199994529929822	NA	NA	NA	NA	COMPUTED_NO_OUTLIER	COMPUTED	0.003085034482758621	0.003273305817423744	0.009221360685541063	0.7269659817000256	0.7110302146249621	40	37	33	MISSING_OUTCOME_VARIANTS;PALINDROMIC_REMOVALS	NULL	True	False	binary traits use effective N=4/(1/cases+1/controls); r2 uses 2*p*(1-p)*beta^2; reference EAF fallback when source EAF missing	0.0036445349469840615	0.011776957222235453	ret_ven_density__sys_t2d_scott2017
ret_ven_density	microvasculature	sys_ckd_wuttke2019	ret_ven_density_to_sys_ckd_wuttke2019	ret_ven_density	sys_ckd_wuttke2019	16	16	9	69.1729495329707	30.569870781974533	IVW_random_effects	0.011380715959513702	0.14411425626583568	-0.2710780359802923	0.29383946789931964	1.0114457226810085	0.9370564125174025	0.9821744431820366	0.9370564125174025	15.104307575207162	0.05714871722216375	-0.0032424425734228525	0.5323615915038278	True	9.129543964316983e-17	0.004260742121384371	0.000729940089446526	COMPUTED_NO_OUTLIER	COMPUTED	-0.09253751074096106	-0.15708338628837248	0.059698233321832356	0.3733979628814702	0.13078870756276456	16	16	9	EAF_MISMATCH_REMOVALS	NULL	False	True	binary traits use effective N=4/(1/cases+1/controls); r2 uses 2*p*(1-p)*beta^2; reference EAF fallback when source EAF missing	-0.06551398486613826	0.07304869128551521	ret_ven_density__sys_ckd_wuttke2019
ret_ven_density	microvasculature	sys_ckd_wuttke2019	sys_ckd_wuttke2019_to_ret_ven_density	sys_ckd_wuttke2019	ret_ven_density	23	21	7	60.757203317463535	29.56640625000001	IVW_random_effects	-0.01950250540373615	0.028102643858587226	-0.07458267523692133	0.03557766442944903	NA	0.4876984867666668	0.9821744431820366	0.4876984867666668	5.891403437235313	0.4354645652412449	-0.0009828149708760202	0.6689635899576807	True	2.3794140036418605e-136	0.015078155582000003	7.773194092410403e-05	COMPUTED_NO_OUTLIER	COMPUTED	-0.024064599483204135	-0.019869931605803137	-0.02472305942335496	0.39182584890383587	0.4795363512966464	23	21	7	MISSING_OUTCOME_VARIANTS;PALINDROMIC_REMOVALS;EAF_MISMATCH_REMOVALS	NULL	True	False	binary traits use effective N=4/(1/cases+1/controls); r2 uses 2*p*(1-p)*beta^2; reference EAF fallback when source EAF missing	-0.031941329949272006	-0.00011891078092208015	ret_ven_density__sys_ckd_wuttke2019
ret_ven_density	microvasculature	sys_ad_kunkle2019	ret_ven_density_to_sys_ad_kunkle2019	ret_ven_density	sys_ad_kunkle2019	16	16	9	69.1729495329707	30.569870781974533	IVW_random_effects	0.06732165819830263	0.18261502513874245	-0.29059721410949935	0.42524053050610455	1.0696394811542864	0.7123860533850557	0.9821744431820366	0.7123860533850557	10.301458313065023	0.2445017376317894	0.001104679740312764	0.8738734271823543	True	3.758550173836829e-08	0.004260742121384371	0.0011721810504925975	COMPUTED_NO_OUTLIER	COMPUTED	0.13550135501355015	0.18495340751205758	0.048046074911122144	0.39689057090147073	0.24752825024027914	16	16	9	EAF_MISMATCH_REMOVALS	NULL	False	True	binary traits use effective N=4/(1/cases+1/controls); r2 uses 2*p*(1-p)*beta^2; reference EAF fallback when source EAF missing	-0.028590336812838957	0.1825989396397097	ret_ven_density__sys_ad_kunkle2019
ret_ven_density	microvasculature	sys_ad_kunkle2019	sys_ad_kunkle2019_to_ret_ven_density	sys_ad_kunkle2019	ret_ven_density	19	18	7	194.99015118294395	30.46466520492495	IVW_random_effects	0.007441902035546253	0.006751237052315094	-0.0057902794380833246	0.02067408350917583	NA	0.27033040465662084	0.9821744431820366	0.27033040465662084	3.7947209268784343	0.7044329027568894	-0.001477961570382106	0.40148158385776256	True	0.0	0.2595127203868696	6.05662052483595e-05	COMPUTED_NO_OUTLIER	COMPUTED	0.010752097793432093	0.009951733249255024	0.00724810705403012	0.11124737125406478	0.1404652472996174	19	18	7	MISSING_OUTCOME_VARIANTS;EAF_MISMATCH_REMOVALS	NULL	True	False	binary traits use effective N=4/(1/cases+1/controls); r2 uses 2*p*(1-p)*beta^2; reference EAF fallback when source EAF missing	-0.011680628243936595	0.009398555649275801	ret_ven_density__sys_ad_kunkle2019
ret_ven_density	microvasculature	sys_pd_nalls2019_clinical	ret_ven_density_to_sys_pd_nalls2019_clinical	ret_ven_density	sys_pd_nalls2019_clinical	16	15	9	69.1729495329707	30.569870781974533	IVW_random_effects	0.22656781106557808	0.2482918809501969	-0.26007533325050125	0.7132109553816574	1.2542876615330179	0.3615024549809055	0.9821744431820366	0.3615024549809055	6.565174181605473	0.584187905900132	-0.0072490366363344	0.42713609713744305	True	0.022662961877319338	0.004260742121384371	0.002405410390029893	COMPUTED_NO_OUTLIER	COMPUTED	0.09786425651948649	0.08803945716110562	0.33694232345173386	0.6934702633678328	0.7229038933176755	16	15	9	MISSING_OUTCOME_VARIANTS;EAF_MISMATCH_REMOVALS	NULL	False	True	binary traits use effective N=4/(1/cases+1/controls); r2 uses 2*p*(1-p)*beta^2; reference EAF fallback when source EAF missing	0.12038238104178739	0.3628652884983979	ret_ven_density__sys_pd_nalls2019_clinical
ret_ven_density	microvasculature	sys_pd_nalls2019_clinical	sys_pd_nalls2019_clinical_to_ret_ven_density	sys_pd_nalls2019_clinical	ret_ven_density	15	15	5	50.47042387505873	30.052886259040108	IVW_random_effects	-0.02747695652698917	0.02424171968890123	-0.0749898540405498	0.02003594098657145	NA	0.2570222218178744	0.9821744431820366	0.2570222218178744	6.3323668271509135	0.17566385140347385	0.0038425838206438234	0.17367772448444196	True	3.471899645245264e-134	0.03393042431910239	0.00010400751907432956	COMPUTED_NO_OUTLIER	COMPUTED	-0.04361195445920303	-0.05101992470444988	-0.03462096627798016	0.023043770072331705	0.00784305107752189	15	15	5	EAF_MISMATCH_REMOVALS	NULL	True	False	binary traits use effective N=4/(1/cases+1/controls); r2 uses 2*p*(1-p)*beta^2; reference EAF fallback when source EAF missing	-0.05227708691706282	-0.014835549147504007	ret_ven_density__sys_pd_nalls2019_clinical
ret_ven_density	microvasculature	sys_sle_bentham2015	ret_ven_density_to_sys_sle_bentham2015	ret_ven_density	sys_sle_bentham2015	16	15	8	69.1729495329707	30.569870781974533	IVW_random_effects	0.053983808190077844	0.28219449267507474	-0.49910723408860547	0.6070748504687612	1.0554675120873862	0.8482905562565229	0.9821744431820366	0.8482905562565229	2.73445748409826	0.9084329982066637	0.013159621405615694	0.005452528467763657	True	0.0015680021144954832	0.0038800952006574577	0.0010440869420761825	COMPUTED_NO_OUTLIER	COMPUTED	0.2705994952613406	0.25635972825748876	-0.0867149293166667	0.33760341837030106	0.36364025455042215	16	15	8	MISSING_OUTCOME_VARIANTS;EAF_MISMATCH_REMOVALS	NULL	False	True	binary traits use effective N=4/(1/cases+1/controls); r2 uses 2*p*(1-p)*beta^2; reference EAF fallback when source EAF missing	-0.01937100573308265	0.1587211021140558	ret_ven_density__sys_sle_bentham2015
ret_ven_density	microvasculature	sys_sle_bentham2015	sys_sle_bentham2015_to_ret_ven_density	sys_sle_bentham2015	ret_ven_density	43	39	7	96.61952184324993	29.960511751951863	IVW_random_effects	0.0005186806648964928	0.010799295616334565	-0.02064754980151996	0.021684911131312944	NA	0.9616930349898869	0.9821744431820366	0.9616930349898869	13.617370136131694	0.03421496715180472	0.0021181673264236436	0.5195090040062964	True	0.0	0.32140268558947466	0.000189026926235811	COMPUTED_NO_OUTLIER	COMPUTED	-0.003520251562605292	-0.0010889406115674738	-0.0003504858336833081	0.5654877249519455	0.858897030396079	43	39	7	MISSING_OUTCOME_VARIANTS;EAF_MISMATCH_REMOVALS	NULL	True	False	binary traits use effective N=4/(1/cases+1/controls); r2 uses 2*p*(1-p)*beta^2; reference EAF fallback when source EAF missing	-0.005018889412096136	0.0042648839110559335	ret_ven_density__sys_sle_bentham2015
ret_ven_density	microvasculature	sys_ibd_delange2017	ret_ven_density_to_sys_ibd_delange2017	ret_ven_density	sys_ibd_delange2017	16	16	9	69.1729495329707	30.569870781974533	IVW_random_effects	-0.1042260487933174	0.16443110991234205	-0.42650510215944604	0.21805300457281127	0.9010215995539115	0.5261732024582422	0.9821744431820366	0.5261732024582422	11.229667760676813	0.18902240074915833	0.00886509304796968	0.11382487378599236	True	1.3060075279189994e-08	0.004260742121384371	0.0011086411895280983	COMPUTED_NO_OUTLIER	COMPUTED	-0.03022278510160612	0.002416608468310155	-0.22447379047196375	0.8262589679931313	0.9859967709201599	16	16	9	EAF_MISMATCH_REMOVALS	NULL	False	True	binary traits use effective N=4/(1/cases+1/controls); r2 uses 2*p*(1-p)*beta^2; reference EAF fallback when source EAF missing	-0.16791745121299162	0.019658704306735615	ret_ven_density__sys_ibd_delange2017
ret_ven_density	microvasculature	sys_ibd_delange2017	sys_ibd_delange2017_to_ret_ven_density	sys_ibd_delange2017	ret_ven_density	117	108	94	70.31409626292229	29.86149172298345	IVW_random_effects	-0.00042268510287438453	0.005618583042154071	-0.011434905509643553	0.010589535303894783	NA	0.9400318427909867	0.9821744431820366	0.9400318427909867	123.81447255884339	0.01800128333778317	-0.0009429632489598684	0.1694200290338217	NA	NA	NA	NA	COMPUTED_NO_OUTLIER	COMPUTED	-0.004504189735148885	-0.001851966111454606	-0.0013957481647195991	0.3227778758609773	0.6843414778133934	117	108	94	MISSING_OUTCOME_VARIANTS;PALINDROMIC_REMOVALS;EAF_MISMATCH_REMOVALS	NULL	True	False	binary traits use effective N=4/(1/cases+1/controls); r2 uses 2*p*(1-p)*beta^2; reference EAF fallback when source EAF missing	-0.001829149113343182	0.0013987320890360762	ret_ven_density__sys_ibd_delange2017
